"postID","reposterID","reposterHandle","authorHandle"
"at://did:plc:w7au2nx6h6dmitskrbprkqd4/app.bsky.feed.post/3mimwgf6luc2p","did:plc:s5g6gswqdf7vnz4s7vgkb6xh","irmasemail.bsky.social","barbie68.bsky.social"
"at://did:plc:ej5q2cuo4sirp7fjojwyxwzd/app.bsky.feed.post/3mimw5senmc2r","did:plc:lqshwl5b7qexl56dxves53go","pageafterpagelife.bsky.social","rosalie907.bsky.social"
"at://did:plc:cpulajqyjngodbnqug45tkhi/app.bsky.feed.post/3mimvewcvhc2y","did:plc:ak5yba45ugtb4s4oiz6ck26l","missohma.bsky.social","jonpark55.bsky.social"
"at://did:plc:u4zpayhf7kfwk4yfhpbe4hpy/app.bsky.feed.post/3mimu3kjzm22o","did:plc:eys36gcel57blchseedkf6d3","lairdoverbrook.bsky.social","m31author.bsky.social"
"at://did:plc:y77izru2kb4rv4y3hdutomul/app.bsky.feed.post/3mimrw2dybc26","did:plc:sagrajwqt5vvrtjpiw2hf77h","pcoordinator.bsky.social","amstermom.bsky.social"
"at://did:plc:y77izru2kb4rv4y3hdutomul/app.bsky.feed.post/3mimrw2dybc26","did:plc:oo5ei42hoid2qlicz26hfbdu","fdrgoat.bsky.social","amstermom.bsky.social"
"at://did:plc:y77izru2kb4rv4y3hdutomul/app.bsky.feed.post/3mimrw2dybc26","did:plc:3wv63wprlm4c5jx35evusj72","happilyblue.bsky.social","amstermom.bsky.social"
"at://did:plc:y77izru2kb4rv4y3hdutomul/app.bsky.feed.post/3mimrw2dybc26","did:plc:3a4bzvkxsi524wmfkn6faxkx","dhfrost.bsky.social","amstermom.bsky.social"
"at://did:plc:t4x2ruk2qmob2b2cx55h4v7r/app.bsky.feed.post/3mimqwakphs2q","did:plc:zzpoc4lndep767s4hfzog62s","suzannemichelle.bsky.social","annabower.bsky.social"
"at://did:plc:t4x2ruk2qmob2b2cx55h4v7r/app.bsky.feed.post/3mimqwakphs2q","did:plc:zyq2demh4lorbatgbrsrl3ki","grudgie.bsky.social","annabower.bsky.social"
"at://did:plc:t4x2ruk2qmob2b2cx55h4v7r/app.bsky.feed.post/3mimqwakphs2q","did:plc:zxqi7pmnxypbvjxx6qacfzqz","drtwillett.medsky.social","annabower.bsky.social"
"at://did:plc:t4x2ruk2qmob2b2cx55h4v7r/app.bsky.feed.post/3mimqwakphs2q","did:plc:zx75nckngnsfpkadbxqb6s2w","edyieeiyde.bsky.social","annabower.bsky.social"
"at://did:plc:t4x2ruk2qmob2b2cx55h4v7r/app.bsky.feed.post/3mimqwakphs2q","did:plc:zvetpihfcncj3zlt6j6jpvha","chrish123.bsky.social","annabower.bsky.social"
"at://did:plc:t4x2ruk2qmob2b2cx55h4v7r/app.bsky.feed.post/3mimqwakphs2q","did:plc:zr4rfu7nyqlibueul6hyqp5v","granuailynn.bsky.social","annabower.bsky.social"
"at://did:plc:t4x2ruk2qmob2b2cx55h4v7r/app.bsky.feed.post/3mimqwakphs2q","did:plc:zpma55jr74feaqjihqtvm6kj","bluy24.bsky.social","annabower.bsky.social"
"at://did:plc:t4x2ruk2qmob2b2cx55h4v7r/app.bsky.feed.post/3mimqwakphs2q","did:plc:zo2k5aefvttktnykafw5gpgf","colossal-squid.bsky.social","annabower.bsky.social"
"at://did:plc:t4x2ruk2qmob2b2cx55h4v7r/app.bsky.feed.post/3mimqwakphs2q","did:plc:zlu74a6cnqk3zwp2jxaj2dp5","tinyflair.bsky.social","annabower.bsky.social"
"at://did:plc:t4x2ruk2qmob2b2cx55h4v7r/app.bsky.feed.post/3mimqwakphs2q","did:plc:zklsylg2jvcqtcsmuhv4223a","janeinspain77.bsky.social","annabower.bsky.social"
"at://did:plc:t4x2ruk2qmob2b2cx55h4v7r/app.bsky.feed.post/3mimqwakphs2q","did:plc:zkaqaduuhizra4p3fij32wyv","416sunshine.bsky.social","annabower.bsky.social"
"at://did:plc:t4x2ruk2qmob2b2cx55h4v7r/app.bsky.feed.post/3mimqwakphs2q","did:plc:zenticvz3ihlt4jegw7evoyy","hmkinsella.bsky.social","annabower.bsky.social"
"at://did:plc:t4x2ruk2qmob2b2cx55h4v7r/app.bsky.feed.post/3mimqwakphs2q","did:plc:zenpy3bs5nfjk5zuyx2tq2oz","teakeym.bsky.social","annabower.bsky.social"
"at://did:plc:t4x2ruk2qmob2b2cx55h4v7r/app.bsky.feed.post/3mimqwakphs2q","did:plc:zds3tbzpkuvmaknd2vqzfipn","ciaojude.bsky.social","annabower.bsky.social"
"at://did:plc:t4x2ruk2qmob2b2cx55h4v7r/app.bsky.feed.post/3mimqwakphs2q","did:plc:zbbrwn35ddp7vteciydboqvl","vasme.bsky.social","annabower.bsky.social"
"at://did:plc:t4x2ruk2qmob2b2cx55h4v7r/app.bsky.feed.post/3mimqwakphs2q","did:plc:zato3lcmiwbppmoxwwdvq3bc","kswenger.bsky.social","annabower.bsky.social"
"at://did:plc:t4x2ruk2qmob2b2cx55h4v7r/app.bsky.feed.post/3mimqwakphs2q","did:plc:z7pstftwggtexkyhkm7vpe54","bruce-woodrow.bsky.social","annabower.bsky.social"
"at://did:plc:t4x2ruk2qmob2b2cx55h4v7r/app.bsky.feed.post/3mimqwakphs2q","did:plc:yyxv6utxvmwyf22afj3fma56","gibbie.bsky.social","annabower.bsky.social"
"at://did:plc:t4x2ruk2qmob2b2cx55h4v7r/app.bsky.feed.post/3mimqwakphs2q","did:plc:yw5bn64xcgqbawxod6gyrc3k","snowdog2112.bsky.social","annabower.bsky.social"
"at://did:plc:t4x2ruk2qmob2b2cx55h4v7r/app.bsky.feed.post/3mimqwakphs2q","did:plc:yr4xrb3jgxo5dhgqcijmpeg4","voteforkunce.bsky.social","annabower.bsky.social"
"at://did:plc:t4x2ruk2qmob2b2cx55h4v7r/app.bsky.feed.post/3mimqwakphs2q","did:plc:yqc5py36rr2jbp3iyejkgfhv","nrbrth.bsky.social","annabower.bsky.social"
"at://did:plc:t4x2ruk2qmob2b2cx55h4v7r/app.bsky.feed.post/3mimqwakphs2q","did:plc:ypyu2a4tlora5bgmz3frvkhm","hoosiernathaniel.bsky.social","annabower.bsky.social"
"at://did:plc:t4x2ruk2qmob2b2cx55h4v7r/app.bsky.feed.post/3mimqwakphs2q","did:plc:yomv4wwi322i5z4bgtprgvh3","kaiappalachian.bsky.social","annabower.bsky.social"
"at://did:plc:t4x2ruk2qmob2b2cx55h4v7r/app.bsky.feed.post/3mimqwakphs2q","did:plc:ykkmjias2o7ppp4emfmavvuh","mommabear819.bsky.social","annabower.bsky.social"
"at://did:plc:t4x2ruk2qmob2b2cx55h4v7r/app.bsky.feed.post/3mimqwakphs2q","did:plc:ygh3atb2dpyktxydrpgjjljo","chymeric-entr0py.bsky.social","annabower.bsky.social"
"at://did:plc:mresy7k5f2fixjnpxwmmwv5s/app.bsky.feed.post/3mimqtezxqk2h","did:plc:2ur5axzkyhjbbk5dl6des6mv","jolpolitico.bsky.social","mikeoloughlin.bsky.social"
"at://did:plc:tqilwzdiaj7evy3djd6spiau/app.bsky.feed.post/3mimqlbfuek2f","did:plc:7mpwyqkv2tdiho653oyczicd","drsepinwall.bsky.social","daylightsdnews.bsky.social"
"at://did:plc:tqilwzdiaj7evy3djd6spiau/app.bsky.feed.post/3mimqlbfuek2f","did:plc:6gm6ahsg27txsbvc75msddvt","k8tebuggy.bsky.social","daylightsdnews.bsky.social"
"at://did:plc:owyl5siz6ibqxwxls4szerlx/app.bsky.feed.post/3mimqckhqms2o","did:plc:qlme3bcmay7uwsx2zggboa3h","urquelldude.bsky.social","larryneufeldsk.bsky.social"
"at://did:plc:owyl5siz6ibqxwxls4szerlx/app.bsky.feed.post/3mimqckhqms2o","did:plc:bo44zl6v3qih2jpwwzwgzlib","oldhippy15.bsky.social","larryneufeldsk.bsky.social"
"at://did:plc:owyl5siz6ibqxwxls4szerlx/app.bsky.feed.post/3mimqckhqms2o","did:plc:2p7sqa6qmhcjzxyonaiwtwo4","robinedgar59.bsky.social","larryneufeldsk.bsky.social"
"at://did:plc:c5dflsxdiqtq6onkd4pi2mu3/app.bsky.feed.post/3mimprdmp722r","did:plc:ricfabws3np5r57gd6rcbr3s","publicradionerd.bsky.social","khuar.bsky.social"
"at://did:plc:c5dflsxdiqtq6onkd4pi2mu3/app.bsky.feed.post/3mimprdmp722r","did:plc:ecpaxm553okgh65ountlauen","jimlo-hi.bsky.social","khuar.bsky.social"
"at://did:plc:c5dflsxdiqtq6onkd4pi2mu3/app.bsky.feed.post/3mimprdmp722r","did:plc:74wbsyt6mhzf2wyqgrcefx34","ruthward.bsky.social","khuar.bsky.social"
"at://did:plc:c5dflsxdiqtq6onkd4pi2mu3/app.bsky.feed.post/3mimprdmp722r","did:plc:57cx2f7aqv5qyps7xk4op5s3","sutrwalthamforest.bsky.social","khuar.bsky.social"
"at://did:plc:rlqeiiyrxigl6cxc7pcplc5v/app.bsky.feed.post/3mimpleeijc26","did:plc:zgi6lxezdt3bwt6ntu6ctgpc","knickerson.bsky.social","hickenlooper.bsky.social"
"at://did:plc:rlqeiiyrxigl6cxc7pcplc5v/app.bsky.feed.post/3mimpldfhe226","did:plc:zgi6lxezdt3bwt6ntu6ctgpc","knickerson.bsky.social","hickenlooper.bsky.social"
"at://did:plc:rlqeiiyrxigl6cxc7pcplc5v/app.bsky.feed.post/3mimpldfhe226","did:plc:jsykd3w72lcdc6zkdiyyz7xt","dkimor.bsky.social","hickenlooper.bsky.social"
"at://did:plc:dwasl4lncy23y5ij2slmz4n6/app.bsky.feed.post/3mimpetoj7c2p","did:plc:ywwaabtmhiotyyq2k5acwvsz","purlingcat.bsky.social","mndfl56.bsky.social"
"at://did:plc:gia6fkjy7gi5n7g24nhct4zw/app.bsky.feed.post/3mimp4vu47k2p","did:plc:nfay6jargdwcv6sxdn7gbbvb","rk70534.bsky.social","toplandscaper.eurosky.social"
"at://did:plc:gia6fkjy7gi5n7g24nhct4zw/app.bsky.feed.post/3mimp4vu47k2p","did:plc:2yku73gnlsuftnq4e656umec","savoy234ever.bsky.social","toplandscaper.eurosky.social"
"at://did:plc:gia6fkjy7gi5n7g24nhct4zw/app.bsky.feed.post/3mimp4vu47k2p","did:plc:27zfmiuxuivr4dl6ke4vi4vb","maureenpickering.bsky.social","toplandscaper.eurosky.social"
"at://did:plc:63qzp63fz5q45anhnxhoxhl5/app.bsky.feed.post/3mimojjtbxk2x","did:plc:wd4pgnkkoq25425ljcpwevcb","medicolorado.bsky.social","michaelkarlik.bsky.social"
"at://did:plc:63qzp63fz5q45anhnxhoxhl5/app.bsky.feed.post/3mimojjtbxk2x","did:plc:lxdpv74f72xfgyrqlbfhhppp","mgoodland.bsky.social","michaelkarlik.bsky.social"
"at://did:plc:pcmzn3lb3n6vha766ajfsee6/app.bsky.feed.post/3mimoh566ws2f","did:plc:zfnmse2htf4h7ilsjzkj4ygt","blu-ewave.bsky.social","democratswin.bsky.social"
"at://did:plc:pcmzn3lb3n6vha766ajfsee6/app.bsky.feed.post/3mimoh566ws2f","did:plc:wrgngzrp4ozntn3uh75x3hs2","sbcrawford.bsky.social","democratswin.bsky.social"
"at://did:plc:pcmzn3lb3n6vha766ajfsee6/app.bsky.feed.post/3mimoh566ws2f","did:plc:todou3zkgkcbk7nn5jnv7wph","jerrystearns.bsky.social","democratswin.bsky.social"
"at://did:plc:pcmzn3lb3n6vha766ajfsee6/app.bsky.feed.post/3mimoh566ws2f","did:plc:qquv7qh2wzgdvvdzhyqhd5zc","theeagles.bsky.social","democratswin.bsky.social"
"at://did:plc:pcmzn3lb3n6vha766ajfsee6/app.bsky.feed.post/3mimoh566ws2f","did:plc:i4rrjqmmiugv4vwb6e7j4moh","berrysname.bsky.social","democratswin.bsky.social"
"at://did:plc:pcmzn3lb3n6vha766ajfsee6/app.bsky.feed.post/3mimoh566ws2f","did:plc:geb7d7txiyerqercpj4t3mnq","lichengreen101.bsky.social","democratswin.bsky.social"
"at://did:plc:pcmzn3lb3n6vha766ajfsee6/app.bsky.feed.post/3mimoh566ws2f","did:plc:fwdrlpqzfeejmseyaaxrdgpp","skateintraffic.bsky.social","democratswin.bsky.social"
"at://did:plc:pcmzn3lb3n6vha766ajfsee6/app.bsky.feed.post/3mimoh566ws2f","did:plc:63sga4s2lvtulmfvmxbbvsmy","grover5.bsky.social","democratswin.bsky.social"
"at://did:plc:pcmzn3lb3n6vha766ajfsee6/app.bsky.feed.post/3mimoh566ws2f","did:plc:5vfludyfinifad6nf333yndt","cegs.bsky.social","democratswin.bsky.social"
"at://did:plc:pcmzn3lb3n6vha766ajfsee6/app.bsky.feed.post/3mimoh566ws2f","did:plc:557rx67tu22gaxhepi2ce7h4","carolineebell.bsky.social","democratswin.bsky.social"
"at://did:plc:pcmzn3lb3n6vha766ajfsee6/app.bsky.feed.post/3mimoh566ws2f","did:plc:3jbqx4dfwx5dxrilenjdvclc","adamouest.bsky.social","democratswin.bsky.social"
"at://did:plc:lqwk3ei3uwemjrvygsc6pjt2/app.bsky.feed.post/3mimofkbaxk2u","did:plc:tv5iyahkmpty2tgy4waktnmp","claudia-in-tucson.bsky.social","americasvoice.bsky.social"
"at://did:plc:lqwk3ei3uwemjrvygsc6pjt2/app.bsky.feed.post/3mimofkbaxk2u","did:plc:hxdyf2v3dj3ypzrjg6avlwoz","joannakuebler.bsky.social","americasvoice.bsky.social"
"at://did:plc:lqwk3ei3uwemjrvygsc6pjt2/app.bsky.feed.post/3mimofkbaxk2u","did:plc:fmasx3waykuznbjmn45cvokw","franniebananas.bsky.social","americasvoice.bsky.social"
"at://did:plc:lqwk3ei3uwemjrvygsc6pjt2/app.bsky.feed.post/3mimofkbaxk2u","did:plc:afdvr76tqztwbfazirs6dpjw","illinoismanfella.eurosky.social","americasvoice.bsky.social"
"at://did:plc:lqwk3ei3uwemjrvygsc6pjt2/app.bsky.feed.post/3mimofkbaxk2u","did:plc:63esoil2zfbvrl445wrbevtb","deandresellis.bsky.social","americasvoice.bsky.social"
"at://did:plc:lqwk3ei3uwemjrvygsc6pjt2/app.bsky.feed.post/3mimofkbaxk2u","did:plc:3aczfo3mv7a6vgfvzjegg564","joesand.bsky.social","americasvoice.bsky.social"
"at://did:plc:yoqqp2kxy2k2ydpzzfq3c43p/app.bsky.feed.post/3mimo562sc223","did:plc:y2wfityspxug7busd4e2c2re","grrrin.bsky.social","tat1111.bsky.social"
"at://did:plc:yoqqp2kxy2k2ydpzzfq3c43p/app.bsky.feed.post/3mimo562sc223","did:plc:2dlhrx67o4pomkfd7ytwoyc3","breipold.bsky.social","tat1111.bsky.social"
"at://did:plc:kg6qy67zzcmaxfy2gpbd5kc2/app.bsky.feed.post/3mimnvel2sc2y","did:plc:2cvdhadjnaapi66axphc6bbe","plancproductions.bsky.social","mossadwarrior.bsky.social"
"at://did:plc:syhds43thslo3wouw4d46bac/app.bsky.feed.post/3mimnq677jc24","did:plc:y2qdoltryiu2qtnpyyxncs22","sammiejoe.bsky.social","lauraapollo.bsky.social"
"at://did:plc:syhds43thslo3wouw4d46bac/app.bsky.feed.post/3mimnq677jc24","did:plc:nfay6jargdwcv6sxdn7gbbvb","rk70534.bsky.social","lauraapollo.bsky.social"
"at://did:plc:vvcq4js6gsnz7vi7k3i7lnhf/app.bsky.feed.post/3mimnn64zik2f","did:plc:un7d4mc5zoo3nggbbges4yh6","commercecityradio.bsky.social","braidonnourse.bsky.social"
"at://did:plc:vvcq4js6gsnz7vi7k3i7lnhf/app.bsky.feed.post/3mimnn64zik2f","did:plc:aujwwflbtnpjl6vfkko7r6ro","burgundywave.bsky.social","braidonnourse.bsky.social"
"at://did:plc:dxm7scyp3yagncaz3343nqlc/app.bsky.feed.post/3mimnju7tfc22","did:plc:xfpyirkiu6s7ainsnikrdsaw","3km.bsky.social","larrym6732.bsky.social"
"at://did:plc:ncgbf3r75fomh3lenvzyb42w/app.bsky.feed.post/3mimndfyerk2x","did:plc:x5pxxddyevzodmoxr3d4er4g","cajegirl.bsky.social","skippyoz.bsky.social"
"at://did:plc:ncgbf3r75fomh3lenvzyb42w/app.bsky.feed.post/3mimndfyerk2x","did:plc:ojzzc2efsel2hnzyzcehv4la","doublelapped.bsky.social","skippyoz.bsky.social"
"at://did:plc:uiffdv3gnj3koycqzkpxvfla/app.bsky.feed.post/3mimn6yfpdc2q","did:plc:xyx6nckfndafxkymn6pimljw","colliejoy.bsky.social","watchyourrepssc.bsky.social"
"at://did:plc:uiffdv3gnj3koycqzkpxvfla/app.bsky.feed.post/3mimn6yfpdc2q","did:plc:ieq3vm4hrsmfnozun3zz5cjv","jodyalford.bsky.social","watchyourrepssc.bsky.social"
"at://did:plc:uiffdv3gnj3koycqzkpxvfla/app.bsky.feed.post/3mimn6yfpdc2q","did:plc:g4uwibhhsxwkovwkpr6jeagf","cherieanne.bsky.social","watchyourrepssc.bsky.social"
"at://did:plc:uiffdv3gnj3koycqzkpxvfla/app.bsky.feed.post/3mimn6yfpdc2q","did:plc:dmwuxqorkyxfwopfimfmzodb","ndcatlady.bsky.social","watchyourrepssc.bsky.social"
"at://did:plc:uiffdv3gnj3koycqzkpxvfla/app.bsky.feed.post/3mimn6yfpdc2q","did:plc:d6n4tlu7gqnv52qfudzhnt34","deb1g.bsky.social","watchyourrepssc.bsky.social"
"at://did:plc:oq4ri2q4l733g2ykub7bahpc/app.bsky.feed.post/3mimn3bblzk22","did:plc:qcb4erq727pt6goakkihbz5f","onesparkfire.bsky.social","mumbly-joe.bsky.social"
"at://did:plc:oq4ri2q4l733g2ykub7bahpc/app.bsky.feed.post/3mimn3bblzk22","did:plc:oq4ri2q4l733g2ykub7bahpc","mumbly-joe.bsky.social","mumbly-joe.bsky.social"
"at://did:plc:htdsafwakqmzvuk2oivijzn6/app.bsky.feed.post/3mimmwbmfv225","did:plc:mqpgygz2umnuw4nr6auwe2io","texaskrusty.bsky.social","nberlat.bsky.social"
"at://did:plc:htdsafwakqmzvuk2oivijzn6/app.bsky.feed.post/3mimmwbmfv225","did:plc:lvqa2oo2my2n34orjuck56zv","enbuenora.bsky.social","nberlat.bsky.social"
"at://did:plc:htdsafwakqmzvuk2oivijzn6/app.bsky.feed.post/3mimmwbmfv225","did:plc:bqpag7iepafdrmvhz3lnnhuj","cosmictraveler.mastodon.social.ap.brid.gy","nberlat.bsky.social"
"at://did:plc:htdsafwakqmzvuk2oivijzn6/app.bsky.feed.post/3mimmwbmfv225","did:plc:3kfqfbhhbp64oaixubs4qusw","itswanda.bsky.social","nberlat.bsky.social"
"at://did:plc:werhsi47bu52angzytclytuc/app.bsky.feed.post/3mimmpcawsq2z","did:plc:qvw6iezecm6rhcscmj7ehqlf","powerfromspace1.bsky.social","army777666.bsky.social"
"at://did:plc:3oz4i24n23qnu3a6gwjodag7/app.bsky.feed.post/3mimmavng3s2p","did:plc:bctrxkcowyvz6lvaupd5jqxq","maxwellsuperbien.bsky.social","hotpaper.bsky.social"
"at://did:plc:o7li5xna2vthili4dnbtplka/app.bsky.feed.post/3mimm4i6moc2g","did:plc:zwz7bm6pzooqxiixwrlo7rbi","karenroberts.bsky.social","michael-feinberg.bsky.social"
"at://did:plc:o7li5xna2vthili4dnbtplka/app.bsky.feed.post/3mimm4i6moc2g","did:plc:xio5noyya7irzdoyc3hlwnvb","ekmou1.bsky.social","michael-feinberg.bsky.social"
"at://did:plc:o7li5xna2vthili4dnbtplka/app.bsky.feed.post/3mimm4i6moc2g","did:plc:xb6epem6vj5y3s374hcmc3ng","blackirishbuddha.bsky.social","michael-feinberg.bsky.social"
"at://did:plc:o7li5xna2vthili4dnbtplka/app.bsky.feed.post/3mimm4i6moc2g","did:plc:wt2b2lmmu2ygmanfbpvlgjmr","yolanda7712.bsky.social","michael-feinberg.bsky.social"
"at://did:plc:o7li5xna2vthili4dnbtplka/app.bsky.feed.post/3mimm4i6moc2g","did:plc:ulrnx5eh6f5olbp3t735rrns","pcalico.eurosky.social","michael-feinberg.bsky.social"
"at://did:plc:o7li5xna2vthili4dnbtplka/app.bsky.feed.post/3mimm4i6moc2g","did:plc:s6tpozozxim7qdbp5jcpqfjy","victorytwin.bsky.social","michael-feinberg.bsky.social"
"at://did:plc:o7li5xna2vthili4dnbtplka/app.bsky.feed.post/3mimm4i6moc2g","did:plc:rmpeaety6lfdhgxno4kkihxr","stlhd1000.bsky.social","michael-feinberg.bsky.social"
"at://did:plc:o7li5xna2vthili4dnbtplka/app.bsky.feed.post/3mimm4i6moc2g","did:plc:pfmf7poggb3hobenxrdzodgk","mdtoorder.bsky.social","michael-feinberg.bsky.social"
"at://did:plc:o7li5xna2vthili4dnbtplka/app.bsky.feed.post/3mimm4i6moc2g","did:plc:o3x5tx7bfaxpjgnn3wfb54sb","akrikorian.bsky.social","michael-feinberg.bsky.social"
"at://did:plc:o7li5xna2vthili4dnbtplka/app.bsky.feed.post/3mimm4i6moc2g","did:plc:jjsrhzchl26g6q6u66ob6tbo","leelynkids.bsky.social","michael-feinberg.bsky.social"
"at://did:plc:o7li5xna2vthili4dnbtplka/app.bsky.feed.post/3mimm4i6moc2g","did:plc:hqasmlzeqhffw3uiqubuhvzj","3dkan3.bsky.social","michael-feinberg.bsky.social"
"at://did:plc:o7li5xna2vthili4dnbtplka/app.bsky.feed.post/3mimm4i6moc2g","did:plc:g5kuqlxmnpp2h4ex3jin3xem","ayallgood.bsky.social","michael-feinberg.bsky.social"
"at://did:plc:o7li5xna2vthili4dnbtplka/app.bsky.feed.post/3mimm4i6moc2g","did:plc:ea67ekizczwjsuccio6u5kv2","amylwisconsin.bsky.social","michael-feinberg.bsky.social"
"at://did:plc:o7li5xna2vthili4dnbtplka/app.bsky.feed.post/3mimm4i6moc2g","did:plc:csvjn7tj6uo46427v4fv7w7x","matchew65.bsky.social","michael-feinberg.bsky.social"
"at://did:plc:o7li5xna2vthili4dnbtplka/app.bsky.feed.post/3mimm4i6moc2g","did:plc:cqxro3zhtoomleuuyt53dr2k","sunflowermum.bsky.social","michael-feinberg.bsky.social"
"at://did:plc:o7li5xna2vthili4dnbtplka/app.bsky.feed.post/3mimm4i6moc2g","did:plc:cdtezrl5tdyszatruhkzd3y3","other95.bsky.social","michael-feinberg.bsky.social"
"at://did:plc:o7li5xna2vthili4dnbtplka/app.bsky.feed.post/3mimm4i6moc2g","did:plc:bgn4wlavm2u4hujl7kco64oy","chirpitychirp.bsky.social","michael-feinberg.bsky.social"
"at://did:plc:o7li5xna2vthili4dnbtplka/app.bsky.feed.post/3mimm4i6moc2g","did:plc:b5mmbrrmls3hfnyspumpfznw","skryptical.bsky.social","michael-feinberg.bsky.social"
"at://did:plc:o7li5xna2vthili4dnbtplka/app.bsky.feed.post/3mimm4i6moc2g","did:plc:aejczygxoakgamljlojsb5sb","mellonhead.bsky.social","michael-feinberg.bsky.social"
"at://did:plc:o7li5xna2vthili4dnbtplka/app.bsky.feed.post/3mimm4i6moc2g","did:plc:7lpwfhx55c24mocltakygjba","irishwhip216.bsky.social","michael-feinberg.bsky.social"
"at://did:plc:o7li5xna2vthili4dnbtplka/app.bsky.feed.post/3mimm4i6moc2g","did:plc:62nbohckimhbjwhcedicts6r","rigby77.bsky.social","michael-feinberg.bsky.social"
"at://did:plc:o7li5xna2vthili4dnbtplka/app.bsky.feed.post/3mimm4i6moc2g","did:plc:5hepcfxrzipuzcj7i6rdxy3s","bertalinii.bsky.social","michael-feinberg.bsky.social"
"at://did:plc:o7li5xna2vthili4dnbtplka/app.bsky.feed.post/3mimm4i6moc2g","did:plc:4qibjdue5ekzdedsxeysicbr","linuxrebel.org","michael-feinberg.bsky.social"
"at://did:plc:zrjj65ihmvwxeywnkabb5bdb/app.bsky.feed.post/3mimlomwf622z","did:plc:sroxyenox5u2o7xll54xrtyx","singlecatlady23.bsky.social","northernrednekk.bsky.social"
"at://did:plc:zrjj65ihmvwxeywnkabb5bdb/app.bsky.feed.post/3mimlomwf622z","did:plc:qgz54vmutvvnn256wptp6sjj","biglytariffman.bsky.social","northernrednekk.bsky.social"
"at://did:plc:htqlqkynhupi6fw4c7x26qti/app.bsky.feed.post/3mimlkxhhz22c","did:plc:zr4rfu7nyqlibueul6hyqp5v","granuailynn.bsky.social","peoplesfabric.bsky.social"
"at://did:plc:htqlqkynhupi6fw4c7x26qti/app.bsky.feed.post/3mimlkxhhz22c","did:plc:w43x7pgyman7oms3bca7xxtw","fatalerrors.bsky.social","peoplesfabric.bsky.social"
"at://did:plc:htqlqkynhupi6fw4c7x26qti/app.bsky.feed.post/3mimlkxhhz22c","did:plc:vzfllpksluxaoahurdjbqsk6","windmillchaser.bsky.social","peoplesfabric.bsky.social"
"at://did:plc:htqlqkynhupi6fw4c7x26qti/app.bsky.feed.post/3mimlkxhhz22c","did:plc:swrs4vbdgxrt3hxps2ldoocr","contentsettings.bsky.social","peoplesfabric.bsky.social"
"at://did:plc:htqlqkynhupi6fw4c7x26qti/app.bsky.feed.post/3mimlkxhhz22c","did:plc:pzjqlifoze7l2bk7w6hqhonc","rednecklefty.bsky.social","peoplesfabric.bsky.social"
"at://did:plc:htqlqkynhupi6fw4c7x26qti/app.bsky.feed.post/3mimlkxhhz22c","did:plc:o6yqyzfwhq4syocwwhvunagf","dogmama95.bsky.social","peoplesfabric.bsky.social"
"at://did:plc:htqlqkynhupi6fw4c7x26qti/app.bsky.feed.post/3mimlkxhhz22c","did:plc:m27ipme2p7tf6c2r6d36jesh","lokicharms.bsky.social","peoplesfabric.bsky.social"
"at://did:plc:htqlqkynhupi6fw4c7x26qti/app.bsky.feed.post/3mimlkxhhz22c","did:plc:ltnfhhjtceexudguxocidaw7","dickeyx2.bsky.social","peoplesfabric.bsky.social"
"at://did:plc:htqlqkynhupi6fw4c7x26qti/app.bsky.feed.post/3mimlkxhhz22c","did:plc:jn5hg6plimpsk62dqvemclvd","aufiggins.bsky.social","peoplesfabric.bsky.social"
"at://did:plc:htqlqkynhupi6fw4c7x26qti/app.bsky.feed.post/3mimlkxhhz22c","did:plc:idzan2b26caxtkfszznjrw2g","lainmachine.bsky.social","peoplesfabric.bsky.social"
"at://did:plc:htqlqkynhupi6fw4c7x26qti/app.bsky.feed.post/3mimlkxhhz22c","did:plc:5wgp627dhdxxx7zvmtpoz6yc","criminalerin.bsky.social","peoplesfabric.bsky.social"
"at://did:plc:htqlqkynhupi6fw4c7x26qti/app.bsky.feed.post/3mimlkxhhz22c","did:plc:45shv5azb532tlavydxej73i","chicagolove.bsky.social","peoplesfabric.bsky.social"
"at://did:plc:govczfadiqybl5lihpfhviis/app.bsky.feed.post/3mimkyegbnk25","did:plc:xqupx7osei456mawzwxxlmvo","lavidagata.bsky.social","jcollins.bsky.social"
"at://did:plc:govczfadiqybl5lihpfhviis/app.bsky.feed.post/3mimkyegbnk25","did:plc:smnqgrefndmuyefelweloxbg","ericswedlund.bsky.social","jcollins.bsky.social"
"at://did:plc:govczfadiqybl5lihpfhviis/app.bsky.feed.post/3mimkyegbnk25","did:plc:qkykkcxxaq3ndfxqhyxft4vw","cathleenkucz.bsky.social","jcollins.bsky.social"
"at://did:plc:govczfadiqybl5lihpfhviis/app.bsky.feed.post/3mimkyegbnk25","did:plc:ohvfzc524lkpml4r6ta7p7mj","cfraase.bsky.social","jcollins.bsky.social"
"at://did:plc:govczfadiqybl5lihpfhviis/app.bsky.feed.post/3mimkyegbnk25","did:plc:ngubxpbw6hojbjum2hgiirvr","ecomentario.bsky.social","jcollins.bsky.social"
"at://did:plc:govczfadiqybl5lihpfhviis/app.bsky.feed.post/3mimkyegbnk25","did:plc:l2l5torbleu2vnvhs3imw2px","davidkc.bsky.social","jcollins.bsky.social"
"at://did:plc:govczfadiqybl5lihpfhviis/app.bsky.feed.post/3mimkyegbnk25","did:plc:jjqh3dowfndzhn7rbvmeddbh","berryfields.bsky.social","jcollins.bsky.social"
"at://did:plc:govczfadiqybl5lihpfhviis/app.bsky.feed.post/3mimkyegbnk25","did:plc:izj6zrzlk4hgnq76soou5x6f","archpundit.bsky.social","jcollins.bsky.social"
"at://did:plc:govczfadiqybl5lihpfhviis/app.bsky.feed.post/3mimkyegbnk25","did:plc:ip7nl25ohjvdadiaksateggl","betseychace.bsky.social","jcollins.bsky.social"
"at://did:plc:govczfadiqybl5lihpfhviis/app.bsky.feed.post/3mimkyegbnk25","did:plc:iaxwtuwamrltweuygkpi7ajo","honestweighman.bsky.social","jcollins.bsky.social"
"at://did:plc:govczfadiqybl5lihpfhviis/app.bsky.feed.post/3mimkyegbnk25","did:plc:gy2eu5rjuac7lzyv7jjwvpp5","chrismba.bsky.social","jcollins.bsky.social"
"at://did:plc:govczfadiqybl5lihpfhviis/app.bsky.feed.post/3mimkyegbnk25","did:plc:bgn4wlavm2u4hujl7kco64oy","chirpitychirp.bsky.social","jcollins.bsky.social"
"at://did:plc:govczfadiqybl5lihpfhviis/app.bsky.feed.post/3mimkyegbnk25","did:plc:7xyeevb5uvvqdk7uusb5s55u","littlejohn.bsky.social","jcollins.bsky.social"
"at://did:plc:govczfadiqybl5lihpfhviis/app.bsky.feed.post/3mimkyegbnk25","did:plc:6g6dcpv3damuypskj4k2pfyq","hk1988.bsky.social","jcollins.bsky.social"
"at://did:plc:govczfadiqybl5lihpfhviis/app.bsky.feed.post/3mimkyct5vs25","did:plc:xhg3ox23ojjinodintxnrtwv","melmall.bsky.social","jcollins.bsky.social"
"at://did:plc:govczfadiqybl5lihpfhviis/app.bsky.feed.post/3mimkyct5vs25","did:plc:uusiujygrabpmfpvapidhhm6","bmkowski.bsky.social","jcollins.bsky.social"
"at://did:plc:govczfadiqybl5lihpfhviis/app.bsky.feed.post/3mimkyct5vs25","did:plc:smnqgrefndmuyefelweloxbg","ericswedlund.bsky.social","jcollins.bsky.social"
"at://did:plc:govczfadiqybl5lihpfhviis/app.bsky.feed.post/3mimkyct5vs25","did:plc:s67ky6cvb4bn4fxgj6u3epak","kequen.bsky.social","jcollins.bsky.social"
"at://did:plc:govczfadiqybl5lihpfhviis/app.bsky.feed.post/3mimkyct5vs25","did:plc:qkykkcxxaq3ndfxqhyxft4vw","cathleenkucz.bsky.social","jcollins.bsky.social"
"at://did:plc:govczfadiqybl5lihpfhviis/app.bsky.feed.post/3mimkyct5vs25","did:plc:qehtnq2i5p7wvhok3e2tz4sf","karleeweinmann.bsky.social","jcollins.bsky.social"
"at://did:plc:govczfadiqybl5lihpfhviis/app.bsky.feed.post/3mimkyct5vs25","did:plc:ohvfzc524lkpml4r6ta7p7mj","cfraase.bsky.social","jcollins.bsky.social"
"at://did:plc:govczfadiqybl5lihpfhviis/app.bsky.feed.post/3mimkyct5vs25","did:plc:ngubxpbw6hojbjum2hgiirvr","ecomentario.bsky.social","jcollins.bsky.social"
"at://did:plc:govczfadiqybl5lihpfhviis/app.bsky.feed.post/3mimkyct5vs25","did:plc:m5cpkz5qisytczpm3h6zf677","joeymcallister.com","jcollins.bsky.social"
"at://did:plc:govczfadiqybl5lihpfhviis/app.bsky.feed.post/3mimkyct5vs25","did:plc:jjqh3dowfndzhn7rbvmeddbh","berryfields.bsky.social","jcollins.bsky.social"
"at://did:plc:govczfadiqybl5lihpfhviis/app.bsky.feed.post/3mimkyct5vs25","did:plc:izj6zrzlk4hgnq76soou5x6f","archpundit.bsky.social","jcollins.bsky.social"
"at://did:plc:govczfadiqybl5lihpfhviis/app.bsky.feed.post/3mimkyct5vs25","did:plc:ip7nl25ohjvdadiaksateggl","betseychace.bsky.social","jcollins.bsky.social"
"at://did:plc:govczfadiqybl5lihpfhviis/app.bsky.feed.post/3mimkyct5vs25","did:plc:iaxwtuwamrltweuygkpi7ajo","honestweighman.bsky.social","jcollins.bsky.social"
"at://did:plc:govczfadiqybl5lihpfhviis/app.bsky.feed.post/3mimkyct5vs25","did:plc:gy2eu5rjuac7lzyv7jjwvpp5","chrismba.bsky.social","jcollins.bsky.social"
"at://did:plc:govczfadiqybl5lihpfhviis/app.bsky.feed.post/3mimkyct5vs25","did:plc:beif4vpyq2bfi3cmld6646jh","pamelametz.bsky.social","jcollins.bsky.social"
"at://did:plc:govczfadiqybl5lihpfhviis/app.bsky.feed.post/3mimkyct5vs25","did:plc:6g6dcpv3damuypskj4k2pfyq","hk1988.bsky.social","jcollins.bsky.social"
"at://did:plc:govczfadiqybl5lihpfhviis/app.bsky.feed.post/3mimkyct5vs25","did:plc:5mu44cojafmxj6h3yaihy2nl","arrianna-planey.bsky.social","jcollins.bsky.social"
"at://did:plc:govczfadiqybl5lihpfhviis/app.bsky.feed.post/3mimkxgtdvc25","did:plc:smnqgrefndmuyefelweloxbg","ericswedlund.bsky.social","jcollins.bsky.social"
"at://did:plc:govczfadiqybl5lihpfhviis/app.bsky.feed.post/3mimkxgtdvc25","did:plc:qkykkcxxaq3ndfxqhyxft4vw","cathleenkucz.bsky.social","jcollins.bsky.social"
"at://did:plc:govczfadiqybl5lihpfhviis/app.bsky.feed.post/3mimkxgtdvc25","did:plc:ohvfzc524lkpml4r6ta7p7mj","cfraase.bsky.social","jcollins.bsky.social"
"at://did:plc:govczfadiqybl5lihpfhviis/app.bsky.feed.post/3mimkxgtdvc25","did:plc:ngubxpbw6hojbjum2hgiirvr","ecomentario.bsky.social","jcollins.bsky.social"
"at://did:plc:govczfadiqybl5lihpfhviis/app.bsky.feed.post/3mimkxgtdvc25","did:plc:jjqh3dowfndzhn7rbvmeddbh","berryfields.bsky.social","jcollins.bsky.social"
"at://did:plc:govczfadiqybl5lihpfhviis/app.bsky.feed.post/3mimkxgtdvc25","did:plc:ip7nl25ohjvdadiaksateggl","betseychace.bsky.social","jcollins.bsky.social"
"at://did:plc:govczfadiqybl5lihpfhviis/app.bsky.feed.post/3mimkxgtdvc25","did:plc:7xyeevb5uvvqdk7uusb5s55u","littlejohn.bsky.social","jcollins.bsky.social"
"at://did:plc:govczfadiqybl5lihpfhviis/app.bsky.feed.post/3mimkxgtdvc25","did:plc:6g6dcpv3damuypskj4k2pfyq","hk1988.bsky.social","jcollins.bsky.social"
"at://did:plc:govczfadiqybl5lihpfhviis/app.bsky.feed.post/3mimkwjovys25","did:plc:wm3lslok2ftbdrkiic47uquj","missplaced.bsky.social","jcollins.bsky.social"
"at://did:plc:govczfadiqybl5lihpfhviis/app.bsky.feed.post/3mimkwjovys25","did:plc:smnqgrefndmuyefelweloxbg","ericswedlund.bsky.social","jcollins.bsky.social"
"at://did:plc:govczfadiqybl5lihpfhviis/app.bsky.feed.post/3mimkwjovys25","did:plc:rbcbuiujwemnzyqb7slfriel","pigznzen.bsky.social","jcollins.bsky.social"
"at://did:plc:govczfadiqybl5lihpfhviis/app.bsky.feed.post/3mimkwjovys25","did:plc:qodtma5oxxkmcfrsgewdmn7i","amandacook627.bsky.social","jcollins.bsky.social"
"at://did:plc:govczfadiqybl5lihpfhviis/app.bsky.feed.post/3mimkwjovys25","did:plc:qkykkcxxaq3ndfxqhyxft4vw","cathleenkucz.bsky.social","jcollins.bsky.social"
"at://did:plc:govczfadiqybl5lihpfhviis/app.bsky.feed.post/3mimkwjovys25","did:plc:pkjt2otk4svponrxpxbphl4h","douglasmack.bsky.social","jcollins.bsky.social"
"at://did:plc:govczfadiqybl5lihpfhviis/app.bsky.feed.post/3mimkwjovys25","did:plc:phinqcz6a5nqansha5ju6pmr","katereports.bsky.social","jcollins.bsky.social"
"at://did:plc:govczfadiqybl5lihpfhviis/app.bsky.feed.post/3mimkwjovys25","did:plc:ohvfzc524lkpml4r6ta7p7mj","cfraase.bsky.social","jcollins.bsky.social"
"at://did:plc:govczfadiqybl5lihpfhviis/app.bsky.feed.post/3mimkwjovys25","did:plc:ngubxpbw6hojbjum2hgiirvr","ecomentario.bsky.social","jcollins.bsky.social"
"at://did:plc:govczfadiqybl5lihpfhviis/app.bsky.feed.post/3mimkwjovys25","did:plc:l3opu6qhswaeafqcwavoqcpt","jrh18966.bsky.social","jcollins.bsky.social"
"at://did:plc:govczfadiqybl5lihpfhviis/app.bsky.feed.post/3mimkwjovys25","did:plc:jjqh3dowfndzhn7rbvmeddbh","berryfields.bsky.social","jcollins.bsky.social"
"at://did:plc:govczfadiqybl5lihpfhviis/app.bsky.feed.post/3mimkwjovys25","did:plc:ip7nl25ohjvdadiaksateggl","betseychace.bsky.social","jcollins.bsky.social"
"at://did:plc:govczfadiqybl5lihpfhviis/app.bsky.feed.post/3mimkwjovys25","did:plc:iaxwtuwamrltweuygkpi7ajo","honestweighman.bsky.social","jcollins.bsky.social"
"at://did:plc:govczfadiqybl5lihpfhviis/app.bsky.feed.post/3mimkwjovys25","did:plc:dmlsrbhh22fhepzbcrjokv67","deportationdata.bsky.social","jcollins.bsky.social"
"at://did:plc:govczfadiqybl5lihpfhviis/app.bsky.feed.post/3mimkwjovys25","did:plc:7xyeevb5uvvqdk7uusb5s55u","littlejohn.bsky.social","jcollins.bsky.social"
"at://did:plc:govczfadiqybl5lihpfhviis/app.bsky.feed.post/3mimkwjovys25","did:plc:6g6dcpv3damuypskj4k2pfyq","hk1988.bsky.social","jcollins.bsky.social"
"at://did:plc:govczfadiqybl5lihpfhviis/app.bsky.feed.post/3mimkwjovys25","did:plc:5mxcznvzgzxeksarieed56qp","aa9400.bsky.social","jcollins.bsky.social"
"at://did:plc:govczfadiqybl5lihpfhviis/app.bsky.feed.post/3mimkwjovys25","did:plc:5acyhc6cma7blsg5l4cb7xir","skatingtomato.bsky.social","jcollins.bsky.social"
"at://did:plc:fammzy5o2wdksfw3u2qkls7m/app.bsky.feed.post/3mimkhhcj5s2m","did:plc:zog4kr26hmrfmiydtbyhwwhy","annfinkbeiner.bsky.social","katherinepomps.bsky.social"
"at://did:plc:fammzy5o2wdksfw3u2qkls7m/app.bsky.feed.post/3mimkhhcj5s2m","did:plc:z46bygbjumauw2mcy7s24aa5","csberkeley.bsky.social","katherinepomps.bsky.social"
"at://did:plc:fammzy5o2wdksfw3u2qkls7m/app.bsky.feed.post/3mimkhhcj5s2m","did:plc:x47spmtzrxjcxwsrjvusnis7","ricklarios.bsky.social","katherinepomps.bsky.social"
"at://did:plc:fammzy5o2wdksfw3u2qkls7m/app.bsky.feed.post/3mimkhhcj5s2m","did:plc:x3oj2laibm24xi7orwrvcdyo","emmaarvel.bsky.social","katherinepomps.bsky.social"
"at://did:plc:fammzy5o2wdksfw3u2qkls7m/app.bsky.feed.post/3mimkhhcj5s2m","did:plc:vmkcuzgbz2wmpy2wsxya43gg","jacobbiba.bsky.social","katherinepomps.bsky.social"
"at://did:plc:fammzy5o2wdksfw3u2qkls7m/app.bsky.feed.post/3mimkhhcj5s2m","did:plc:u2z5ic5c2jpk6uokeydnn7cx","wynndoe.bsky.social","katherinepomps.bsky.social"
"at://did:plc:fammzy5o2wdksfw3u2qkls7m/app.bsky.feed.post/3mimkhhcj5s2m","did:plc:tbuora555ewuja5hhk477qzr","tkdysart.bsky.social","katherinepomps.bsky.social"
"at://did:plc:fammzy5o2wdksfw3u2qkls7m/app.bsky.feed.post/3mimkhhcj5s2m","did:plc:snbbshdgooh6o34iu4m34cgp","benjaminwittes.lawfaremedia.org","katherinepomps.bsky.social"
"at://did:plc:fammzy5o2wdksfw3u2qkls7m/app.bsky.feed.post/3mimkhhcj5s2m","did:plc:s6bjvtzmmbr6bmeukxi4aqem","atart17.bsky.social","katherinepomps.bsky.social"
"at://did:plc:fammzy5o2wdksfw3u2qkls7m/app.bsky.feed.post/3mimkhhcj5s2m","did:plc:rk2fyna2xnwlpfdv44m7luew","dinamom.bsky.social","katherinepomps.bsky.social"
"at://did:plc:fammzy5o2wdksfw3u2qkls7m/app.bsky.feed.post/3mimkhhcj5s2m","did:plc:qt4cd4bodqowj7m4bjtgmjjd","lynnroseberry.bsky.social","katherinepomps.bsky.social"
"at://did:plc:fammzy5o2wdksfw3u2qkls7m/app.bsky.feed.post/3mimkhhcj5s2m","did:plc:qg7gx4wthgwublmani3k37zd","michaeljaylissner.com","katherinepomps.bsky.social"
"at://did:plc:fammzy5o2wdksfw3u2qkls7m/app.bsky.feed.post/3mimkhhcj5s2m","did:plc:q6ex6suumh777glemnltbgce","ropo2136.bsky.social","katherinepomps.bsky.social"
"at://did:plc:fammzy5o2wdksfw3u2qkls7m/app.bsky.feed.post/3mimkhhcj5s2m","did:plc:oaxnmubpnippl2fz24m35jbo","aknhkim.bsky.social","katherinepomps.bsky.social"
"at://did:plc:fammzy5o2wdksfw3u2qkls7m/app.bsky.feed.post/3mimkhhcj5s2m","did:plc:nybpng5ba6nktbervhyukd6w","cmcanning.bsky.social","katherinepomps.bsky.social"
"at://did:plc:fammzy5o2wdksfw3u2qkls7m/app.bsky.feed.post/3mimkhhcj5s2m","did:plc:kztn3wd3n45j3l4yr6dz6isl","naida46.bsky.social","katherinepomps.bsky.social"
"at://did:plc:fammzy5o2wdksfw3u2qkls7m/app.bsky.feed.post/3mimkhhcj5s2m","did:plc:kvxj6jlmc5vdknukyyvl5jsa","nancyannn.bsky.social","katherinepomps.bsky.social"
"at://did:plc:fammzy5o2wdksfw3u2qkls7m/app.bsky.feed.post/3mimkhhcj5s2m","did:plc:iqy7g6y4fa5wekjkxjm4fw7i","geraldinegirljp.bsky.social","katherinepomps.bsky.social"
"at://did:plc:fammzy5o2wdksfw3u2qkls7m/app.bsky.feed.post/3mimkhhcj5s2m","did:plc:hyvr4prragka57kpzlaosqtm","ribenab1.bsky.social","katherinepomps.bsky.social"
"at://did:plc:fammzy5o2wdksfw3u2qkls7m/app.bsky.feed.post/3mimkhhcj5s2m","did:plc:f6jlnzoxlpi3h4ouefoaflnu","dianabhenriques.bsky.social","katherinepomps.bsky.social"
"at://did:plc:fammzy5o2wdksfw3u2qkls7m/app.bsky.feed.post/3mimkhhcj5s2m","did:plc:emzcobqn42unxe2w2ccbsgpl","shindleria235.bsky.social","katherinepomps.bsky.social"
"at://did:plc:fammzy5o2wdksfw3u2qkls7m/app.bsky.feed.post/3mimkhhcj5s2m","did:plc:ejyvsim3nnddpbzim5twruxo","wessaidwords.bsky.social","katherinepomps.bsky.social"
"at://did:plc:fammzy5o2wdksfw3u2qkls7m/app.bsky.feed.post/3mimkhhcj5s2m","did:plc:ckz6ykslw5tyxuvmfjae746w","pocono.bsky.social","katherinepomps.bsky.social"
"at://did:plc:fammzy5o2wdksfw3u2qkls7m/app.bsky.feed.post/3mimkhhcj5s2m","did:plc:b45jn3jwhmjcwhtz5zcvdrkj","michellesedai.bsky.social","katherinepomps.bsky.social"
"at://did:plc:fammzy5o2wdksfw3u2qkls7m/app.bsky.feed.post/3mimkhhcj5s2m","did:plc:asvca6encqyebxysikiktcvx","rwlelboknw.bsky.social","katherinepomps.bsky.social"
"at://did:plc:4llyqwdqnd6t7ncyvvjzeih7/app.bsky.feed.post/3mimkdzyes52l","did:plc:ur4whqdub3tvvfvatewvfdok","budgiedude.bsky.social","charleskeener.bsky.social"
"at://did:plc:4llyqwdqnd6t7ncyvvjzeih7/app.bsky.feed.post/3mimkdzyes52l","did:plc:rsmuvkfau4i2vx47krlru54i","pappyparki.bsky.social","charleskeener.bsky.social"
"at://did:plc:4llyqwdqnd6t7ncyvvjzeih7/app.bsky.feed.post/3mimkdzyes52l","did:plc:p4bswwe2z572iiglphkotvfx","bjttene.bsky.social","charleskeener.bsky.social"
"at://did:plc:4llyqwdqnd6t7ncyvvjzeih7/app.bsky.feed.post/3mimkdzyes52l","did:plc:4uuqta5qfbhzd3o2vqcihhqd","sundene.bsky.social","charleskeener.bsky.social"
"at://did:plc:6laekojw3whqu64tlaxopvgx/app.bsky.feed.post/3mimk5igks22n","did:plc:zjdiri6o57xcweexhetdvewu","alanlewch.bsky.social","josiahmortimer.bsky.social"
"at://did:plc:6laekojw3whqu64tlaxopvgx/app.bsky.feed.post/3mimk5igks22n","did:plc:zddlpjmkpyyxkdd252bajddt","suelukes.bsky.social","josiahmortimer.bsky.social"
"at://did:plc:6laekojw3whqu64tlaxopvgx/app.bsky.feed.post/3mimk5igks22n","did:plc:ywvf7yhrf7nhuvn7mzx66kju","ellinst.bsky.social","josiahmortimer.bsky.social"
"at://did:plc:6laekojw3whqu64tlaxopvgx/app.bsky.feed.post/3mimk5igks22n","did:plc:ygriwl7ynzqzcv7dsav2kpuj","ety-t.bsky.social","josiahmortimer.bsky.social"
"at://did:plc:6laekojw3whqu64tlaxopvgx/app.bsky.feed.post/3mimk5igks22n","did:plc:ycrcjs6ogbgq7ymwwedkhnfk","alanji.bsky.social","josiahmortimer.bsky.social"
"at://did:plc:6laekojw3whqu64tlaxopvgx/app.bsky.feed.post/3mimk5igks22n","did:plc:xb3g63goy2rjy5zrzzpndi5l","greymane54.bsky.social","josiahmortimer.bsky.social"
"at://did:plc:6laekojw3whqu64tlaxopvgx/app.bsky.feed.post/3mimk5igks22n","did:plc:xa7f6pp3rj3cakw7ncgxturn","telibarb.bsky.social","josiahmortimer.bsky.social"
"at://did:plc:6laekojw3whqu64tlaxopvgx/app.bsky.feed.post/3mimk5igks22n","did:plc:x7hbxoft7oey4gumvrndzcb3","lesserspottedh.bsky.social","josiahmortimer.bsky.social"
"at://did:plc:6laekojw3whqu64tlaxopvgx/app.bsky.feed.post/3mimk5igks22n","did:plc:wbkj3jepyjeqthyuhjsx377h","londoner007.bsky.social","josiahmortimer.bsky.social"
"at://did:plc:6laekojw3whqu64tlaxopvgx/app.bsky.feed.post/3mimk5igks22n","did:plc:wbiqgydrxm6ou27hmldni4w5","pepette467.bsky.social","josiahmortimer.bsky.social"
"at://did:plc:6laekojw3whqu64tlaxopvgx/app.bsky.feed.post/3mimk5igks22n","did:plc:w5gvzivxehst3fxunvszo7do","laislabonita.bsky.social","josiahmortimer.bsky.social"
"at://did:plc:6laekojw3whqu64tlaxopvgx/app.bsky.feed.post/3mimk5igks22n","did:plc:vqngsumzpmvsbyfkxemquym4","hyperionpsn.bsky.social","josiahmortimer.bsky.social"
"at://did:plc:6laekojw3whqu64tlaxopvgx/app.bsky.feed.post/3mimk5igks22n","did:plc:tsm5446dubfuxxyuolgmneyw","omemiserum2.bsky.social","josiahmortimer.bsky.social"
"at://did:plc:6laekojw3whqu64tlaxopvgx/app.bsky.feed.post/3mimk5igks22n","did:plc:tsfzlybcrfthlihhlq6ata6y","frdragonspouse.bsky.social","josiahmortimer.bsky.social"
"at://did:plc:6laekojw3whqu64tlaxopvgx/app.bsky.feed.post/3mimk5igks22n","did:plc:trwrqhuugqbqfjwu62jrsyhw","montes2.bsky.social","josiahmortimer.bsky.social"
"at://did:plc:6laekojw3whqu64tlaxopvgx/app.bsky.feed.post/3mimk5igks22n","did:plc:t27xw4q5o6jeeadreuo3yxqs","britpolitics.bsky.social","josiahmortimer.bsky.social"
"at://did:plc:6laekojw3whqu64tlaxopvgx/app.bsky.feed.post/3mimk5igks22n","did:plc:sye57ecd56pbvf6hj7elcndh","tanwyn.bsky.social","josiahmortimer.bsky.social"
"at://did:plc:6laekojw3whqu64tlaxopvgx/app.bsky.feed.post/3mimk5igks22n","did:plc:sti35nptrizr4adknhrziweq","thebelovedaunt.bsky.social","josiahmortimer.bsky.social"
"at://did:plc:6laekojw3whqu64tlaxopvgx/app.bsky.feed.post/3mimk5igks22n","did:plc:smuowcz25vviz5kdpczkglmb","haydnb.bsky.social","josiahmortimer.bsky.social"
"at://did:plc:6laekojw3whqu64tlaxopvgx/app.bsky.feed.post/3mimk5igks22n","did:plc:rszabl7qcj3ioyltlrjnynyf","demamsadequie.bsky.social","josiahmortimer.bsky.social"
"at://did:plc:6laekojw3whqu64tlaxopvgx/app.bsky.feed.post/3mimk5igks22n","did:plc:rozigab4wqeprtwqlbpwba6x","elinormm.bsky.social","josiahmortimer.bsky.social"
"at://did:plc:6laekojw3whqu64tlaxopvgx/app.bsky.feed.post/3mimk5igks22n","did:plc:rgd5hdwfumk4k4ywqbapvaqx","ma-laws.bsky.social","josiahmortimer.bsky.social"
"at://did:plc:6laekojw3whqu64tlaxopvgx/app.bsky.feed.post/3mimk5igks22n","did:plc:razmwmu6fvlildqi4geam3dc","katharinekite.bsky.social","josiahmortimer.bsky.social"
"at://did:plc:6laekojw3whqu64tlaxopvgx/app.bsky.feed.post/3mimk5igks22n","did:plc:q6gxhens67oirdfmer5xwavv","anthonyf272.bsky.social","josiahmortimer.bsky.social"
"at://did:plc:6laekojw3whqu64tlaxopvgx/app.bsky.feed.post/3mimk5igks22n","did:plc:owoumieuc2y4cwayglmskh34","alan160755.bsky.social","josiahmortimer.bsky.social"
"at://did:plc:7422wlmkminudypjv6cywlzl/app.bsky.feed.post/3mimjwtquks2y","did:plc:yfwzcwdog7yvmi4rzimhf7dt","miadove.bsky.social","djbyrnes1.bsky.social"
"at://did:plc:7422wlmkminudypjv6cywlzl/app.bsky.feed.post/3mimjwtquks2y","did:plc:rmpeaety6lfdhgxno4kkihxr","stlhd1000.bsky.social","djbyrnes1.bsky.social"
"at://did:plc:7422wlmkminudypjv6cywlzl/app.bsky.feed.post/3mimjwtquks2y","did:plc:rdkojrbapsw43cb6eodse5gr","stillcham.blacksky.app","djbyrnes1.bsky.social"
"at://did:plc:7422wlmkminudypjv6cywlzl/app.bsky.feed.post/3mimjwtquks2y","did:plc:rbahpxqoqnem2dmskuhrym43","slkollmann.bsky.social","djbyrnes1.bsky.social"
"at://did:plc:7422wlmkminudypjv6cywlzl/app.bsky.feed.post/3mimjwtquks2y","did:plc:ralq6kcqrhmfse4fkj26hzww","tenders.bsky.social","djbyrnes1.bsky.social"
"at://did:plc:7422wlmkminudypjv6cywlzl/app.bsky.feed.post/3mimjwtquks2y","did:plc:qwxpo6muwxed7yhkqdjtdq4b","lumberjackwharfie.bsky.social","djbyrnes1.bsky.social"
"at://did:plc:7422wlmkminudypjv6cywlzl/app.bsky.feed.post/3mimjwtquks2y","did:plc:qmuw2de7e6o6mh2cpwdr6dat","antifahere.bsky.social","djbyrnes1.bsky.social"
"at://did:plc:7422wlmkminudypjv6cywlzl/app.bsky.feed.post/3mimjwtquks2y","did:plc:l4l4wosx4gt7fpsw7jwfdtuc","suprmomcat.bsky.social","djbyrnes1.bsky.social"
"at://did:plc:7422wlmkminudypjv6cywlzl/app.bsky.feed.post/3mimjwtquks2y","did:plc:iklhrv2ojhlz4amstcqqlyoc","notveryonfir.bsky.social","djbyrnes1.bsky.social"
"at://did:plc:7422wlmkminudypjv6cywlzl/app.bsky.feed.post/3mimjwtquks2y","did:plc:idzan2b26caxtkfszznjrw2g","lainmachine.bsky.social","djbyrnes1.bsky.social"
"at://did:plc:7422wlmkminudypjv6cywlzl/app.bsky.feed.post/3mimjwtquks2y","did:plc:htqlqkynhupi6fw4c7x26qti","peoplesfabric.bsky.social","djbyrnes1.bsky.social"
"at://did:plc:7422wlmkminudypjv6cywlzl/app.bsky.feed.post/3mimjwtquks2y","did:plc:h73lwezfcn5oc4y6krtoc6wj","genevievemullen.bsky.social","djbyrnes1.bsky.social"
"at://did:plc:7422wlmkminudypjv6cywlzl/app.bsky.feed.post/3mimjwtquks2y","did:plc:gy7fdihoov3cwh5jiahikvz5","imagespending.bsky.social","djbyrnes1.bsky.social"
"at://did:plc:7422wlmkminudypjv6cywlzl/app.bsky.feed.post/3mimjwtquks2y","did:plc:giq6mh5yjiy5rubbo6lzcoix","orangevibe.bsky.social","djbyrnes1.bsky.social"
"at://did:plc:7422wlmkminudypjv6cywlzl/app.bsky.feed.post/3mimjwtquks2y","did:plc:ckbphcf4qpenidjsoefkmhnf","vozderaquel.bsky.social","djbyrnes1.bsky.social"
"at://did:plc:7422wlmkminudypjv6cywlzl/app.bsky.feed.post/3mimjwtquks2y","did:plc:cewopa6cy2zuz742o4vmuvct","mom4medicare4all.blacksky.app","djbyrnes1.bsky.social"
"at://did:plc:7422wlmkminudypjv6cywlzl/app.bsky.feed.post/3mimjwtquks2y","did:plc:auzgsnl6sfsf6gvhs2nthtds","phoenoxanapher.bsky.social","djbyrnes1.bsky.social"
"at://did:plc:7422wlmkminudypjv6cywlzl/app.bsky.feed.post/3mimjwtquks2y","did:plc:22if5jv7xrzwesls65kkm5lg","janicecarlson.bsky.social","djbyrnes1.bsky.social"
"at://did:plc:7p5rtelhbrwib3znwbxdlvbl/app.bsky.feed.post/3mimjwjnltk2v","did:plc:swkmob5uz5hordm367rtugj3","cargiolim.bsky.social","immdef.bsky.social"
"at://did:plc:7p5rtelhbrwib3znwbxdlvbl/app.bsky.feed.post/3mimjwjnltk2v","did:plc:scd3j6py35xxa6wjcphr4be2","howlowilltheygo.bsky.social","immdef.bsky.social"
"at://did:plc:7p5rtelhbrwib3znwbxdlvbl/app.bsky.feed.post/3mimjwjnltk2v","did:plc:rmpeaety6lfdhgxno4kkihxr","stlhd1000.bsky.social","immdef.bsky.social"
"at://did:plc:7p5rtelhbrwib3znwbxdlvbl/app.bsky.feed.post/3mimjwjnltk2v","did:plc:crcwt5glpoglltch6ohk7x6y","jljacobson.bsky.social","immdef.bsky.social"
"at://did:plc:7p5rtelhbrwib3znwbxdlvbl/app.bsky.feed.post/3mimjwjnltk2v","did:plc:6g6dcpv3damuypskj4k2pfyq","hk1988.bsky.social","immdef.bsky.social"
"at://did:plc:nj7iog6v4yov2e7tctmwq6n3/app.bsky.feed.post/3mimjrle4522e","did:plc:2vpxvgcvm4b7d3fkts7booxd","hammarstrand.bsky.social","kimoco.bsky.social"
"at://did:plc:maiw2rfujepnphhrejytvuu5/app.bsky.feed.post/3mimjogkq7s2l","did:plc:zxl7abyevqatmngqvaxm2yzv","forgetheflowers.bsky.social","qjurecic.bsky.social"
"at://did:plc:maiw2rfujepnphhrejytvuu5/app.bsky.feed.post/3mimjogkq7s2l","did:plc:zr4rfu7nyqlibueul6hyqp5v","granuailynn.bsky.social","qjurecic.bsky.social"
"at://did:plc:maiw2rfujepnphhrejytvuu5/app.bsky.feed.post/3mimjogkq7s2l","did:plc:yrehosoplph3riftcdgduhpo","joshuaeaton.bsky.social","qjurecic.bsky.social"
"at://did:plc:maiw2rfujepnphhrejytvuu5/app.bsky.feed.post/3mimjogkq7s2l","did:plc:yogtm3pcah7libapvf6d37ce","sonoransam.bsky.social","qjurecic.bsky.social"
"at://did:plc:maiw2rfujepnphhrejytvuu5/app.bsky.feed.post/3mimjogkq7s2l","did:plc:ymsntfvnw5des4qdvsispicl","jammaj.bsky.social","qjurecic.bsky.social"
"at://did:plc:maiw2rfujepnphhrejytvuu5/app.bsky.feed.post/3mimjogkq7s2l","did:plc:yjqekodgo25hjem4isderwak","kevinleecaster.bsky.social","qjurecic.bsky.social"
"at://did:plc:maiw2rfujepnphhrejytvuu5/app.bsky.feed.post/3mimjogkq7s2l","did:plc:w7agzumnjwd72v4aslz4oyuq","riffle.bsky.social","qjurecic.bsky.social"
"at://did:plc:maiw2rfujepnphhrejytvuu5/app.bsky.feed.post/3mimjogkq7s2l","did:plc:vopkx5otca4cq7e27ejqv2id","upine.bsky.social","qjurecic.bsky.social"
"at://did:plc:maiw2rfujepnphhrejytvuu5/app.bsky.feed.post/3mimjogkq7s2l","did:plc:vhxheyofexjg5t4kkcxqwqdz","tr2120.bsky.social","qjurecic.bsky.social"
"at://did:plc:maiw2rfujepnphhrejytvuu5/app.bsky.feed.post/3mimjogkq7s2l","did:plc:tkrtfh7t6wf2miphimtx4agw","kathyswords.bsky.social","qjurecic.bsky.social"
"at://did:plc:maiw2rfujepnphhrejytvuu5/app.bsky.feed.post/3mimjogkq7s2l","did:plc:tanpk32xivkwsagjl3l6zsln","45xiatai.bsky.social","qjurecic.bsky.social"
"at://did:plc:maiw2rfujepnphhrejytvuu5/app.bsky.feed.post/3mimjogkq7s2l","did:plc:sva5ad6pbtkgrdrqyej2fe2f","andreapitzer.bsky.social","qjurecic.bsky.social"
"at://did:plc:maiw2rfujepnphhrejytvuu5/app.bsky.feed.post/3mimjogkq7s2l","did:plc:s6tpozozxim7qdbp5jcpqfjy","victorytwin.bsky.social","qjurecic.bsky.social"
"at://did:plc:maiw2rfujepnphhrejytvuu5/app.bsky.feed.post/3mimjogkq7s2l","did:plc:q7ikl7xjzv2vjz5mf3mqs6h3","entmisbehavin.bsky.social","qjurecic.bsky.social"
"at://did:plc:maiw2rfujepnphhrejytvuu5/app.bsky.feed.post/3mimjogkq7s2l","did:plc:pgggyd2mxnagumyt2e3e7s4s","valleyapple.bsky.social","qjurecic.bsky.social"
"at://did:plc:maiw2rfujepnphhrejytvuu5/app.bsky.feed.post/3mimjogkq7s2l","did:plc:n2u4nx3fmuji5op4n4oaablb","jonathanrheaps.bsky.social","qjurecic.bsky.social"
"at://did:plc:maiw2rfujepnphhrejytvuu5/app.bsky.feed.post/3mimjogkq7s2l","did:plc:mqsn6p6bzlcegmm5giy6yem5","necoast.bsky.social","qjurecic.bsky.social"
"at://did:plc:maiw2rfujepnphhrejytvuu5/app.bsky.feed.post/3mimjogkq7s2l","did:plc:lr7ly2cqzvihso5o4ekp7g2b","srmeiners.bsky.social","qjurecic.bsky.social"
"at://did:plc:maiw2rfujepnphhrejytvuu5/app.bsky.feed.post/3mimjogkq7s2l","did:plc:l5yz32nydpebjlcdfgycmf3x","knowtheory.net","qjurecic.bsky.social"
"at://did:plc:maiw2rfujepnphhrejytvuu5/app.bsky.feed.post/3mimjogkq7s2l","did:plc:l3opu6qhswaeafqcwavoqcpt","jrh18966.bsky.social","qjurecic.bsky.social"
"at://did:plc:maiw2rfujepnphhrejytvuu5/app.bsky.feed.post/3mimjogkq7s2l","did:plc:kebydlh56pqob4st3r4nl6rq","mls1776.bsky.social","qjurecic.bsky.social"
"at://did:plc:maiw2rfujepnphhrejytvuu5/app.bsky.feed.post/3mimjogkq7s2l","did:plc:jne72q5fnfotuqinopwsk6pq","camillelaguire.bsky.social","qjurecic.bsky.social"
"at://did:plc:maiw2rfujepnphhrejytvuu5/app.bsky.feed.post/3mimjogkq7s2l","did:plc:jlq4sg66div5i2k6nxuy6pvw","valentinorie.bsky.social","qjurecic.bsky.social"
"at://did:plc:maiw2rfujepnphhrejytvuu5/app.bsky.feed.post/3mimjogkq7s2l","did:plc:jedstruywjy64zwtvbxqjp57","ivdb.bsky.social","qjurecic.bsky.social"
"at://did:plc:maiw2rfujepnphhrejytvuu5/app.bsky.feed.post/3mimjogkq7s2l","did:plc:jas2oqt4kae7kmt3xpywvvw6","ichatterjea.bsky.social","qjurecic.bsky.social"
"at://did:plc:bj6a7q7sbqu2vil6bviysjgg/app.bsky.feed.post/3mimiwemhg22b","did:plc:zxwcmgsf6en4tt4bbbkxhimm","bahumbug.bsky.social","lawfaremedia.org"
"at://did:plc:bj6a7q7sbqu2vil6bviysjgg/app.bsky.feed.post/3mimiwemhg22b","did:plc:zu4eg7hwysga62vp4fon3erf","kenvogt.bsky.social","lawfaremedia.org"
"at://did:plc:bj6a7q7sbqu2vil6bviysjgg/app.bsky.feed.post/3mimiwemhg22b","did:plc:zr4rfu7nyqlibueul6hyqp5v","granuailynn.bsky.social","lawfaremedia.org"
"at://did:plc:bj6a7q7sbqu2vil6bviysjgg/app.bsky.feed.post/3mimiwemhg22b","did:plc:zorbht2gsxnxdis5jtyvsr6s","klynner.bsky.social","lawfaremedia.org"
"at://did:plc:bj6a7q7sbqu2vil6bviysjgg/app.bsky.feed.post/3mimiwemhg22b","did:plc:zkob43d37pdfb2wnibjp2jrg","bakerblue.bsky.social","lawfaremedia.org"
"at://did:plc:bj6a7q7sbqu2vil6bviysjgg/app.bsky.feed.post/3mimiwemhg22b","did:plc:zjgeql4gxzt6mbu66btdntzd","phallusyfallacy.bsky.social","lawfaremedia.org"
"at://did:plc:bj6a7q7sbqu2vil6bviysjgg/app.bsky.feed.post/3mimiwemhg22b","did:plc:zfwm3n5qssypersh3e3itp3e","kcgooner.bsky.social","lawfaremedia.org"
"at://did:plc:bj6a7q7sbqu2vil6bviysjgg/app.bsky.feed.post/3mimiwemhg22b","did:plc:yyq26p7cn3l3eprcaqpheton","pullingteeth.bsky.social","lawfaremedia.org"
"at://did:plc:bj6a7q7sbqu2vil6bviysjgg/app.bsky.feed.post/3mimiwemhg22b","did:plc:yxrvxbjyfjzasf2gpkc7s5mm","dlseltzer.bsky.social","lawfaremedia.org"
"at://did:plc:bj6a7q7sbqu2vil6bviysjgg/app.bsky.feed.post/3mimiwemhg22b","did:plc:yx4xqigawtwn3i3b2kzz33vc","coalminephoenix.bsky.social","lawfaremedia.org"
"at://did:plc:bj6a7q7sbqu2vil6bviysjgg/app.bsky.feed.post/3mimiwemhg22b","did:plc:ypqjzvs6q6kg7jnuqu4lbgr6","dramaticowl.myatproto.social","lawfaremedia.org"
"at://did:plc:bj6a7q7sbqu2vil6bviysjgg/app.bsky.feed.post/3mimiwemhg22b","did:plc:yfwzcwdog7yvmi4rzimhf7dt","miadove.bsky.social","lawfaremedia.org"
"at://did:plc:bj6a7q7sbqu2vil6bviysjgg/app.bsky.feed.post/3mimiwemhg22b","did:plc:yfh3cbsb5pleiro2w2wxxtl3","digitalwitness.bsky.social","lawfaremedia.org"
"at://did:plc:bj6a7q7sbqu2vil6bviysjgg/app.bsky.feed.post/3mimiwemhg22b","did:plc:yc6y3ko6vaj6o6x2iymefgd5","seekingserenity.bsky.social","lawfaremedia.org"
"at://did:plc:bj6a7q7sbqu2vil6bviysjgg/app.bsky.feed.post/3mimiwemhg22b","did:plc:y6fbvsyjzeev5vdulzmflu4m","justmacit1.bsky.social","lawfaremedia.org"
"at://did:plc:bj6a7q7sbqu2vil6bviysjgg/app.bsky.feed.post/3mimiwemhg22b","did:plc:y6eg4o2cvjy5edf7lukjriao","dj-chateau.bsky.social","lawfaremedia.org"
"at://did:plc:bj6a7q7sbqu2vil6bviysjgg/app.bsky.feed.post/3mimiwemhg22b","did:plc:xzobzduk6hmqmoikltixin5n","cwolbrecht.bsky.social","lawfaremedia.org"
"at://did:plc:bj6a7q7sbqu2vil6bviysjgg/app.bsky.feed.post/3mimiwemhg22b","did:plc:xsdbzvtvzwyqppyxrhwx2p3n","larbitre5280.bsky.social","lawfaremedia.org"
"at://did:plc:bj6a7q7sbqu2vil6bviysjgg/app.bsky.feed.post/3mimiwemhg22b","did:plc:xru2m66b5j5h52ipdnzo7jum","5thkid.bsky.social","lawfaremedia.org"
"at://did:plc:bj6a7q7sbqu2vil6bviysjgg/app.bsky.feed.post/3mimiwemhg22b","did:plc:xrtcychfebcmjj5g3lzprtyn","k2kel.bsky.social","lawfaremedia.org"
"at://did:plc:bj6a7q7sbqu2vil6bviysjgg/app.bsky.feed.post/3mimiwemhg22b","did:plc:xplewlrd4j52agyvzqkww2qi","rtushnet.bsky.social","lawfaremedia.org"
"at://did:plc:bj6a7q7sbqu2vil6bviysjgg/app.bsky.feed.post/3mimiwemhg22b","did:plc:xezycj4bdx6ztw25yelda355","billieefs.bsky.social","lawfaremedia.org"
"at://did:plc:bj6a7q7sbqu2vil6bviysjgg/app.bsky.feed.post/3mimiwemhg22b","did:plc:xdj4ryikydfzxxufcahrklsu","lglly.bsky.social","lawfaremedia.org"
"at://did:plc:bj6a7q7sbqu2vil6bviysjgg/app.bsky.feed.post/3mimiwemhg22b","did:plc:xbmvdotkhmgj3nkpu4ry3oxw","crab-cottage.bsky.social","lawfaremedia.org"
"at://did:plc:bj6a7q7sbqu2vil6bviysjgg/app.bsky.feed.post/3mimiwemhg22b","did:plc:x4f52esrd6udsyqvv6mvimkh","thesoundings.bsky.social","lawfaremedia.org"
"at://did:plc:bj6a7q7sbqu2vil6bviysjgg/app.bsky.feed.post/3mimiwemhg22b","did:plc:x4452mhnk552wb4sxkdv2uhs","mjcaswell.bsky.social","lawfaremedia.org"
"at://did:plc:bj6a7q7sbqu2vil6bviysjgg/app.bsky.feed.post/3mimiwemhg22b","did:plc:wufsdxzvzx36d7wppganbvpw","ericcolumbus.bsky.social","lawfaremedia.org"
"at://did:plc:bj6a7q7sbqu2vil6bviysjgg/app.bsky.feed.post/3mimiwemhg22b","did:plc:wtph7h3h57nmhd3xtcwwf3gt","clearspark.bsky.social","lawfaremedia.org"
"at://did:plc:bj6a7q7sbqu2vil6bviysjgg/app.bsky.feed.post/3mimiwemhg22b","did:plc:wnqp47etddedkiyyug2uahhy","lindalawrey.bsky.social","lawfaremedia.org"
"at://did:plc:bj6a7q7sbqu2vil6bviysjgg/app.bsky.feed.post/3mimiwemhg22b","did:plc:wk45xh4fuqyuaqwsv3itmt7u","chrisjustice01.bsky.social","lawfaremedia.org"
"at://did:plc:bj6a7q7sbqu2vil6bviysjgg/app.bsky.feed.post/3mimiwemhg22b","did:plc:wiwg3njld6m6b47zxiv77mny","macgyyver.bsky.social","lawfaremedia.org"
"at://did:plc:bj6a7q7sbqu2vil6bviysjgg/app.bsky.feed.post/3mimiwemhg22b","did:plc:whplk4xrufi7hkh7ntcky36q","ben-223.bsky.social","lawfaremedia.org"
"at://did:plc:bj6a7q7sbqu2vil6bviysjgg/app.bsky.feed.post/3mimiwemhg22b","did:plc:wdys44fo4ryogwd5cwo3xzec","sportyjtb.bsky.social","lawfaremedia.org"
"at://did:plc:bj6a7q7sbqu2vil6bviysjgg/app.bsky.feed.post/3mimiwemhg22b","did:plc:wbqdteupqk66bh5lxyex4y6n","beverlymann19.bsky.social","lawfaremedia.org"
"at://did:plc:bj6a7q7sbqu2vil6bviysjgg/app.bsky.feed.post/3mimiwemhg22b","did:plc:wb45vb3d2sgiqoyg7pwmvc34","segmentis.bsky.social","lawfaremedia.org"
"at://did:plc:bj6a7q7sbqu2vil6bviysjgg/app.bsky.feed.post/3mimiwemhg22b","did:plc:w63oqg6yy2hieliwsa7driko","buongeorno.bsky.social","lawfaremedia.org"
"at://did:plc:bj6a7q7sbqu2vil6bviysjgg/app.bsky.feed.post/3mimiwemhg22b","did:plc:vzmwq7dex56hzco6zewexwtw","bbgma.bsky.social","lawfaremedia.org"
"at://did:plc:bj6a7q7sbqu2vil6bviysjgg/app.bsky.feed.post/3mimiwemhg22b","did:plc:vvtk332h44zae53m2pidm2kt","celerycaraway.bsky.social","lawfaremedia.org"
"at://did:plc:bj6a7q7sbqu2vil6bviysjgg/app.bsky.feed.post/3mimiwemhg22b","did:plc:vvs2qgvxft6secuwfcj745yo","silentscreatch.bsky.social","lawfaremedia.org"
"at://did:plc:bj6a7q7sbqu2vil6bviysjgg/app.bsky.feed.post/3mimiwemhg22b","did:plc:vv6mrnfgod4xpe26psfqyhxn","guanoloco.bsky.social","lawfaremedia.org"
"at://did:plc:bj6a7q7sbqu2vil6bviysjgg/app.bsky.feed.post/3mimiwemhg22b","did:plc:vv3xobk5beejk5vmj53ewtbv","mimibaker.bsky.social","lawfaremedia.org"
"at://did:plc:bj6a7q7sbqu2vil6bviysjgg/app.bsky.feed.post/3mimiwemhg22b","did:plc:vu7ohiup3ft4trzp7fe3zidp","barbiewithatude.bsky.social","lawfaremedia.org"
"at://did:plc:bj6a7q7sbqu2vil6bviysjgg/app.bsky.feed.post/3mimiwemhg22b","did:plc:vrmx2e5gsi23srsy2n7vljvb","rparloff.bsky.social","lawfaremedia.org"
"at://did:plc:bj6a7q7sbqu2vil6bviysjgg/app.bsky.feed.post/3mimiwemhg22b","did:plc:voaotn4sa7gz7yvnv57lv3do","gsingleton.bsky.social","lawfaremedia.org"
"at://did:plc:bj6a7q7sbqu2vil6bviysjgg/app.bsky.feed.post/3mimiwemhg22b","did:plc:viivqkdtttmq63uqg3vfpj2q","harrislevy.bsky.social","lawfaremedia.org"
"at://did:plc:bj6a7q7sbqu2vil6bviysjgg/app.bsky.feed.post/3mimiwemhg22b","did:plc:vic7jpweftdxdzmxgxyzucg5","lesirg11.bsky.social","lawfaremedia.org"
"at://did:plc:bj6a7q7sbqu2vil6bviysjgg/app.bsky.feed.post/3mimiwemhg22b","did:plc:vhhupq3suulnja4stt3nykw2","gparham.bsky.social","lawfaremedia.org"
"at://did:plc:bj6a7q7sbqu2vil6bviysjgg/app.bsky.feed.post/3mimiwemhg22b","did:plc:vg6g24u3ncazzfmsuc7o7mma","bhippo.bsky.social","lawfaremedia.org"
"at://did:plc:bj6a7q7sbqu2vil6bviysjgg/app.bsky.feed.post/3mimiwemhg22b","did:plc:vg2iaf72bpsn37i2q2f2hc3h","triciah55.bsky.social","lawfaremedia.org"
"at://did:plc:nsttbhhihov4y5yejsri2zlr/app.bsky.feed.post/3mimiw4uksc2r","did:plc:zynmopwdmga6phr6ohlodofg","stevewarren209.bsky.social","nancylevinestearns.bsky.social"
"at://did:plc:nsttbhhihov4y5yejsri2zlr/app.bsky.feed.post/3mimiw4uksc2r","did:plc:ynh2dvith6linrkv4wcyrsy3","metaresistance.bsky.social","nancylevinestearns.bsky.social"
"at://did:plc:nsttbhhihov4y5yejsri2zlr/app.bsky.feed.post/3mimiw4uksc2r","did:plc:wdri4x6kmzftp7x6rf5irb3j","not4plato.bsky.social","nancylevinestearns.bsky.social"
"at://did:plc:nsttbhhihov4y5yejsri2zlr/app.bsky.feed.post/3mimiw4uksc2r","did:plc:sxtizfs5bjywkj2meznfzjpn","foghornleghorn1357.bsky.social","nancylevinestearns.bsky.social"
"at://did:plc:nsttbhhihov4y5yejsri2zlr/app.bsky.feed.post/3mimiw4uksc2r","did:plc:qk7dlldo25ynoa4aa4tt7yxt","mamabear64.bsky.social","nancylevinestearns.bsky.social"
"at://did:plc:nsttbhhihov4y5yejsri2zlr/app.bsky.feed.post/3mimiw4uksc2r","did:plc:p6prflanu5pi5ulwltmkmdfh","clawsofgrrrr.bsky.social","nancylevinestearns.bsky.social"
"at://did:plc:nsttbhhihov4y5yejsri2zlr/app.bsky.feed.post/3mimiw4uksc2r","did:plc:ogg7xhawp6weeaifhnxbypbu","chrisarrick.bsky.social","nancylevinestearns.bsky.social"
"at://did:plc:nsttbhhihov4y5yejsri2zlr/app.bsky.feed.post/3mimiw4uksc2r","did:plc:nmvs4rquwekpdwnoer3bygbx","snarlahazard.bsky.social","nancylevinestearns.bsky.social"
"at://did:plc:nsttbhhihov4y5yejsri2zlr/app.bsky.feed.post/3mimiw4uksc2r","did:plc:luvzn65mqfomqmc5xbowtkj3","michellesura.bsky.social","nancylevinestearns.bsky.social"
"at://did:plc:nsttbhhihov4y5yejsri2zlr/app.bsky.feed.post/3mimiw4uksc2r","did:plc:ksxhkbw2zhgrn5da7flfemiw","fuckcancer56.bsky.social","nancylevinestearns.bsky.social"
"at://did:plc:nsttbhhihov4y5yejsri2zlr/app.bsky.feed.post/3mimiw4uksc2r","did:plc:j2ixxwtk63ph7ilvjcvafnk4","altondewey68.bsky.social","nancylevinestearns.bsky.social"
"at://did:plc:nsttbhhihov4y5yejsri2zlr/app.bsky.feed.post/3mimiw4uksc2r","did:plc:hervmc2h2fuuae4hlzjkwexc","inezsneks2024.bsky.social","nancylevinestearns.bsky.social"
"at://did:plc:nsttbhhihov4y5yejsri2zlr/app.bsky.feed.post/3mimiw4uksc2r","did:plc:bielgdloyvh53gmlcnlabmdb","fascinatorfun.bsky.social","nancylevinestearns.bsky.social"
"at://did:plc:nsttbhhihov4y5yejsri2zlr/app.bsky.feed.post/3mimiw4uksc2r","did:plc:45zo7ngd6jez2sv2dobdsfjw","sandiesned.bsky.social","nancylevinestearns.bsky.social"
"at://did:plc:nsttbhhihov4y5yejsri2zlr/app.bsky.feed.post/3mimiw4uksc2r","did:plc:3qtmmysg64q6w725bmeywb7n","ouraniaseven.bsky.social","nancylevinestearns.bsky.social"
"at://did:plc:qebkdxqskl77uz26pgtwukzw/app.bsky.feed.post/3mimimod73k2m","did:plc:xry25rhfiatidkfqf6li64qq","insatiableone.bsky.social","alexpetrovnia.bsky.social"
"at://did:plc:qebkdxqskl77uz26pgtwukzw/app.bsky.feed.post/3mimimod73k2m","did:plc:i7cm4jsw6dtxpnoefiwsjffc","raoulduke1976.bsky.social","alexpetrovnia.bsky.social"
"at://did:plc:qebkdxqskl77uz26pgtwukzw/app.bsky.feed.post/3mimimod73k2m","did:plc:36bg4f3a7mhvxismjpdu3k5x","atalanta.bsky.social","alexpetrovnia.bsky.social"
"at://did:plc:msoo6i6mqwrs43l6ye37bbwl/app.bsky.feed.post/3mimikv2nic2w","did:plc:fyatsvrfabyea23lgfbyx7k7","bridget1965.bsky.social","williamhumphrey.bsky.social"
"at://did:plc:msoo6i6mqwrs43l6ye37bbwl/app.bsky.feed.post/3mimikv2nic2w","did:plc:d5b7mvfb42ux2d6nsxaurxp3","chipper60.bsky.social","williamhumphrey.bsky.social"
"at://did:plc:msoo6i6mqwrs43l6ye37bbwl/app.bsky.feed.post/3mimikv2nic2w","did:plc:7uwkijkmxz3a342rvevihaxg","starbornqm.bsky.social","williamhumphrey.bsky.social"
"at://did:plc:423vc2fo2iwudflm7i2htxqt/app.bsky.feed.post/3mimiizm7kk2b","did:plc:zrhbwuu7xq5qixregp3r3zge","carriesweet.bsky.social","bob2zz.bsky.social"
"at://did:plc:423vc2fo2iwudflm7i2htxqt/app.bsky.feed.post/3mimiizm7kk2b","did:plc:yoqqp2kxy2k2ydpzzfq3c43p","tat1111.bsky.social","bob2zz.bsky.social"
"at://did:plc:423vc2fo2iwudflm7i2htxqt/app.bsky.feed.post/3mimiizm7kk2b","did:plc:v5kktj4b6utukby3zd5mg7er","timparenti.com","bob2zz.bsky.social"
"at://did:plc:423vc2fo2iwudflm7i2htxqt/app.bsky.feed.post/3mimiizm7kk2b","did:plc:mf2vlniz6akucbcngrzesq3m","pjmtkg.bsky.social","bob2zz.bsky.social"
"at://did:plc:423vc2fo2iwudflm7i2htxqt/app.bsky.feed.post/3mimiizm7kk2b","did:plc:7fmn6by2gofmuejxeh54pw73","badlandslib.bsky.social","bob2zz.bsky.social"
"at://did:plc:epx5kbkcyr53y5egrh7hitld/app.bsky.feed.post/3mimid4nw4c2h","did:plc:epx5kbkcyr53y5egrh7hitld","plaintanjane.bsky.social","plaintanjane.bsky.social"
"at://did:plc:fum3w4xzx34oraieuoexypw5/app.bsky.feed.post/3mimicgrrss2f","did:plc:zyrizy2wybz5pxtfrl6utnnr","carlsbaddave.bsky.social","aleianjack.bsky.social"
"at://did:plc:fum3w4xzx34oraieuoexypw5/app.bsky.feed.post/3mimicgrrss2f","did:plc:fum3w4xzx34oraieuoexypw5","aleianjack.bsky.social","aleianjack.bsky.social"
"at://did:plc:snbbshdgooh6o34iu4m34cgp/app.bsky.feed.post/3mimi7brcec2s","did:plc:zz3oo5tnjwae6hzem4sqb5jj","kyleiridian.bsky.social","benjaminwittes.lawfaremedia.org"
"at://did:plc:snbbshdgooh6o34iu4m34cgp/app.bsky.feed.post/3mimi7brcec2s","did:plc:zv3prrbj7embrfi22wcuz4tp","spin4srv.bsky.social","benjaminwittes.lawfaremedia.org"
"at://did:plc:snbbshdgooh6o34iu4m34cgp/app.bsky.feed.post/3mimi7brcec2s","did:plc:ztwp3hmpo4ddwvgv5q4r5hpm","esmewrites.bsky.social","benjaminwittes.lawfaremedia.org"
"at://did:plc:snbbshdgooh6o34iu4m34cgp/app.bsky.feed.post/3mimi7brcec2s","did:plc:z5lz2zfipsbgfsbrz47f2eed","judiwgs.bsky.social","benjaminwittes.lawfaremedia.org"
"at://did:plc:snbbshdgooh6o34iu4m34cgp/app.bsky.feed.post/3mimi7brcec2s","did:plc:yx4xqigawtwn3i3b2kzz33vc","coalminephoenix.bsky.social","benjaminwittes.lawfaremedia.org"
"at://did:plc:snbbshdgooh6o34iu4m34cgp/app.bsky.feed.post/3mimi7brcec2s","did:plc:yfmsufsphulfqqjsogdexkcp","cranberryhorn.bsky.social","benjaminwittes.lawfaremedia.org"
"at://did:plc:snbbshdgooh6o34iu4m34cgp/app.bsky.feed.post/3mimi7brcec2s","did:plc:xskyt26syqqc22if5hn3iftx","jolittle4.bsky.social","benjaminwittes.lawfaremedia.org"
"at://did:plc:snbbshdgooh6o34iu4m34cgp/app.bsky.feed.post/3mimi7brcec2s","did:plc:xqr56i3bcui3kzdo2usc5uzh","rhlobbyist.bsky.social","benjaminwittes.lawfaremedia.org"
"at://did:plc:snbbshdgooh6o34iu4m34cgp/app.bsky.feed.post/3mimi7brcec2s","did:plc:x2tyfvc4o7hedveoscylcqe6","joelhanes.bsky.social","benjaminwittes.lawfaremedia.org"
"at://did:plc:snbbshdgooh6o34iu4m34cgp/app.bsky.feed.post/3mimi7brcec2s","did:plc:wxdc3ryrzbegyacjyu6mgl5d","bridgetdooling.bsky.social","benjaminwittes.lawfaremedia.org"
"at://did:plc:snbbshdgooh6o34iu4m34cgp/app.bsky.feed.post/3mimi7brcec2s","did:plc:wlzhugvmiecaos64xl7ix6y4","thepissedoldlady.bsky.social","benjaminwittes.lawfaremedia.org"
"at://did:plc:snbbshdgooh6o34iu4m34cgp/app.bsky.feed.post/3mimi7brcec2s","did:plc:wj77tqrikrr55s4e4ovn22gp","erniebornheimer.bsky.social","benjaminwittes.lawfaremedia.org"
"at://did:plc:snbbshdgooh6o34iu4m34cgp/app.bsky.feed.post/3mimi7brcec2s","did:plc:w3heva64f6gx5nooabbhsp7o","contractorron.bsky.social","benjaminwittes.lawfaremedia.org"
"at://did:plc:snbbshdgooh6o34iu4m34cgp/app.bsky.feed.post/3mimi7brcec2s","did:plc:w33uipt3oubzs4afvbe22uzy","knguyenwrites.bsky.social","benjaminwittes.lawfaremedia.org"
"at://did:plc:snbbshdgooh6o34iu4m34cgp/app.bsky.feed.post/3mimi7brcec2s","did:plc:ve7d3yncjg42vxm6hwmjneha","mamalocaz1.bsky.social","benjaminwittes.lawfaremedia.org"
"at://did:plc:snbbshdgooh6o34iu4m34cgp/app.bsky.feed.post/3mimi7brcec2s","did:plc:vcbsyzgwzu74nfbue2ey4cwx","familysherpa.bsky.social","benjaminwittes.lawfaremedia.org"
"at://did:plc:snbbshdgooh6o34iu4m34cgp/app.bsky.feed.post/3mimi7brcec2s","did:plc:utjqvn5pubcwk3o5ajeozcbt","valueaddedmomma.bsky.social","benjaminwittes.lawfaremedia.org"
"at://did:plc:snbbshdgooh6o34iu4m34cgp/app.bsky.feed.post/3mimi7brcec2s","did:plc:une6766salu4ezmrh445kr5a","kudzu99.bsky.social","benjaminwittes.lawfaremedia.org"
"at://did:plc:snbbshdgooh6o34iu4m34cgp/app.bsky.feed.post/3mimi7brcec2s","did:plc:u4oqjrzwcicjz3cnpra3mmyq","resisttyranny2025.bsky.social","benjaminwittes.lawfaremedia.org"
"at://did:plc:snbbshdgooh6o34iu4m34cgp/app.bsky.feed.post/3mimi7brcec2s","did:plc:to7fhh6xnqsncsjsws4kmqgj","stevievanwailin.bsky.social","benjaminwittes.lawfaremedia.org"
"at://did:plc:snbbshdgooh6o34iu4m34cgp/app.bsky.feed.post/3mimi7brcec2s","did:plc:tldwyqf7vfux7zfphibm5h7c","pammcnamara.bsky.social","benjaminwittes.lawfaremedia.org"
"at://did:plc:snbbshdgooh6o34iu4m34cgp/app.bsky.feed.post/3mimi7brcec2s","did:plc:tf3cuutfe2ukjvmimfljzptd","icymilaw.org","benjaminwittes.lawfaremedia.org"
"at://did:plc:snbbshdgooh6o34iu4m34cgp/app.bsky.feed.post/3mimi7brcec2s","did:plc:sy5r2cdfgj2pxcn5lj2uamyv","sheesaid757.bsky.social","benjaminwittes.lawfaremedia.org"
"at://did:plc:snbbshdgooh6o34iu4m34cgp/app.bsky.feed.post/3mimi7brcec2s","did:plc:snjhtnkjwm2bfxqculq5xkqz","motherskadi.bsky.social","benjaminwittes.lawfaremedia.org"
"at://did:plc:snbbshdgooh6o34iu4m34cgp/app.bsky.feed.post/3mimi7brcec2s","did:plc:sjgbqvyippm2vjkifdtqyc6z","stacy000.bsky.social","benjaminwittes.lawfaremedia.org"
"at://did:plc:otc3vesf5koehwig5tabwqyl/app.bsky.feed.post/3mimi32e67c2c","did:plc:hufa54hvoyr2a46cgagp3txf","stitchingtwitcher.bsky.social","wpln.bsky.social"
"at://did:plc:wzh4pykzodzzox75i2qzsvle/app.bsky.feed.post/3mimhyi2pp22c","did:plc:kpd7y4trtrvvcxr2onop3xte","bopeep-burton.bsky.social","thomasworking.bsky.social"
"at://did:plc:wzh4pykzodzzox75i2qzsvle/app.bsky.feed.post/3mimhyi2pp22c","did:plc:k2ixsqafk43otsupnldqacd7","shutterslut.bsky.social","thomasworking.bsky.social"
"at://did:plc:wzh4pykzodzzox75i2qzsvle/app.bsky.feed.post/3mimhyi2pp22c","did:plc:2vpxvgcvm4b7d3fkts7booxd","hammarstrand.bsky.social","thomasworking.bsky.social"
"at://did:plc:p47dpw3eycwe4a75crgrntyi/app.bsky.feed.post/3mimheex6rk2m","did:plc:fmmdiiqzhxjivm2lk6agt676","jstarbush.bsky.social","chrisrichards97.bsky.social"
"at://did:plc:gahl6u52p2brliqm5njlbe32/app.bsky.feed.post/3mimgkymwek23","did:plc:nnz5ij5cqwfqmxblsdxqv5ux","debasers.bsky.social","suesmith.lol"
"at://did:plc:nvuh2ztq3kknczrpa7vebhfk/app.bsky.feed.post/3mimg6nsepc27","did:plc:xhnai5skeftohedvqevwtyea","jfern.bsky.social","capitalandmain.bsky.social"
"at://did:plc:nvuh2ztq3kknczrpa7vebhfk/app.bsky.feed.post/3mimg6nsepc27","did:plc:mgrqq6hgw4amsnpja6hjdxlg","jenospeno.bsky.social","capitalandmain.bsky.social"
"at://did:plc:5bv7s4zopydyfv5eka2ayrpm/app.bsky.feed.post/3mimfm6xcdk23","did:plc:egl4mfr2njrr2br4vhya7yrf","judy-bug.bsky.social","wholenotes.bsky.social"
"at://did:plc:yr4zlvefvhsacz665l26pf7y/app.bsky.feed.post/3mimffk3mpc2i","did:plc:676svrpoqnzm5om3lxpkxnve","bbjran8.bsky.social","pragmaticpolitic.bsky.social"
"at://did:plc:ibive47zhpz4fpkqi6yekejf/app.bsky.feed.post/3mimfb7sl5c27","did:plc:rhkfcxfmeynsyxdbsf7p7yv5","ehommeland.bsky.social","madstash.bsky.social"
"at://did:plc:ibive47zhpz4fpkqi6yekejf/app.bsky.feed.post/3mimfb7sl5c27","did:plc:p7rz3aa2eniiirkpd2zod33l","queenofthecorgis.bsky.social","madstash.bsky.social"
"at://did:plc:ibive47zhpz4fpkqi6yekejf/app.bsky.feed.post/3mimdwziqcc2i","did:plc:rhkfcxfmeynsyxdbsf7p7yv5","ehommeland.bsky.social","madstash.bsky.social"
"at://did:plc:ibive47zhpz4fpkqi6yekejf/app.bsky.feed.post/3mimdwziqcc2i","did:plc:d67xsyb6hbg6c2rxormsdc2i","givemegrace.bsky.social","madstash.bsky.social"
"at://did:plc:56h33nxl6trjwwqaq4gn2q6z/app.bsky.feed.post/3mimuowa62k27","did:plc:mqql3znzktx7r5n4zxoe4cy6","paws101.bsky.social","btucker.bsky.social"
"at://did:plc:56h33nxl6trjwwqaq4gn2q6z/app.bsky.feed.post/3mimuowa62k27","did:plc:lc2fei6fjra4vmftxbzar4ux","convictchick.bsky.social","btucker.bsky.social"
"at://did:plc:56h33nxl6trjwwqaq4gn2q6z/app.bsky.feed.post/3mimuowa62k27","did:plc:g7wo5hlzopkshrsllenzzu5c","mspraxis.bsky.social","btucker.bsky.social"
"at://did:plc:56h33nxl6trjwwqaq4gn2q6z/app.bsky.feed.post/3mimuowa62k27","did:plc:dx46zwxhzpmze4uxehdpidgt","flickytill.bsky.social","btucker.bsky.social"
"at://did:plc:56h33nxl6trjwwqaq4gn2q6z/app.bsky.feed.post/3mimuowa62k27","did:plc:duttyjm6nn5j4fatk7olecye","ianjcar.bsky.social","btucker.bsky.social"
"at://did:plc:56h33nxl6trjwwqaq4gn2q6z/app.bsky.feed.post/3mimuowa62k27","did:plc:c4ym52uou5tnhepyb6rg5wc3","jomacd.bsky.social","btucker.bsky.social"
"at://did:plc:56h33nxl6trjwwqaq4gn2q6z/app.bsky.feed.post/3mimuowa62k27","did:plc:aan5o2r25gk6bujuykl6b3ek","ralphyh.bsky.social","btucker.bsky.social"
"at://did:plc:56h33nxl6trjwwqaq4gn2q6z/app.bsky.feed.post/3mimuowa62k27","did:plc:5immwhz2o5fq2bgknsvgerwq","winkypop.bsky.social","btucker.bsky.social"
"at://did:plc:56h33nxl6trjwwqaq4gn2q6z/app.bsky.feed.post/3mimuowa62k27","did:plc:34w6a7balnhlrg73gg3woskw","harrysmum59.bsky.social","btucker.bsky.social"
"at://did:plc:2geyars7n4jdyvkhzrv5ywll/app.bsky.feed.post/3mimtecnfkk2l","did:plc:z5elty53jitdrlg7wfgl352a","lb1958.bsky.social","gladdiegoodevening.bsky.social"
"at://did:plc:2geyars7n4jdyvkhzrv5ywll/app.bsky.feed.post/3mimtecnfkk2l","did:plc:q77r4l6gshev4mec6jl4phm4","leftsideofhistory.bsky.social","gladdiegoodevening.bsky.social"
"at://did:plc:flbwkumtiiwwknajutkabq67/app.bsky.feed.post/3mimrgy6pws2m","did:plc:wvzavihohrjuf5m46xcrot3c","squeakoverflow.bsky.social","nightnoelle.bsky.social"
"at://did:plc:flbwkumtiiwwknajutkabq67/app.bsky.feed.post/3mimrgy6pws2m","did:plc:homdtjei55se2ncagbnnfukh","sylanmystra.bsky.social","nightnoelle.bsky.social"
"at://did:plc:flbwkumtiiwwknajutkabq67/app.bsky.feed.post/3mimrgy6pws2m","did:plc:flbwkumtiiwwknajutkabq67","nightnoelle.bsky.social","nightnoelle.bsky.social"
"at://did:plc:flbwkumtiiwwknajutkabq67/app.bsky.feed.post/3mimrgy6pws2m","did:plc:bx2do2wdkc3qybfs3xlf264f","mickypastastash.bsky.social","nightnoelle.bsky.social"
"at://did:plc:ey2fsrewirjmpghjot7pjq5g/app.bsky.feed.post/3mimrgfq4jk2b","did:plc:6rur5yekcor5xursnpg4vtdc","jefffowler.bsky.social","nih-llamas.bsky.social"
"at://did:plc:r73kjlwfdyge5x2laitip3pc/app.bsky.feed.post/3mimrerzsmj26","did:plc:frblcvw7eevv4lxorgummrlf","greathands4you.bsky.social","uspol.skyfleet.blue"
"at://did:plc:r73kjlwfdyge5x2laitip3pc/app.bsky.feed.post/3mimrerzsmj26","did:plc:dfdjkr33ruijuecedciwzhss","mtgmaskullz.bsky.social","uspol.skyfleet.blue"
"at://did:plc:427byf5a42udtjumwjwz5sey/app.bsky.feed.post/3mimq7izz2c2l","did:plc:2xwhciskzc4nhlr4usoqv7uv","jpstormcrow.bsky.social","joshuaholland.bsky.social"
"at://did:plc:awja7lo7gd4kg5htprel4i37/app.bsky.feed.post/3mimoxdg4ic2a","did:plc:qyu6gdpu64lx7oce7lyvrpbx","jfkfan.bsky.social","rayhether.bsky.social"
"at://did:plc:qc6xzgctorfsm35w6i3vdebx/app.bsky.feed.post/3mimojjxvgc2q","did:plc:hkqtuvo636pgoo7gcqevogp6","humanitymustwin.bsky.social","edzitron.com"
"at://did:plc:qc6xzgctorfsm35w6i3vdebx/app.bsky.feed.post/3mimojjxvgc2q","did:plc:giq6mh5yjiy5rubbo6lzcoix","orangevibe.bsky.social","edzitron.com"
"at://did:plc:fzp35pb3hsqki6dvyfllhcog/app.bsky.feed.post/3mimofn5f7c2f","did:plc:tna4zviur3w3dijnm55imhth","the-margret.bsky.social","skullgeist.bsky.social"
"at://did:plc:fzp35pb3hsqki6dvyfllhcog/app.bsky.feed.post/3mimofn5f7c2f","did:plc:l7yinyvoai7uj2mhwgmfusa7","breezeblues.bsky.social","skullgeist.bsky.social"
"at://did:plc:fzp35pb3hsqki6dvyfllhcog/app.bsky.feed.post/3mimofn5f7c2f","did:plc:fzp35pb3hsqki6dvyfllhcog","skullgeist.bsky.social","skullgeist.bsky.social"
"at://did:plc:fzp35pb3hsqki6dvyfllhcog/app.bsky.feed.post/3mimofn5f7c2f","did:plc:comk57uobq7yuxqlsk2wardd","goomiirl.bsky.social","skullgeist.bsky.social"
"at://did:plc:fzp35pb3hsqki6dvyfllhcog/app.bsky.feed.post/3mimofn5f7c2f","did:plc:4yoadikbtd36z5acdkpksbbf","omillie-tanks.bsky.social","skullgeist.bsky.social"
"at://did:plc:fzp35pb3hsqki6dvyfllhcog/app.bsky.feed.post/3mimofn5f7c2f","did:plc:3i4mi7gbgiidswgv5fh3r2e5","john-g-scourgey.bsky.social","skullgeist.bsky.social"
"at://did:plc:sgti3jsgu3luif24tokvth3a/app.bsky.feed.post/3mimnnnlcus23","did:plc:zo76vfxjjnrfaouhjlcrfgve","coolingcard.bsky.social","joshtpm.bsky.social"
"at://did:plc:sgti3jsgu3luif24tokvth3a/app.bsky.feed.post/3mimnnnlcus23","did:plc:zm2ka2kmsj3iilt4uad7pual","carolkl.bsky.social","joshtpm.bsky.social"
"at://did:plc:sgti3jsgu3luif24tokvth3a/app.bsky.feed.post/3mimnnnlcus23","did:plc:zgi6lxezdt3bwt6ntu6ctgpc","knickerson.bsky.social","joshtpm.bsky.social"
"at://did:plc:sgti3jsgu3luif24tokvth3a/app.bsky.feed.post/3mimnnnlcus23","did:plc:ypyu2a4tlora5bgmz3frvkhm","hoosiernathaniel.bsky.social","joshtpm.bsky.social"
"at://did:plc:sgti3jsgu3luif24tokvth3a/app.bsky.feed.post/3mimnnnlcus23","did:plc:x6vamdlequijtlwau3b2irmx","j-m-boles.bsky.social","joshtpm.bsky.social"
"at://did:plc:sgti3jsgu3luif24tokvth3a/app.bsky.feed.post/3mimnnnlcus23","did:plc:x4f52esrd6udsyqvv6mvimkh","thesoundings.bsky.social","joshtpm.bsky.social"
"at://did:plc:sgti3jsgu3luif24tokvth3a/app.bsky.feed.post/3mimnnnlcus23","did:plc:wh6qhvssbtlveydgcb2dnfyr","beekree.bsky.social","joshtpm.bsky.social"
"at://did:plc:sgti3jsgu3luif24tokvth3a/app.bsky.feed.post/3mimnnnlcus23","did:plc:wgvzpsfe3zdsytgfunw4tgz4","infinitivd.bsky.social","joshtpm.bsky.social"
"at://did:plc:sgti3jsgu3luif24tokvth3a/app.bsky.feed.post/3mimnnnlcus23","did:plc:wcii3uyhuebl6r3m3bowyckr","bobfrisbeemay.bsky.social","joshtpm.bsky.social"
"at://did:plc:sgti3jsgu3luif24tokvth3a/app.bsky.feed.post/3mimnnnlcus23","did:plc:w7ott4wyov5plspxs3c7cxwi","stevemnomoremister.bsky.social","joshtpm.bsky.social"
"at://did:plc:sgti3jsgu3luif24tokvth3a/app.bsky.feed.post/3mimnnnlcus23","did:plc:uw5rfxt326xzzbkkvz6jpljm","claudiner66.bsky.social","joshtpm.bsky.social"
"at://did:plc:sgti3jsgu3luif24tokvth3a/app.bsky.feed.post/3mimnnnlcus23","did:plc:upfxijq6j2hbdoj34zef5xo2","navinpokala.bsky.social","joshtpm.bsky.social"
"at://did:plc:sgti3jsgu3luif24tokvth3a/app.bsky.feed.post/3mimnnnlcus23","did:plc:uiicyp7lcburhzugaef7jam4","txvoodoo.bsky.social","joshtpm.bsky.social"
"at://did:plc:sgti3jsgu3luif24tokvth3a/app.bsky.feed.post/3mimnnnlcus23","did:plc:u2tcn2v5yti2snp473gipktb","dan-g60.bsky.social","joshtpm.bsky.social"
"at://did:plc:sgti3jsgu3luif24tokvth3a/app.bsky.feed.post/3mimnnnlcus23","did:plc:tmktvdwl6fzhpzgsa66uve53","sherwin44.bsky.social","joshtpm.bsky.social"
"at://did:plc:sgti3jsgu3luif24tokvth3a/app.bsky.feed.post/3mimnnnlcus23","did:plc:thvk7lgew3dic6zjoi3bqcpo","nakhthor.bsky.social","joshtpm.bsky.social"
"at://did:plc:sgti3jsgu3luif24tokvth3a/app.bsky.feed.post/3mimnnnlcus23","did:plc:sgti3jsgu3luif24tokvth3a","joshtpm.bsky.social","joshtpm.bsky.social"
"at://did:plc:sgti3jsgu3luif24tokvth3a/app.bsky.feed.post/3mimnnnlcus23","did:plc:sca6xo6kokkrr53evtskcbft","smbritton.bsky.social","joshtpm.bsky.social"
"at://did:plc:sgti3jsgu3luif24tokvth3a/app.bsky.feed.post/3mimnnnlcus23","did:plc:rsfdamm6cpmcns4giyug6fje","mrstorage.bsky.social","joshtpm.bsky.social"
"at://did:plc:sgti3jsgu3luif24tokvth3a/app.bsky.feed.post/3mimnnnlcus23","did:plc:rems6doimah5up6uibj3ubzf","starlightwishes.bsky.social","joshtpm.bsky.social"
"at://did:plc:sgti3jsgu3luif24tokvth3a/app.bsky.feed.post/3mimnnnlcus23","did:plc:rebja7xfhyyaxfffkr6bp4ko","leerysnail.bsky.social","joshtpm.bsky.social"
"at://did:plc:sgti3jsgu3luif24tokvth3a/app.bsky.feed.post/3mimnnnlcus23","did:plc:otzr75d7mobvqpynszcwtzya","aercolini.bsky.social","joshtpm.bsky.social"
"at://did:plc:sgti3jsgu3luif24tokvth3a/app.bsky.feed.post/3mimnnnlcus23","did:plc:op3fortsbkhm6nosrcnbj4q3","mescherer.bsky.social","joshtpm.bsky.social"
"at://did:plc:sgti3jsgu3luif24tokvth3a/app.bsky.feed.post/3mimnnnlcus23","did:plc:nw5a6bbhehy4bbf6narv5hmk","jmkizer.bsky.social","joshtpm.bsky.social"
"at://did:plc:sgti3jsgu3luif24tokvth3a/app.bsky.feed.post/3mimnnnlcus23","did:plc:m27ipme2p7tf6c2r6d36jesh","lokicharms.bsky.social","joshtpm.bsky.social"
"at://did:plc:4xtbdet5keuguykxvcuil4z7/app.bsky.feed.post/3mimmsgksxc2w","did:plc:mwqnfbtrq23o6tcvcjj4dxch","cussingrandma.bsky.social","edengk.bsky.social"
"at://did:plc:4xtbdet5keuguykxvcuil4z7/app.bsky.feed.post/3mimmsgksxc2w","did:plc:bvukgfpchdpbndyxgapjh24m","handle.invalid","edengk.bsky.social"
"at://did:plc:4xtbdet5keuguykxvcuil4z7/app.bsky.feed.post/3mimmsgksxc2w","did:plc:7gh77q7kwlfo7b6arfbk45u3","julieannewingate.bsky.social","edengk.bsky.social"
"at://did:plc:4xtbdet5keuguykxvcuil4z7/app.bsky.feed.post/3mimmsgksxc2w","did:plc:4gacuqjopp3m5csywgijnmjy","mooluna.bsky.social","edengk.bsky.social"
"at://did:plc:pak3r4f5v4zu4jzo772y2iep/app.bsky.feed.post/3mimmldqq622c","did:plc:iyqmswou22oceufl65stbo7j","supplysgt.bsky.social","mattmcneilshow.bsky.social"
"at://did:plc:slxntma7cutc5c3ev2ckouqd/app.bsky.feed.post/3mimlprt4ek2a","did:plc:yvoqurmhxk36iplutgdmrskg","robertgalbraith.bsky.social","mitildide.bsky.social"
"at://did:plc:slxntma7cutc5c3ev2ckouqd/app.bsky.feed.post/3mimlprt4ek2a","did:plc:qnwrertmdznkkexzktkweuvb","edithcharles.bsky.social","mitildide.bsky.social"
"at://did:plc:slxntma7cutc5c3ev2ckouqd/app.bsky.feed.post/3mimlprt4ek2a","did:plc:q25v6a7xjgtwzpa4jzlc2bp7","godallmighty12.bsky.social","mitildide.bsky.social"
"at://did:plc:slxntma7cutc5c3ev2ckouqd/app.bsky.feed.post/3mimlprt4ek2a","did:plc:ow2qjbkxcvykgsuujzipptj4","karolinarios.bsky.social","mitildide.bsky.social"
"at://did:plc:slxntma7cutc5c3ev2ckouqd/app.bsky.feed.post/3mimlprt4ek2a","did:plc:gkwf7peia2gto5sc2rcl4yqz","0kultra.bsky.social","mitildide.bsky.social"
"at://did:plc:slxntma7cutc5c3ev2ckouqd/app.bsky.feed.post/3mimlprt4ek2a","did:plc:geqcfk6hsezhgqus3xjxloqt","nholzschuch.bsky.social","mitildide.bsky.social"
"at://did:plc:5r2aigla7mq6gktsocqi5k3g/app.bsky.feed.post/3mimk5ucb6k2y","did:plc:rth264yehrcxgvabluksbq5f","blueberrybird20.bsky.social","joemama104.bsky.social"
"at://did:plc:5r2aigla7mq6gktsocqi5k3g/app.bsky.feed.post/3mimk5ucb6k2y","did:plc:nxouskukxq4pfdxhf65ghftt","immodest.bsky.social","joemama104.bsky.social"
"at://did:plc:5r2aigla7mq6gktsocqi5k3g/app.bsky.feed.post/3mimk5ucb6k2y","did:plc:m4rj2fj7yuyy6f6qlnyixpdb","mrtheguy076.bsky.social","joemama104.bsky.social"
"at://did:plc:5r2aigla7mq6gktsocqi5k3g/app.bsky.feed.post/3mimk5ucb6k2y","did:plc:jmup5lyy52eafgwaqmor6xxq","funnywitchboy.bsky.social","joemama104.bsky.social"
"at://did:plc:5r2aigla7mq6gktsocqi5k3g/app.bsky.feed.post/3mimk5ucb6k2y","did:plc:jat25sijic4ztiikrkppvwtm","tsinfultsu.bsky.social","joemama104.bsky.social"
"at://did:plc:5r2aigla7mq6gktsocqi5k3g/app.bsky.feed.post/3mimk5ucb6k2y","did:plc:j3d3t42m4dumvenk4nh3kfih","blueblot.bsky.social","joemama104.bsky.social"
"at://did:plc:5r2aigla7mq6gktsocqi5k3g/app.bsky.feed.post/3mimk5ucb6k2y","did:plc:hp4a6dpnyoe3yh7a22msk254","mrnobody623.bsky.social","joemama104.bsky.social"
"at://did:plc:5r2aigla7mq6gktsocqi5k3g/app.bsky.feed.post/3mimk5ucb6k2y","did:plc:dboqknwaws5hzw44i4tbtxnb","gluttonouscassie.bsky.social","joemama104.bsky.social"
"at://did:plc:5r2aigla7mq6gktsocqi5k3g/app.bsky.feed.post/3mimk5ucb6k2y","did:plc:cxvnmq6teyshl5uotnqlxojr","freakovatic.bsky.social","joemama104.bsky.social"
"at://did:plc:5r2aigla7mq6gktsocqi5k3g/app.bsky.feed.post/3mimk5ucb6k2y","did:plc:6zylmozrqtziqkpbvyfkfyiy","kurimystic.bsky.social","joemama104.bsky.social"
"at://did:plc:5r2aigla7mq6gktsocqi5k3g/app.bsky.feed.post/3mimk5ucb6k2y","did:plc:42qcfddftjwnkmkeytsmcyfv","enderlloonfemboy.bsky.social","joemama104.bsky.social"
"at://did:plc:t5rhwsfwzw73quefjwqnefr4/app.bsky.feed.post/3mimjyfmpx22y","did:plc:wk2dgxritvba54a7pk5wxevf","psmmajus.bsky.social","largegecko.bsky.social"
"at://did:plc:t5rhwsfwzw73quefjwqnefr4/app.bsky.feed.post/3mimjyfmpx22y","did:plc:tiy5hbzekpnovjyski43zgoj","tismthegoat.bsky.social","largegecko.bsky.social"
"at://did:plc:t5rhwsfwzw73quefjwqnefr4/app.bsky.feed.post/3mimjyfmpx22y","did:plc:pzkohw3r5xlqub4772k3x7ax","chilihoot.bsky.social","largegecko.bsky.social"
"at://did:plc:t5rhwsfwzw73quefjwqnefr4/app.bsky.feed.post/3mimjyfmpx22y","did:plc:pxovwaxpmrhdbbnxkcwfhh44","blimpyliodile.bsky.social","largegecko.bsky.social"
"at://did:plc:t5rhwsfwzw73quefjwqnefr4/app.bsky.feed.post/3mimjyfmpx22y","did:plc:iczvqonwkbzbx5rrklvflbzx","keirosdragon.bsky.social","largegecko.bsky.social"
"at://did:plc:t5rhwsfwzw73quefjwqnefr4/app.bsky.feed.post/3mimjyfmpx22y","did:plc:hwkhvorx7c4qi7xvhe2svjw6","pyromancertitan.bsky.social","largegecko.bsky.social"
"at://did:plc:t5rhwsfwzw73quefjwqnefr4/app.bsky.feed.post/3mimjyfmpx22y","did:plc:g6emq6w3xpogrzst6yo7a5tf","electricfire.bsky.social","largegecko.bsky.social"
"at://did:plc:t5rhwsfwzw73quefjwqnefr4/app.bsky.feed.post/3mimjyfmpx22y","did:plc:44e7hfltockbfx24rjpn6fbq","oaoseoreo.eurosky.social","largegecko.bsky.social"
"at://did:plc:tywukjsdu7wtdkcag724woy7/app.bsky.feed.post/3mimjbz73tc26","did:plc:mgrqq6hgw4amsnpja6hjdxlg","jenospeno.bsky.social","musicalchairs.bsky.social"
"at://did:plc:tywukjsdu7wtdkcag724woy7/app.bsky.feed.post/3mimjbz73tc26","did:plc:boalhktgzekza3mkdxbzt3iu","dejanajuk.bsky.social","musicalchairs.bsky.social"
"at://did:plc:tywukjsdu7wtdkcag724woy7/app.bsky.feed.post/3mimjbz73tc26","did:plc:3ntkw6u2ntx32ge2ya4bj7c4","andrewr4.bsky.social","musicalchairs.bsky.social"
"at://did:plc:epfbbqxbmughayzg4b5tndxr/app.bsky.feed.post/3mimisy3pic23","did:plc:e4ldrazpbo656gbshasyppan","fornbirkibeinn.bsky.social","hindchristopher.bsky.social"
"at://did:plc:7jbnqzsjhhu6i6emt2rvstwt/app.bsky.feed.post/3mimiqjxdrc2d","did:plc:a2usldqzpwtrrravqjqjt67s","djbhoskins.bsky.social","mog7546.bsky.social"
"at://did:plc:7jbnqzsjhhu6i6emt2rvstwt/app.bsky.feed.post/3mimiqjxdrc2d","did:plc:7jbnqzsjhhu6i6emt2rvstwt","mog7546.bsky.social","mog7546.bsky.social"
"at://did:plc:t5deuiv7hqtfzakiqobaozdx/app.bsky.feed.post/3mimffpag5c2s","did:plc:mnsqwdzrz4zdzvkb6yskhqd3","seebo429.bsky.social","csaulnier.bsky.social"
"at://did:plc:t5deuiv7hqtfzakiqobaozdx/app.bsky.feed.post/3mimffpag5c2s","did:plc:ehq3adx45nqt3jpdc7ubn6be","anthonypash.bsky.social","csaulnier.bsky.social"
"at://did:plc:wcn7zqiltsrhmwxvk3vgoxrs/app.bsky.feed.post/3mimemhk3522c","did:plc:k5aqgkcc2cba62qzxe66hv3v","pdog11234.bsky.social","kcoxdc.bsky.social"
"at://did:plc:wcn7zqiltsrhmwxvk3vgoxrs/app.bsky.feed.post/3mimemhk3522c","did:plc:izhfbj6pve3oskf3pbz6b3vr","ianlivingston.bsky.social","kcoxdc.bsky.social"
"at://did:plc:wcn7zqiltsrhmwxvk3vgoxrs/app.bsky.feed.post/3mimemhk3522c","did:plc:gtfwbfkjsgyuhthw6ypob4h3","77afwx99.bsky.social","kcoxdc.bsky.social"
"at://did:plc:wcn7zqiltsrhmwxvk3vgoxrs/app.bsky.feed.post/3mimemhk3522c","did:plc:6tv2exnb4axhaov2uurk6txt","dmkavanagh.bsky.social","kcoxdc.bsky.social"
"at://did:plc:qwoy5ytjcmle36tq7hbferjy/app.bsky.feed.post/3mimcuk57i22r","did:plc:n3jxw2gcvte4bgiarooeqwb7","hermes61.bsky.social","miaganga.bsky.social"
"at://did:plc:qwoy5ytjcmle36tq7hbferjy/app.bsky.feed.post/3mimcuk57i22r","did:plc:fzbausjavhm6uarsu7flsq26","jcrobison.bsky.social","miaganga.bsky.social"
"at://did:plc:qwoy5ytjcmle36tq7hbferjy/app.bsky.feed.post/3mimcuk57i22r","did:plc:2umxd5fmuaytudpnroybmkv7","scubagrl.bsky.social","miaganga.bsky.social"
"at://did:plc:dpprex2tp7zfygit64th3epf/app.bsky.feed.post/3mimccqjdic2b","did:plc:4v3dbdvjiekyh7i3i3wygkkb","truthfuljaimarie.blacksky.app","alumni-pred.blacksky.app"
"at://did:plc:6utgedqtznjw7ntf5aswse5f/app.bsky.feed.post/3mimcbdvwq224","did:plc:4xq5pgf3hifgmm5tl6sexfud","nerdgirlwho.bsky.social","hillhit.bsky.social"
"at://did:plc:rqw4aavdz4sd7d2owfk7uqbz/app.bsky.feed.post/3mimbsylj4k2f","did:plc:vw7cmyef7x3ckrwauz2ahhem","armankafai.bsky.social","jeremiah.sounderatheart.com"
"at://did:plc:rqw4aavdz4sd7d2owfk7uqbz/app.bsky.feed.post/3mimbsylj4k2f","did:plc:oeftg2lvkrjw3ki3f5jmsjob","timostlundfoss.bsky.social","jeremiah.sounderatheart.com"
"at://did:plc:rqw4aavdz4sd7d2owfk7uqbz/app.bsky.feed.post/3mimbsylj4k2f","did:plc:2zzcbttrdksv74zfz3egfcyf","reddtrain.bsky.social","jeremiah.sounderatheart.com"
"at://did:plc:6ezgglx72vafsn6oxkmsvdgt/app.bsky.feed.post/3mimbpjflm22l","did:plc:4vyd2au4ssq3xe2whvgocu5u","chrisschneider.bsky.social","nephologue.bsky.social"
"at://did:plc:hjh7wpndatewctnranzum2dd/app.bsky.feed.post/3mim7i22ra22z","did:plc:rawo2ry5qkzaaj6xahy5chiu","eagleweagle.bsky.social","chapu.sheath.church"
"at://did:plc:hjh7wpndatewctnranzum2dd/app.bsky.feed.post/3mim7i22ra22z","did:plc:hetq5xfe6ljkbm55jtiulnv2","rafamax.bsky.social","chapu.sheath.church"
"at://did:plc:z4ma4ka7w6v5ji6uu7qbvgch/app.bsky.feed.post/3mim7gjd7xc22","did:plc:462mkz4bspd3k4iuwzngv6eh","tinyteerex.bsky.social","sustainablesong.bsky.social"
"at://did:plc:z4ma4ka7w6v5ji6uu7qbvgch/app.bsky.feed.post/3mim7gjd7xc22","did:plc:3d27kcr45madjmk6rfl3tgb3","jarrah21.bsky.social","sustainablesong.bsky.social"
"at://did:plc:zwlj2d6nr2yun2poyvokffjy/app.bsky.feed.post/3mim6x2o7n22s","did:plc:vpdjuyxrc7mic33eiv6dtm33","queenief.bsky.social","katzish.bsky.social"
"at://did:plc:zwlj2d6nr2yun2poyvokffjy/app.bsky.feed.post/3mim6x2o7n22s","did:plc:lsqc2h3sx7vd2pyjpa7cnoip","rangerwinslow.pds.witchcraft.systems","katzish.bsky.social"
"at://did:plc:zwlj2d6nr2yun2poyvokffjy/app.bsky.feed.post/3mim6x2o7n22s","did:plc:cj3lmfeeyptyn4u2zlgcpdfo","bryanquinn1981.bsky.social","katzish.bsky.social"
"at://did:plc:zwlj2d6nr2yun2poyvokffjy/app.bsky.feed.post/3mim6x2o7n22s","did:plc:3qtmmysg64q6w725bmeywb7n","ouraniaseven.bsky.social","katzish.bsky.social"
"at://did:plc:65mgfx2oprkdjmautl2as73u/app.bsky.feed.post/3mim5t7agzt2h","did:plc:5qqvwmmvr4spdouktxt3sxy3","sunshineevh59.bsky.social","sweetwitch2697.bsky.social"
"at://did:plc:65mgfx2oprkdjmautl2as73u/app.bsky.feed.post/3mim4i7rmgd2h","did:plc:fedizqsu66ycikmen5v3plve","pathanten.bsky.social","sweetwitch2697.bsky.social"
"at://did:plc:65mgfx2oprkdjmautl2as73u/app.bsky.feed.post/3mim4i7rmgd2h","did:plc:ecpaxm553okgh65ountlauen","jimlo-hi.bsky.social","sweetwitch2697.bsky.social"
"at://did:plc:vw7cmyef7x3ckrwauz2ahhem/app.bsky.feed.post/3mim4eohl322l","did:plc:yynz3wgoo3lehdw5fazeum2t","silverrey.bsky.social","armankafai.bsky.social"
"at://did:plc:vw7cmyef7x3ckrwauz2ahhem/app.bsky.feed.post/3mim4eohl322l","did:plc:vw7cmyef7x3ckrwauz2ahhem","armankafai.bsky.social","armankafai.bsky.social"
"at://did:plc:vw7cmyef7x3ckrwauz2ahhem/app.bsky.feed.post/3mim4eohl322l","did:plc:rl4ai5vwn6xq4avham63z2wv","bigdsoccer.com","armankafai.bsky.social"
"at://did:plc:vw7cmyef7x3ckrwauz2ahhem/app.bsky.feed.post/3mim4eohl322l","did:plc:rat6cebh6tbxofyad6w5oiwq","akeaswaran.me","armankafai.bsky.social"
"at://did:plc:vw7cmyef7x3ckrwauz2ahhem/app.bsky.feed.post/3mim4eohl322l","did:plc:oyvx5qyivlj3s6fnbxpnadba","catabush.com","armankafai.bsky.social"
"at://did:plc:vw7cmyef7x3ckrwauz2ahhem/app.bsky.feed.post/3mim4eohl322l","did:plc:ge2dmiqnjztu7alv7piergdz","dannyocion.bsky.social","armankafai.bsky.social"
"at://did:plc:vw7cmyef7x3ckrwauz2ahhem/app.bsky.feed.post/3mim4eohl322l","did:plc:ap4nh4stpr7koaecapalwacj","jamonm.bsky.social","armankafai.bsky.social"
"at://did:plc:vw7cmyef7x3ckrwauz2ahhem/app.bsky.feed.post/3mim4eohl322l","did:plc:23qzlwtgj6bzq4vlzjmiiunh","talevy.soccer","armankafai.bsky.social"
"at://did:plc:p5wluw4ukbqysdm43t7grhfc/app.bsky.feed.post/3mim4ebq2zs2n","did:plc:wjpohv4xf6xh6pqslz2vhemw","endifa.bsky.social","tittanksmctits.bsky.social"
"at://did:plc:p5wluw4ukbqysdm43t7grhfc/app.bsky.feed.post/3mim4ebq2zs2n","did:plc:p5wluw4ukbqysdm43t7grhfc","tittanksmctits.bsky.social","tittanksmctits.bsky.social"
"at://did:plc:p5wluw4ukbqysdm43t7grhfc/app.bsky.feed.post/3mim4ebq2zs2n","did:plc:6afb74wtcdwbxlbudbcp33wm","vossler10.bsky.social","tittanksmctits.bsky.social"
"at://did:plc:p5wluw4ukbqysdm43t7grhfc/app.bsky.feed.post/3mim4ebq2zs2n","did:plc:4jl6jgja2kabji5eduiusxc5","pookalovingnerd.bsky.social","tittanksmctits.bsky.social"
"at://did:plc:p5wluw4ukbqysdm43t7grhfc/app.bsky.feed.post/3mim4ebq2zs2n","did:plc:2yt3rvzi54ppmb5f7lwmqx7h","blueberrygf.bsky.social","tittanksmctits.bsky.social"
"at://did:plc:r4vc5hcviuh5i7erp2s6qoxm/app.bsky.feed.post/3mim3wogezs2n","did:plc:wwpfcqainwhfi7r53qw3avap","jimjudistar.bsky.social","pingl.bsky.social"
"at://did:plc:5utrficmmiyj3wo4umvrvvgc/app.bsky.feed.post/3mim2mjiy2s2t","did:plc:zzlfzravbr2wg3p2sbftvf3r","makrawa469.bsky.social","1800000burn.hyper.wang"
"at://did:plc:5utrficmmiyj3wo4umvrvvgc/app.bsky.feed.post/3mim2mjiy2s2t","did:plc:zxkm4dsomo2usuqaq2clog5f","alexthelion23.bsky.social","1800000burn.hyper.wang"
"at://did:plc:5utrficmmiyj3wo4umvrvvgc/app.bsky.feed.post/3mim2mjiy2s2t","did:plc:zuzq4kgbx7pfdyoxu422i3pq","applcnmon.bsky.social","1800000burn.hyper.wang"
"at://did:plc:5utrficmmiyj3wo4umvrvvgc/app.bsky.feed.post/3mim2mjiy2s2t","did:plc:zrmuuad6hbqpi6bstjbv6bw7","adameven.bsky.social","1800000burn.hyper.wang"
"at://did:plc:5utrficmmiyj3wo4umvrvvgc/app.bsky.feed.post/3mim2mjiy2s2t","did:plc:zfd2i5pkiuk5jsjb4j4sfl44","sneakyfish01.bsky.social","1800000burn.hyper.wang"
"at://did:plc:5utrficmmiyj3wo4umvrvvgc/app.bsky.feed.post/3mim2mjiy2s2t","did:plc:z4eeiya6w7d3esssdyr4ezja","thestoopidcato.bsky.social","1800000burn.hyper.wang"
"at://did:plc:5utrficmmiyj3wo4umvrvvgc/app.bsky.feed.post/3mim2mjiy2s2t","did:plc:z4bd4ri6howi6gkk4i5p537v","cortexfoxx.bsky.social","1800000burn.hyper.wang"
"at://did:plc:5utrficmmiyj3wo4umvrvvgc/app.bsky.feed.post/3mim2mjiy2s2t","did:plc:ymshtwzlh6fixkciqmvipigl","satellitezone.bsky.social","1800000burn.hyper.wang"
"at://did:plc:5utrficmmiyj3wo4umvrvvgc/app.bsky.feed.post/3mim2mjiy2s2t","did:plc:yk4rzauf6ymuz72vz3bixp4n","daef.bsky.social","1800000burn.hyper.wang"
"at://did:plc:5utrficmmiyj3wo4umvrvvgc/app.bsky.feed.post/3mim2mjiy2s2t","did:plc:yhxc2mxtg6l72wapcyponmve","rumblet.bsky.social","1800000burn.hyper.wang"
"at://did:plc:5utrficmmiyj3wo4umvrvvgc/app.bsky.feed.post/3mim2mjiy2s2t","did:plc:yhncxpbzyju2lvo6m3wph2lv","mqkyu.bsky.social","1800000burn.hyper.wang"
"at://did:plc:5utrficmmiyj3wo4umvrvvgc/app.bsky.feed.post/3mim2mjiy2s2t","did:plc:yhfkhyuwxkoadpx4fnuitwbd","dudes4brains.bsky.social","1800000burn.hyper.wang"
"at://did:plc:5utrficmmiyj3wo4umvrvvgc/app.bsky.feed.post/3mim2mjiy2s2t","did:plc:ybwpb6geho2i7zvjebnsuzhf","peonythefreak.bsky.social","1800000burn.hyper.wang"
"at://did:plc:5utrficmmiyj3wo4umvrvvgc/app.bsky.feed.post/3mim2mjiy2s2t","did:plc:xsra23hhosyjd5dspm3rtbvh","kinkyseaotter.bsky.social","1800000burn.hyper.wang"
"at://did:plc:5utrficmmiyj3wo4umvrvvgc/app.bsky.feed.post/3mim2mjiy2s2t","did:plc:xobbmxbyspulfimuxtikelkj","jerkybun.bsky.social","1800000burn.hyper.wang"
"at://did:plc:5utrficmmiyj3wo4umvrvvgc/app.bsky.feed.post/3mim2mjiy2s2t","did:plc:xn5zqjsoe3x3vyk35eccm4js","furroweon765.bsky.social","1800000burn.hyper.wang"
"at://did:plc:5utrficmmiyj3wo4umvrvvgc/app.bsky.feed.post/3mim2mjiy2s2t","did:plc:xn22xtqtmnjomo6qvmqjl3m2","psychicscribble.bsky.social","1800000burn.hyper.wang"
"at://did:plc:5utrficmmiyj3wo4umvrvvgc/app.bsky.feed.post/3mim2mjiy2s2t","did:plc:xlkrkggrwjdvg2zl3k3mbifv","rikuredo.bsky.social","1800000burn.hyper.wang"
"at://did:plc:5utrficmmiyj3wo4umvrvvgc/app.bsky.feed.post/3mim2mjiy2s2t","did:plc:xjuwr7twevpzm6zwb3gh7qdb","typhtubb.bsky.social","1800000burn.hyper.wang"
"at://did:plc:5utrficmmiyj3wo4umvrvvgc/app.bsky.feed.post/3mim2mjiy2s2t","did:plc:xevqbxnzrpg5qc37bhtlguvm","tysongb.bsky.social","1800000burn.hyper.wang"
"at://did:plc:5utrficmmiyj3wo4umvrvvgc/app.bsky.feed.post/3mim2mjiy2s2t","did:plc:x2fbi4tipfngwacnwubhhipl","rycparke.bsky.social","1800000burn.hyper.wang"
"at://did:plc:5utrficmmiyj3wo4umvrvvgc/app.bsky.feed.post/3mim2mjiy2s2t","did:plc:wup5blw5t7hmx7h5amj4vzng","bleodafi.bsky.social","1800000burn.hyper.wang"
"at://did:plc:5utrficmmiyj3wo4umvrvvgc/app.bsky.feed.post/3mim2mjiy2s2t","did:plc:wkxa2vh4pxu5ts4i2r4vhp6k","alekdots.bsky.social","1800000burn.hyper.wang"
"at://did:plc:5utrficmmiyj3wo4umvrvvgc/app.bsky.feed.post/3mim2mjiy2s2t","did:plc:wjlud5qtdychjzwpndzcmg3h","fattygaymer72.bsky.social","1800000burn.hyper.wang"
"at://did:plc:5utrficmmiyj3wo4umvrvvgc/app.bsky.feed.post/3mim2mjiy2s2t","did:plc:whzweavbiksqieg7ehczpywk","thebigbadbriar.monster","1800000burn.hyper.wang"
"at://did:plc:lmkfrtczdumi7qksb74yz5nh/app.bsky.feed.post/3milzxkpog22z","did:plc:zq4y36m255l4tbsvef4yblsk","twinsfan81.bsky.social","rockymountviews.bsky.social"
"at://did:plc:lmkfrtczdumi7qksb74yz5nh/app.bsky.feed.post/3milzxkpog22z","did:plc:vwajgkd45f5damhlwimo3bom","whodat35.bsky.social","rockymountviews.bsky.social"
"at://did:plc:lmkfrtczdumi7qksb74yz5nh/app.bsky.feed.post/3milzxkpog22z","did:plc:l46b2joylzic4g7uwoezl5ik","jackin503.bsky.social","rockymountviews.bsky.social"
"at://did:plc:lmkfrtczdumi7qksb74yz5nh/app.bsky.feed.post/3milzxkpog22z","did:plc:fvfto26xz3icja44kakk6vcf","hitthehole.bsky.social","rockymountviews.bsky.social"
"at://did:plc:lmkfrtczdumi7qksb74yz5nh/app.bsky.feed.post/3milzxkpog22z","did:plc:6wzkwttppcjq4ninobb4qep7","dollyz.bsky.social","rockymountviews.bsky.social"
"at://did:plc:dtivbttzchlmb7iexbbpxowx/app.bsky.feed.post/3mily6j67zc2i","did:plc:egl4mfr2njrr2br4vhya7yrf","judy-bug.bsky.social","broadbent.bsky.social"
"at://did:plc:dtivbttzchlmb7iexbbpxowx/app.bsky.feed.post/3mily6j67zc2i","did:plc:7ycfilosz2dmgcnqbh76jdol","coolxenu.bsky.social","broadbent.bsky.social"
"at://did:plc:4uj45xam3nbjkighr4sw3v4n/app.bsky.feed.post/3milxvvqb5c27","did:plc:5i2gosbdc4ion5tri6hehbyc","traiandoc.bsky.social","tker.co"
"at://did:plc:h2h62unz2kf24vc3eum6bes3/app.bsky.feed.post/3milxouvbv22z","did:plc:y3wlvtcv2jmldd2zj5uyo6y4","heureuserose2.bsky.social","bearofthegrove.bsky.social"
"at://did:plc:jfepbo63fkxapsd65beyymof/app.bsky.feed.post/3milxgptars2p","did:plc:znpb4kn74g7pxb4e7yz6ryrr","nljungstrand.bsky.social","jc-econ.bsky.social"
"at://did:plc:jfepbo63fkxapsd65beyymof/app.bsky.feed.post/3milxgptars2p","did:plc:yn2ds44cvl3l3dputvq64cfc","gmoser.bsky.social","jc-econ.bsky.social"
"at://did:plc:jfepbo63fkxapsd65beyymof/app.bsky.feed.post/3milxgptars2p","did:plc:ygyyuhsiys3c5bgsnzan2bb6","oldmanj.bsky.social","jc-econ.bsky.social"
"at://did:plc:jfepbo63fkxapsd65beyymof/app.bsky.feed.post/3milxgptars2p","did:plc:ybuuummi3knglv3cquc7y2pp","misluna1.bsky.social","jc-econ.bsky.social"
"at://did:plc:jfepbo63fkxapsd65beyymof/app.bsky.feed.post/3milxgptars2p","did:plc:yb3xnr2evtp6rwvv7qapjduk","marcysh.bsky.social","jc-econ.bsky.social"
"at://did:plc:jfepbo63fkxapsd65beyymof/app.bsky.feed.post/3milxgptars2p","did:plc:xnhuk74yb7dizkgq5weevcz7","seasonplanner.bsky.social","jc-econ.bsky.social"
"at://did:plc:jfepbo63fkxapsd65beyymof/app.bsky.feed.post/3milxgptars2p","did:plc:x7sjpwlj26cax4xfgl7zhjcq","blakeyblakey-1-9.bsky.social","jc-econ.bsky.social"
"at://did:plc:jfepbo63fkxapsd65beyymof/app.bsky.feed.post/3milxgptars2p","did:plc:x4g4laxkmsrczwvnvbbgsm7g","muellershewrote.com","jc-econ.bsky.social"
"at://did:plc:jfepbo63fkxapsd65beyymof/app.bsky.feed.post/3milxgptars2p","did:plc:wjcvdxt7dlx3wf6cnfw5jy3p","meidasdez1.bsky.social","jc-econ.bsky.social"
"at://did:plc:jfepbo63fkxapsd65beyymof/app.bsky.feed.post/3milxgptars2p","did:plc:whkrrahr3qb45zsui7giyjxh","prestonmui.bsky.social","jc-econ.bsky.social"
"at://did:plc:jfepbo63fkxapsd65beyymof/app.bsky.feed.post/3milxgptars2p","did:plc:wgmvegpxb2jjymx2sv2cnlix","supergoron.bsky.social","jc-econ.bsky.social"
"at://did:plc:jfepbo63fkxapsd65beyymof/app.bsky.feed.post/3milxgptars2p","did:plc:vn57pcn3t3ygor2e532fpa3u","letitbeginwithme.bsky.social","jc-econ.bsky.social"
"at://did:plc:jfepbo63fkxapsd65beyymof/app.bsky.feed.post/3milxgptars2p","did:plc:va2ayruxt6zwwsgmsmwjp5zo","ericvonzipper13.bsky.social","jc-econ.bsky.social"
"at://did:plc:jfepbo63fkxapsd65beyymof/app.bsky.feed.post/3milxgptars2p","did:plc:uln3japigxwrzltjlk62oiw3","trataal.bsky.social","jc-econ.bsky.social"
"at://did:plc:jfepbo63fkxapsd65beyymof/app.bsky.feed.post/3milxgptars2p","did:plc:u5tx7b4hcowgv3urnzj4xq7z","adriana1o5.bsky.social","jc-econ.bsky.social"
"at://did:plc:jfepbo63fkxapsd65beyymof/app.bsky.feed.post/3milxgptars2p","did:plc:rphwrtt76zs62dhwpihronzg","jmarkwrite.bsky.social","jc-econ.bsky.social"
"at://did:plc:jfepbo63fkxapsd65beyymof/app.bsky.feed.post/3milxgptars2p","did:plc:rhr76jvbdyrv4bu5fdliirgd","stacernresists.bsky.social","jc-econ.bsky.social"
"at://did:plc:jfepbo63fkxapsd65beyymof/app.bsky.feed.post/3milxgptars2p","did:plc:qquaw7indbzavftapmzc2l3c","phillykmac.bsky.social","jc-econ.bsky.social"
"at://did:plc:jfepbo63fkxapsd65beyymof/app.bsky.feed.post/3milxgptars2p","did:plc:qcvkxys67veb4a434rzh6ngo","derrelldurrett.bsky.social","jc-econ.bsky.social"
"at://did:plc:jfepbo63fkxapsd65beyymof/app.bsky.feed.post/3milxgptars2p","did:plc:pis2pbkxmm4n3si3w4vbvirz","waltermuller.bsky.social","jc-econ.bsky.social"
"at://did:plc:jfepbo63fkxapsd65beyymof/app.bsky.feed.post/3milxgptars2p","did:plc:o26xf7vrc4p3o2iwwuntxc75","lindameidas3112.bsky.social","jc-econ.bsky.social"
"at://did:plc:jfepbo63fkxapsd65beyymof/app.bsky.feed.post/3milxgptars2p","did:plc:nsmai5kqm7tl7t6roprkl3kg","alicebirdy.bsky.social","jc-econ.bsky.social"
"at://did:plc:jfepbo63fkxapsd65beyymof/app.bsky.feed.post/3milxgptars2p","did:plc:n2ggnqsgevff2sjo3gr25z7z","tazz2023.bsky.social","jc-econ.bsky.social"
"at://did:plc:jfepbo63fkxapsd65beyymof/app.bsky.feed.post/3milxgptars2p","did:plc:mhv7f3up5etplnhqtlgzitlm","dlp75902038.bsky.social","jc-econ.bsky.social"
"at://did:plc:jfepbo63fkxapsd65beyymof/app.bsky.feed.post/3milxgptars2p","did:plc:l6fxi67uqsjp3ev4p6rq6qqm","betterway4wrd.bsky.social","jc-econ.bsky.social"
"at://did:plc:qpr4gjglvtxexsaqpbwtna6w/app.bsky.feed.post/3milxalijvs2m","did:plc:wj6ugc3rzaxolspan3h2324m","tamihalcomb.bsky.social","mcopelov.bsky.social"
"at://did:plc:qpr4gjglvtxexsaqpbwtna6w/app.bsky.feed.post/3milxalijvs2m","did:plc:rkjnb4jsmu7a5x66wrs5op72","petesavage1.bsky.social","mcopelov.bsky.social"
"at://did:plc:qpr4gjglvtxexsaqpbwtna6w/app.bsky.feed.post/3milxalijvs2m","did:plc:qcnlywqpofwascxhecgc66jh","august.thoughtify.space","mcopelov.bsky.social"
"at://did:plc:qpr4gjglvtxexsaqpbwtna6w/app.bsky.feed.post/3milxalijvs2m","did:plc:mrbx4cu2ahkkrwepabwiahsb","jacquejackie.bsky.social","mcopelov.bsky.social"
"at://did:plc:qpr4gjglvtxexsaqpbwtna6w/app.bsky.feed.post/3milxalijvs2m","did:plc:iukkdime2gkr2na6ogrxlhjv","sosayu.bsky.social","mcopelov.bsky.social"
"at://did:plc:qpr4gjglvtxexsaqpbwtna6w/app.bsky.feed.post/3milxalijvs2m","did:plc:gbou6m6hprxnmtrj5tse2v5r","siamesecats.bsky.social","mcopelov.bsky.social"
"at://did:plc:qpr4gjglvtxexsaqpbwtna6w/app.bsky.feed.post/3milxalijvs2m","did:plc:fa3rwygrp2ebgwdiq6sjn2te","jenlucpiquant.bsky.social","mcopelov.bsky.social"
"at://did:plc:qpr4gjglvtxexsaqpbwtna6w/app.bsky.feed.post/3milxalijvs2m","did:plc:ecdzkxerbfijtywsj3r7iepp","leahwrenn.bsky.social","mcopelov.bsky.social"
"at://did:plc:zlfqvunzoxcu6lld3ifugrqj/app.bsky.feed.post/3milx3ncy6k22","did:plc:jg55i2ev5rvz6wj2sjfc3tsp","richmondfrog.bsky.social","himself132.bsky.social"
"at://did:plc:zlfqvunzoxcu6lld3ifugrqj/app.bsky.feed.post/3milx3ncy6k22","did:plc:bt4rkmuhdipcw2fhe5dxek5d","lizmurison.bsky.social","himself132.bsky.social"
"at://did:plc:jvtv4iokurouryog6xi72jco/app.bsky.feed.post/3milwc7gr5c2y","did:plc:sifkx4dbnoudkdejiwh3argp","gastropoda.bsky.social","markvmd.bsky.social"
"at://did:plc:jvtv4iokurouryog6xi72jco/app.bsky.feed.post/3milwc7gr5c2y","did:plc:mqsqqjivqvuidvet7xw6holg","eugeneinoregon.bsky.social","markvmd.bsky.social"
"at://did:plc:vl2iacwizczp6ljbud7mlvwb/app.bsky.feed.post/3milvcekcek24","did:plc:i3ptsq6lx6jpvvdvepcnnglo","justmeanybody.bsky.social","imthatholly.bsky.social"
"at://did:plc:fthd2r2pzdagikd6l7uzacf2/app.bsky.feed.post/3mimvqbbndc2s","did:plc:ou5k3wmjhtvt2qcs54ldbkmc","shirleyswirley.bsky.social","dbc.bsky.social"
"at://did:plc:hpfcdjldj7wus5ipuaudbooe/app.bsky.feed.post/3mimsjdzr5k2f","did:plc:w27cksmdgngeygwx4iwsm6q3","climatedefender.bsky.social","replsimon.bsky.social"
"at://did:plc:hpfcdjldj7wus5ipuaudbooe/app.bsky.feed.post/3mimsjdzr5k2f","did:plc:pnwslhyhpl44gwvbfsc64ggt","dbrenum.bsky.social","replsimon.bsky.social"
"at://did:plc:hpfcdjldj7wus5ipuaudbooe/app.bsky.feed.post/3mimsjdzr5k2f","did:plc:l3fb5wzqvsbqqfxqobg42lnw","mondakwe.bsky.social","replsimon.bsky.social"
"at://did:plc:hpfcdjldj7wus5ipuaudbooe/app.bsky.feed.post/3mimsjdzr5k2f","did:plc:5vo44wpz3t72d563owcffewx","lindaleepeacock.bsky.social","replsimon.bsky.social"
"at://did:plc:hpfcdjldj7wus5ipuaudbooe/app.bsky.feed.post/3mimsjdzr5k2f","did:plc:5s3q6docivifp32uobaoydtk","glennstorm.bsky.social","replsimon.bsky.social"
"at://did:plc:i65aypxhksgbtxn5l77f2ws7/app.bsky.feed.post/3mimfjyuxhc2n","did:plc:al24vy35z4mg2sypjnqoh7io","nashtn5.bsky.social","terg.bsky.social"
"at://did:plc:kat24pkgmj66pjhqwi7laddu/app.bsky.feed.post/3mimbpwzbyc2x","did:plc:rxlzzk44jeuojqfcjacrwzz3","andiinnh.bsky.social","cindewarmington.bsky.social"
"at://did:plc:jytswffcdhuuipvuriljdcqj/app.bsky.feed.post/3mim5jjftck2p","did:plc:fhpptx36db4xjkmgwzk6o5nd","gruberg.bsky.social","kfgrobbins.bsky.social"
"at://did:plc:5crwi4cylobqjypa3ljgrxer/app.bsky.feed.post/3milxjx5y7k2d","did:plc:w3h6pn7egc67ajmggniz4xlc","gscl.bsky.social","thismachinekillsfascists.bike"
"at://did:plc:okpywxadoqdqzuxpboa7dopo/app.bsky.feed.post/3milrf25ylc2w","did:plc:yveereom5yxlfhzw6oqbm32t","cyokeeffe.bsky.social","europeanspod.bsky.social"
"at://did:plc:ebyirfmcml2wmydrexhxu27t/app.bsky.feed.post/3milg2puyn22o","did:plc:xjnd3vcb7vnhtp6hgm7k3h7x","herberteast.bsky.social","grogsgamut.bsky.social"
"at://did:plc:ebyirfmcml2wmydrexhxu27t/app.bsky.feed.post/3milg2puyn22o","did:plc:xf6dtqernejyzcdz7v3qeltw","greybeard.bsky.social","grogsgamut.bsky.social"
"at://did:plc:ebyirfmcml2wmydrexhxu27t/app.bsky.feed.post/3milg2puyn22o","did:plc:unok6d5an2zrdl6axylu5km2","pstuarts.bsky.social","grogsgamut.bsky.social"
"at://did:plc:ebyirfmcml2wmydrexhxu27t/app.bsky.feed.post/3milg2puyn22o","did:plc:th5ipsv274awcixycxgpw4cj","charlse.bsky.social","grogsgamut.bsky.social"
"at://did:plc:ebyirfmcml2wmydrexhxu27t/app.bsky.feed.post/3milg2puyn22o","did:plc:q4m5a2pfm5piz5d7pr5qlh5z","nigel63.bsky.social","grogsgamut.bsky.social"
"at://did:plc:ebyirfmcml2wmydrexhxu27t/app.bsky.feed.post/3milg2puyn22o","did:plc:pugjxg2bkwdfoklp2peldlbv","scottelaurant.bsky.social","grogsgamut.bsky.social"
"at://did:plc:ebyirfmcml2wmydrexhxu27t/app.bsky.feed.post/3milg2puyn22o","did:plc:lfh2af5dqk2smz5zytragu6w","yisitso.bsky.social","grogsgamut.bsky.social"
"at://did:plc:ebyirfmcml2wmydrexhxu27t/app.bsky.feed.post/3milg2puyn22o","did:plc:lc2fei6fjra4vmftxbzar4ux","convictchick.bsky.social","grogsgamut.bsky.social"
"at://did:plc:ebyirfmcml2wmydrexhxu27t/app.bsky.feed.post/3milg2puyn22o","did:plc:kx4a52gtgyob4r5dqq2m7jjx","garigalanj.bsky.social","grogsgamut.bsky.social"
"at://did:plc:ebyirfmcml2wmydrexhxu27t/app.bsky.feed.post/3milg2puyn22o","did:plc:klj5q7cnbmt4pryeaegonnhi","yungenchee.bsky.social","grogsgamut.bsky.social"
"at://did:plc:ebyirfmcml2wmydrexhxu27t/app.bsky.feed.post/3milg2puyn22o","did:plc:gi5qp5tffthbwfhozdvkr32k","cathdou.bsky.social","grogsgamut.bsky.social"
"at://did:plc:ebyirfmcml2wmydrexhxu27t/app.bsky.feed.post/3milg2puyn22o","did:plc:ew4w27zta6xfu7rlz545usvr","nikosaus.bsky.social","grogsgamut.bsky.social"
"at://did:plc:ebyirfmcml2wmydrexhxu27t/app.bsky.feed.post/3milg2puyn22o","did:plc:epuypjxxjmekx7mdncwzekbh","jafo101.bsky.social","grogsgamut.bsky.social"
"at://did:plc:ebyirfmcml2wmydrexhxu27t/app.bsky.feed.post/3milg2puyn22o","did:plc:dx46zwxhzpmze4uxehdpidgt","flickytill.bsky.social","grogsgamut.bsky.social"
"at://did:plc:ebyirfmcml2wmydrexhxu27t/app.bsky.feed.post/3milg2puyn22o","did:plc:ch7ykh53s7o7nc72gr3zsbfj","gwyllykers.bsky.social","grogsgamut.bsky.social"
"at://did:plc:ebyirfmcml2wmydrexhxu27t/app.bsky.feed.post/3milg2puyn22o","did:plc:ch3gzze5s3nn5vqczje2oad5","edelweissblood.bsky.social","grogsgamut.bsky.social"
"at://did:plc:ebyirfmcml2wmydrexhxu27t/app.bsky.feed.post/3milg2puyn22o","did:plc:c4evvjszhypilzzip5oumcd6","sorensen-rose.bsky.social","grogsgamut.bsky.social"
"at://did:plc:ebyirfmcml2wmydrexhxu27t/app.bsky.feed.post/3milg2puyn22o","did:plc:bpc26zqf2jher62ith4j23kd","mtcicero24.bsky.social","grogsgamut.bsky.social"
"at://did:plc:ebyirfmcml2wmydrexhxu27t/app.bsky.feed.post/3milg2puyn22o","did:plc:augfiigesxlkumqhrlvttprs","claireconnelly.bsky.social","grogsgamut.bsky.social"
"at://did:plc:ebyirfmcml2wmydrexhxu27t/app.bsky.feed.post/3milg2puyn22o","did:plc:7abe6acjo3f6f3lwcte34udi","dazzlerrange.bsky.social","grogsgamut.bsky.social"
"at://did:plc:ebyirfmcml2wmydrexhxu27t/app.bsky.feed.post/3milg2puyn22o","did:plc:6pbvtkkcpoxvumcxh47i6t6m","apothetes.bsky.social","grogsgamut.bsky.social"
"at://did:plc:ebyirfmcml2wmydrexhxu27t/app.bsky.feed.post/3milg2puyn22o","did:plc:5gw5bnqbetiihlg5albutakd","jeffjl54.bsky.social","grogsgamut.bsky.social"
"at://did:plc:ebyirfmcml2wmydrexhxu27t/app.bsky.feed.post/3milg2puyn22o","did:plc:4tmmk5seuscsxev3tjgbyv4z","roseanneb.bsky.social","grogsgamut.bsky.social"
"at://did:plc:ebyirfmcml2wmydrexhxu27t/app.bsky.feed.post/3milg2puyn22o","did:plc:424rhmoyud7ze7ogpgy7ub3o","freofanatic.bsky.social","grogsgamut.bsky.social"
"at://did:plc:ebyirfmcml2wmydrexhxu27t/app.bsky.feed.post/3milg2puyn22o","did:plc:34o6cdikpsmo4we6hazdbts6","espy-by-sea.bsky.social","grogsgamut.bsky.social"
"at://did:plc:onrvoufileljcel7uejydmgi/app.bsky.feed.post/3milemgny3c2i","did:plc:yftm5i4ynebrnnnmmy2cae6g","chillipop2.bsky.social","maranoagirl.bsky.social"
"at://did:plc:onrvoufileljcel7uejydmgi/app.bsky.feed.post/3milemgny3c2i","did:plc:wwc7zg3ifkltlcu7zhxsmitb","unionrabble.bsky.social","maranoagirl.bsky.social"
"at://did:plc:onrvoufileljcel7uejydmgi/app.bsky.feed.post/3milemgny3c2i","did:plc:ut7wao3toyttfmbdiubv5gb2","elmsglen.bsky.social","maranoagirl.bsky.social"
"at://did:plc:onrvoufileljcel7uejydmgi/app.bsky.feed.post/3milemgny3c2i","did:plc:unok6d5an2zrdl6axylu5km2","pstuarts.bsky.social","maranoagirl.bsky.social"
"at://did:plc:onrvoufileljcel7uejydmgi/app.bsky.feed.post/3milemgny3c2i","did:plc:tcklehpnsyvk6pww4u7ehszr","aushounddog.bsky.social","maranoagirl.bsky.social"
"at://did:plc:onrvoufileljcel7uejydmgi/app.bsky.feed.post/3milemgny3c2i","did:plc:rx2qaz6teywnlk5xkz55ip6u","ericarfabee.bsky.social","maranoagirl.bsky.social"
"at://did:plc:onrvoufileljcel7uejydmgi/app.bsky.feed.post/3milemgny3c2i","did:plc:qfwn53xgj2wbqiq2d7u35uq6","gagampl.bsky.social","maranoagirl.bsky.social"
"at://did:plc:onrvoufileljcel7uejydmgi/app.bsky.feed.post/3milemgny3c2i","did:plc:onrvoufileljcel7uejydmgi","maranoagirl.bsky.social","maranoagirl.bsky.social"
"at://did:plc:onrvoufileljcel7uejydmgi/app.bsky.feed.post/3milemgny3c2i","did:plc:mp7gg5o2j4vzgtfxjqkvk6im","sbjsmum.bsky.social","maranoagirl.bsky.social"
"at://did:plc:onrvoufileljcel7uejydmgi/app.bsky.feed.post/3milemgny3c2i","did:plc:mg5qpoekoy2uzai35y3pbdc6","duggyendo.bsky.social","maranoagirl.bsky.social"
"at://did:plc:onrvoufileljcel7uejydmgi/app.bsky.feed.post/3milemgny3c2i","did:plc:lc2fei6fjra4vmftxbzar4ux","convictchick.bsky.social","maranoagirl.bsky.social"
"at://did:plc:onrvoufileljcel7uejydmgi/app.bsky.feed.post/3milemgny3c2i","did:plc:lbak2wdhoncph3xncapw43cm","2pensi.bsky.social","maranoagirl.bsky.social"
"at://did:plc:onrvoufileljcel7uejydmgi/app.bsky.feed.post/3milemgny3c2i","did:plc:bpc26zqf2jher62ith4j23kd","mtcicero24.bsky.social","maranoagirl.bsky.social"
"at://did:plc:onrvoufileljcel7uejydmgi/app.bsky.feed.post/3milemgny3c2i","did:plc:adcny5sqjkjlfna57s2hbybf","mdsumner.bsky.social","maranoagirl.bsky.social"
"at://did:plc:onrvoufileljcel7uejydmgi/app.bsky.feed.post/3milemgny3c2i","did:plc:7umtfgrvsziwys3sflc6pca4","enkidusbestman.bsky.social","maranoagirl.bsky.social"
"at://did:plc:onrvoufileljcel7uejydmgi/app.bsky.feed.post/3milemgny3c2i","did:plc:73dwoowldkkejcmvhyp5psln","marvell-lawson.bsky.social","maranoagirl.bsky.social"
"at://did:plc:onrvoufileljcel7uejydmgi/app.bsky.feed.post/3milemgny3c2i","did:plc:52h5r5kj53b7u3ru3p23werz","davo21101955.bsky.social","maranoagirl.bsky.social"
"at://did:plc:g7xd2fa6n7e7yqyvh6c3iexy/app.bsky.feed.post/3mikxur5ues2a","did:plc:uc2g4pi33xpn6h4ccvmuauls","moxiemeow.bsky.social","broadwaybabyto.bsky.social"
"at://did:plc:g7xd2fa6n7e7yqyvh6c3iexy/app.bsky.feed.post/3mikxur5ues2a","did:plc:tk2gfz5csa2laa5qr5iqlz5p","lilithgrace.bsky.social","broadwaybabyto.bsky.social"
"at://did:plc:g7xd2fa6n7e7yqyvh6c3iexy/app.bsky.feed.post/3mikxur5ues2a","did:plc:tihrhiz3bgoaj7vzvwawisxr","spooniechels.bsky.social","broadwaybabyto.bsky.social"
"at://did:plc:g7xd2fa6n7e7yqyvh6c3iexy/app.bsky.feed.post/3mikxur5ues2a","did:plc:qfzm6h7e2xreyubyaukbm22d","obsidianguillotine.bsky.social","broadwaybabyto.bsky.social"
"at://did:plc:g7xd2fa6n7e7yqyvh6c3iexy/app.bsky.feed.post/3mikxur5ues2a","did:plc:pd66ppnn6j465edhjwdc6duc","theskylark.bsky.social","broadwaybabyto.bsky.social"
"at://did:plc:g7xd2fa6n7e7yqyvh6c3iexy/app.bsky.feed.post/3mikxur5ues2a","did:plc:lufspjhjxqekr6nkjzbfgbmx","nataliekat.bsky.social","broadwaybabyto.bsky.social"
"at://did:plc:g7xd2fa6n7e7yqyvh6c3iexy/app.bsky.feed.post/3mikxur5ues2a","did:plc:fsm6xnyvcbfitaz6xqkogyl3","doomerspinel.bsky.social","broadwaybabyto.bsky.social"
"at://did:plc:g7xd2fa6n7e7yqyvh6c3iexy/app.bsky.feed.post/3mikxur5ues2a","did:plc:e6byc4dg6hnphwb27k6wyoey","anarchymarshmallow.bsky.social","broadwaybabyto.bsky.social"
"at://did:plc:g7xd2fa6n7e7yqyvh6c3iexy/app.bsky.feed.post/3mikxur5ues2a","did:plc:dp3m2dw7rr6rqhlqczm63ucq","rodga.bsky.social","broadwaybabyto.bsky.social"
"at://did:plc:g7xd2fa6n7e7yqyvh6c3iexy/app.bsky.feed.post/3mikxur5ues2a","did:plc:d5qydbjq2qaab5jkwqh5qzx3","nerdlass.bsky.social","broadwaybabyto.bsky.social"
"at://did:plc:g7xd2fa6n7e7yqyvh6c3iexy/app.bsky.feed.post/3mikxur5ues2a","did:plc:bnae2xsrag2nvueoumywnunp","jj26.bsky.social","broadwaybabyto.bsky.social"
"at://did:plc:g7xd2fa6n7e7yqyvh6c3iexy/app.bsky.feed.post/3mikxur5ues2a","did:plc:bjtmo5f7wzguy66gjl4nk5d4","stderric.bsky.social","broadwaybabyto.bsky.social"
"at://did:plc:g7xd2fa6n7e7yqyvh6c3iexy/app.bsky.feed.post/3mikxur5ues2a","did:plc:5t6lnn7slbckvjrnxnbdsj2v","gidgetwidget.bsky.social","broadwaybabyto.bsky.social"
"at://did:plc:g7xd2fa6n7e7yqyvh6c3iexy/app.bsky.feed.post/3mikxur5ues2a","did:plc:5ad7o25gucfxlugimp2tzz25","aggyoverdrive.bsky.social","broadwaybabyto.bsky.social"
"at://did:plc:vsq2lir4527hv77tlxahhq6i/app.bsky.feed.post/3miknjbdbgk2y","did:plc:z5jc6jiyx4oh57hjvirv6otk","mejmo.bsky.social","ingridm.bsky.social"
"at://did:plc:vsq2lir4527hv77tlxahhq6i/app.bsky.feed.post/3miknjbdbgk2y","did:plc:wp3qq5mukswhn3joo76f5xgr","srpassesiton.bsky.social","ingridm.bsky.social"
"at://did:plc:vsq2lir4527hv77tlxahhq6i/app.bsky.feed.post/3miknjbdbgk2y","did:plc:tkrkj53umv26wcohic7l2zpm","alisonjones.bsky.social","ingridm.bsky.social"
"at://did:plc:vsq2lir4527hv77tlxahhq6i/app.bsky.feed.post/3miknjbdbgk2y","did:plc:pbr3iunxfir2qbdq2dzkftto","honorlaoiss.bsky.social","ingridm.bsky.social"
"at://did:plc:vsq2lir4527hv77tlxahhq6i/app.bsky.feed.post/3miknjbdbgk2y","did:plc:mjy7hhzk3e4a2ukb25ujj2k5","ashekirk.bsky.social","ingridm.bsky.social"
"at://did:plc:vsq2lir4527hv77tlxahhq6i/app.bsky.feed.post/3miknjbdbgk2y","did:plc:ilujdnn2x4krp6js6b4uc2tq","petabytes.bsky.social","ingridm.bsky.social"
"at://did:plc:vsq2lir4527hv77tlxahhq6i/app.bsky.feed.post/3miknjbdbgk2y","did:plc:glieeysups57r2j6nyhqnbue","treemuseums.bsky.social","ingridm.bsky.social"
"at://did:plc:vsq2lir4527hv77tlxahhq6i/app.bsky.feed.post/3miknjbdbgk2y","did:plc:buyj4llwuxb2566uo23hhyoo","sunnydarkgreen.bsky.social","ingridm.bsky.social"
"at://did:plc:vsq2lir4527hv77tlxahhq6i/app.bsky.feed.post/3miknjbdbgk2y","did:plc:7r3qpi3bseysp3dsax4lhcq4","stava61.bsky.social","ingridm.bsky.social"
"at://did:plc:vsq2lir4527hv77tlxahhq6i/app.bsky.feed.post/3miknjbdbgk2y","did:plc:4u3ntnro6i5akw2yl5bkfamq","jommytee.bsky.social","ingridm.bsky.social"
"at://did:plc:vsq2lir4527hv77tlxahhq6i/app.bsky.feed.post/3miknjbdbgk2y","did:plc:4labi3lcuatbtzmuoordkxtw","aitch-el.bsky.social","ingridm.bsky.social"
"at://did:plc:vsq2lir4527hv77tlxahhq6i/app.bsky.feed.post/3miknjbdbgk2y","did:plc:34w6a7balnhlrg73gg3woskw","harrysmum59.bsky.social","ingridm.bsky.social"
"at://did:plc:vsq2lir4527hv77tlxahhq6i/app.bsky.feed.post/3miknjbdbgk2y","did:plc:22r6temnauqu2nkngzwuad5g","shartymcscrote.bsky.social","ingridm.bsky.social"
"at://did:plc:q44mxlbs74xalvamvijwpfsa/app.bsky.feed.post/3mikbh7puns2r","did:plc:z24fg5j3rc2mkkhacbrn2emn","jaysparrow.bsky.social","analiliafornj.bsky.social"
"at://did:plc:q44mxlbs74xalvamvijwpfsa/app.bsky.feed.post/3mikbh7puns2r","did:plc:wztsneuqglf4xs2h7a6t6g73","jerseygirldc.bsky.social","analiliafornj.bsky.social"
"at://did:plc:q44mxlbs74xalvamvijwpfsa/app.bsky.feed.post/3mikbh7puns2r","did:plc:swkmob5uz5hordm367rtugj3","cargiolim.bsky.social","analiliafornj.bsky.social"
"at://did:plc:q44mxlbs74xalvamvijwpfsa/app.bsky.feed.post/3mikbh7puns2r","did:plc:rpbyto64xzb7ogwy3nxnsuxu","louisdipaolo.bsky.social","analiliafornj.bsky.social"
"at://did:plc:q44mxlbs74xalvamvijwpfsa/app.bsky.feed.post/3mikbh7puns2r","did:plc:o62tfnfdb3cf2vqnvmigdaau","joeyintheam.bsky.social","analiliafornj.bsky.social"
"at://did:plc:q44mxlbs74xalvamvijwpfsa/app.bsky.feed.post/3mikbh7puns2r","did:plc:mw5igobf3334edls6qfv2j22","mcb.bsky.social","analiliafornj.bsky.social"
"at://did:plc:q44mxlbs74xalvamvijwpfsa/app.bsky.feed.post/3mikbh7puns2r","did:plc:m66mghgu5ptoowvtzjy57cac","luffystaro.bsky.social","analiliafornj.bsky.social"
"at://did:plc:q44mxlbs74xalvamvijwpfsa/app.bsky.feed.post/3mikbh7puns2r","did:plc:jfvgrrzwo4akgd76sjlbuuux","joanhussey1.bsky.social","analiliafornj.bsky.social"
"at://did:plc:q44mxlbs74xalvamvijwpfsa/app.bsky.feed.post/3mikbh7puns2r","did:plc:ijw4yqga26mef4j4c5wxz6hw","kuuipo13.bsky.social","analiliafornj.bsky.social"
"at://did:plc:q44mxlbs74xalvamvijwpfsa/app.bsky.feed.post/3mikbh7puns2r","did:plc:gm3hb54pq37tmcrfkfs47skf","lostwaxmuseum.bsky.social","analiliafornj.bsky.social"
"at://did:plc:q44mxlbs74xalvamvijwpfsa/app.bsky.feed.post/3mikbh7puns2r","did:plc:ecpaxm553okgh65ountlauen","jimlo-hi.bsky.social","analiliafornj.bsky.social"
"at://did:plc:q44mxlbs74xalvamvijwpfsa/app.bsky.feed.post/3mikbh7puns2r","did:plc:dt3tarozagtb6dleb5nqfvrn","freebklyn.bsky.social","analiliafornj.bsky.social"
"at://did:plc:q44mxlbs74xalvamvijwpfsa/app.bsky.feed.post/3mikbh7puns2r","did:plc:abn7k2as3zbfxuulwjmv5cg2","builtonhope.bsky.social","analiliafornj.bsky.social"
"at://did:plc:q44mxlbs74xalvamvijwpfsa/app.bsky.feed.post/3mikbh7puns2r","did:plc:7is5kef2oeig4pxx44e2ej7h","jenniferflynn.bsky.social","analiliafornj.bsky.social"
"at://did:plc:q44mxlbs74xalvamvijwpfsa/app.bsky.feed.post/3mikbh7puns2r","did:plc:6ipcfad3ukuil76vowph2xzj","secularlefty.bsky.social","analiliafornj.bsky.social"
"at://did:plc:q44mxlbs74xalvamvijwpfsa/app.bsky.feed.post/3mikbh7puns2r","did:plc:4bqjodis26tb37orjalefzrj","takemusu.bsky.social","analiliafornj.bsky.social"
"at://did:plc:du6rft74siq54zvn5vdqnq4m/app.bsky.feed.post/3mik4axham22u","did:plc:t75plljzwvjf74bsycalg4oh","whitchmi.bsky.social","mich-mama-bear.bsky.social"
"at://did:plc:2nfexzpaqiyscshuda2gyqzf/app.bsky.feed.post/3mijz2tlfrk2h","did:plc:unvu2uytwnsmnqjugy3rrtzw","thegreeneyedbrahma.bsky.social","sumoh7.bsky.social"
"at://did:plc:2nfexzpaqiyscshuda2gyqzf/app.bsky.feed.post/3mijz2tlfrk2h","did:plc:jiycfy2s4vxunnsjsbk4ovse","muhemdapinammo.bsky.social","sumoh7.bsky.social"
"at://did:plc:2nfexzpaqiyscshuda2gyqzf/app.bsky.feed.post/3mijz2tlfrk2h","did:plc:2nfexzpaqiyscshuda2gyqzf","sumoh7.bsky.social","sumoh7.bsky.social"
"at://did:plc:uiffdv3gnj3koycqzkpxvfla/app.bsky.feed.post/3mijxi7iqwk23","did:plc:g4uwibhhsxwkovwkpr6jeagf","cherieanne.bsky.social","watchyourrepssc.bsky.social"
"at://did:plc:uiffdv3gnj3koycqzkpxvfla/app.bsky.feed.post/3mijxi7iqwk23","did:plc:di3zktxtenfcblkhifqqouaa","sparkie8.bsky.social","watchyourrepssc.bsky.social"
"at://did:plc:uiffdv3gnj3koycqzkpxvfla/app.bsky.feed.post/3mijxi7iqwk23","did:plc:agvb6uhcbieuilh6teaubon5","georgevosburgh.bsky.social","watchyourrepssc.bsky.social"
"at://did:plc:uiffdv3gnj3koycqzkpxvfla/app.bsky.feed.post/3mijxi7iqwk23","did:plc:4onopf72q6bw7ybhyot7m3fz","wireman257.bsky.social","watchyourrepssc.bsky.social"
"at://did:plc:uiffdv3gnj3koycqzkpxvfla/app.bsky.feed.post/3mijxi7iqwk23","did:plc:2nfexzpaqiyscshuda2gyqzf","sumoh7.bsky.social","watchyourrepssc.bsky.social"
"at://did:plc:uiffdv3gnj3koycqzkpxvfla/app.bsky.feed.post/3mijxi7iqwk23","did:plc:2j7yqutasiomuqvj75o3dbbb","hgij.bsky.social","watchyourrepssc.bsky.social"
"at://did:plc:xrk5iqxf5va3y72y4q5wv5ys/app.bsky.feed.post/3mijxbz5eps2j","did:plc:hc3mjhypyisie6rz4dmhp2bl","ebags.bsky.social","helprehumanize.bsky.social"
"at://did:plc:ddq5cepvmfgaobd34276ia4z/app.bsky.feed.post/3mijumbz3xs2w","did:plc:ypact2g25s4xt3wsoghz7dxw","oldladylife.bsky.social","azkellyk.bsky.social"
"at://did:plc:ddq5cepvmfgaobd34276ia4z/app.bsky.feed.post/3mijumbz3xs2w","did:plc:xuedkpfnfzz6stnq4gtpjvpp","geoff61.bsky.social","azkellyk.bsky.social"
"at://did:plc:ddq5cepvmfgaobd34276ia4z/app.bsky.feed.post/3mijumbz3xs2w","did:plc:xlexc2jf7s6y7clskpdcidmr","alex75283.bsky.social","azkellyk.bsky.social"
"at://did:plc:ddq5cepvmfgaobd34276ia4z/app.bsky.feed.post/3mijumbz3xs2w","did:plc:xkp7zw4kyheo3azr6joahnn6","ruthnotabot.bsky.social","azkellyk.bsky.social"
"at://did:plc:ddq5cepvmfgaobd34276ia4z/app.bsky.feed.post/3mijumbz3xs2w","did:plc:x2bwqo6nyawf4hllovrm3lrd","haller55.bsky.social","azkellyk.bsky.social"
"at://did:plc:ddq5cepvmfgaobd34276ia4z/app.bsky.feed.post/3mijumbz3xs2w","did:plc:wel23cxog7b7qglcrwxfmcss","eny403.bsky.social","azkellyk.bsky.social"
"at://did:plc:ddq5cepvmfgaobd34276ia4z/app.bsky.feed.post/3mijumbz3xs2w","did:plc:tmg3kooaij3bltb7gpq4kvvz","funnybunny67.bsky.social","azkellyk.bsky.social"
"at://did:plc:ddq5cepvmfgaobd34276ia4z/app.bsky.feed.post/3mijumbz3xs2w","did:plc:sgxvscm5gqvmquqzcvdiomqj","justjudy53.bsky.social","azkellyk.bsky.social"
"at://did:plc:ddq5cepvmfgaobd34276ia4z/app.bsky.feed.post/3mijumbz3xs2w","did:plc:s5hyrn7o5s2zeolwm26wzlwl","bocksam.bsky.social","azkellyk.bsky.social"
"at://did:plc:ddq5cepvmfgaobd34276ia4z/app.bsky.feed.post/3mijumbz3xs2w","did:plc:rubi6wblkf73bvy4yvb3u573","raptorjesus25.bsky.social","azkellyk.bsky.social"
"at://did:plc:ddq5cepvmfgaobd34276ia4z/app.bsky.feed.post/3mijumbz3xs2w","did:plc:rf776nifjy3frletbl5kpdqp","dcminx.bsky.social","azkellyk.bsky.social"
"at://did:plc:ddq5cepvmfgaobd34276ia4z/app.bsky.feed.post/3mijumbz3xs2w","did:plc:r3rq4gzcpsry74uvh3z2er73","medicinepoet.bsky.social","azkellyk.bsky.social"
"at://did:plc:ddq5cepvmfgaobd34276ia4z/app.bsky.feed.post/3mijumbz3xs2w","did:plc:lw7354sntpr67dymp6ltdaps","still-rusty.bsky.social","azkellyk.bsky.social"
"at://did:plc:ddq5cepvmfgaobd34276ia4z/app.bsky.feed.post/3mijumbz3xs2w","did:plc:lpp4kfiaxrerrmcgsy3ufbd6","beebizzy.bsky.social","azkellyk.bsky.social"
"at://did:plc:ddq5cepvmfgaobd34276ia4z/app.bsky.feed.post/3mijumbz3xs2w","did:plc:l5gwtscihqytijltei4ltd5k","theshrk22.bsky.social","azkellyk.bsky.social"
"at://did:plc:ddq5cepvmfgaobd34276ia4z/app.bsky.feed.post/3mijumbz3xs2w","did:plc:k6w6h2ndolwc3txbyqo7cy4h","ladolcevitaone.bsky.social","azkellyk.bsky.social"
"at://did:plc:ddq5cepvmfgaobd34276ia4z/app.bsky.feed.post/3mijumbz3xs2w","did:plc:jx7z3mipswzrpxxtguhvdgrp","madelynerants.bsky.social","azkellyk.bsky.social"
"at://did:plc:ddq5cepvmfgaobd34276ia4z/app.bsky.feed.post/3mijumbz3xs2w","did:plc:iz462pt4vnpcdultohol2qon","cardonebrian.bsky.social","azkellyk.bsky.social"
"at://did:plc:ddq5cepvmfgaobd34276ia4z/app.bsky.feed.post/3mijumbz3xs2w","did:plc:iwfwtpvu23wnwuesnk4lvus4","aquart1.bsky.social","azkellyk.bsky.social"
"at://did:plc:ddq5cepvmfgaobd34276ia4z/app.bsky.feed.post/3mijumbz3xs2w","did:plc:ifzmelichjvsesc32ejc2ryv","janevoter2018.bsky.social","azkellyk.bsky.social"
"at://did:plc:ddq5cepvmfgaobd34276ia4z/app.bsky.feed.post/3mijumbz3xs2w","did:plc:gwt2i6yf5dlankp7l6nltigl","hboekhoudt.bsky.social","azkellyk.bsky.social"
"at://did:plc:ddq5cepvmfgaobd34276ia4z/app.bsky.feed.post/3mijumbz3xs2w","did:plc:frqz35xn74gbgokvn2fbwf4u","kellyyork.bsky.social","azkellyk.bsky.social"
"at://did:plc:ddq5cepvmfgaobd34276ia4z/app.bsky.feed.post/3mijumbz3xs2w","did:plc:fhokjp465fwo3rosactr7zk3","randy1211.bsky.social","azkellyk.bsky.social"
"at://did:plc:ddq5cepvmfgaobd34276ia4z/app.bsky.feed.post/3mijumbz3xs2w","did:plc:ew6mcj5sq6mqvxnwterrfrd4","rd-kekta.bsky.social","azkellyk.bsky.social"
"at://did:plc:ddq5cepvmfgaobd34276ia4z/app.bsky.feed.post/3mijumbz3xs2w","did:plc:e7il3yc3tzgeg735hehbm3c7","mebeforr.bsky.social","azkellyk.bsky.social"
"at://did:plc:wg3qyemblksbdalphblv5igg/app.bsky.feed.post/3mijsu2rc6s24","did:plc:bv5zeqpm4g5lz6x5uo7vgd2j","lizziepie.bsky.social","thesunnycafe.bsky.social"
"at://did:plc:wg3qyemblksbdalphblv5igg/app.bsky.feed.post/3mijsu2rc6s24","did:plc:a7d22wci5vlqc2bl6gacvxge","mallowsprout.bsky.social","thesunnycafe.bsky.social"
"at://did:plc:l6rhhhqmguakxpoomlxmn4ky/app.bsky.feed.post/3mijshyqnz222","did:plc:swgdxrt5d5u53bzy7knk5boh","tobiascarroll.bsky.social","reactorsff.bsky.social"
"at://did:plc:l6rhhhqmguakxpoomlxmn4ky/app.bsky.feed.post/3mijshyqnz222","did:plc:r24znqrzpv227wrabmtqrujs","hararereview.com","reactorsff.bsky.social"
"at://did:plc:l6rhhhqmguakxpoomlxmn4ky/app.bsky.feed.post/3mijshyqnz222","did:plc:nqv23cjesrasi2bpvyxm4kyy","carturo222.bsky.social","reactorsff.bsky.social"
"at://did:plc:l6rhhhqmguakxpoomlxmn4ky/app.bsky.feed.post/3mijshyqnz222","did:plc:jdtilzsbqg2oqdys5txro54t","bonkina.bsky.social","reactorsff.bsky.social"
"at://did:plc:l6rhhhqmguakxpoomlxmn4ky/app.bsky.feed.post/3mijshyqnz222","did:plc:ekadzenmcqao2bgbqvulgm2p","thomthumb1990.bsky.social","reactorsff.bsky.social"
"at://did:plc:l6rhhhqmguakxpoomlxmn4ky/app.bsky.feed.post/3mijshyqnz222","did:plc:egsrotxe3pdaap7jg46n77cn","runalongwomble.bsky.social","reactorsff.bsky.social"
"at://did:plc:mwagtmvsxuqlgte5iqk3fndm/app.bsky.feed.post/3mijrzvzwo22z","did:plc:tdc4yrfxgdc4id65llfajorh","murduck.bsky.social","lalegault.bsky.social"
"at://did:plc:mwagtmvsxuqlgte5iqk3fndm/app.bsky.feed.post/3mijrzvzwo22z","did:plc:qqgtc6eau5lncsotjik4x5df","damitman.bsky.social","lalegault.bsky.social"
"at://did:plc:lbrl22j6iuykibdha2cq2e44/app.bsky.feed.post/3mijnf3h4zc24","did:plc:zomv3azokddwidzwr6ezo57m","phoenixwomanmn.bsky.social","ericswalwell.bsky.social"
"at://did:plc:lbrl22j6iuykibdha2cq2e44/app.bsky.feed.post/3mijnf3h4zc24","did:plc:zfnmse2htf4h7ilsjzkj4ygt","blu-ewave.bsky.social","ericswalwell.bsky.social"
"at://did:plc:lbrl22j6iuykibdha2cq2e44/app.bsky.feed.post/3mijnf3h4zc24","did:plc:yeyg7vgfrzf7b3cep22i6m5o","angel2damax.bsky.social","ericswalwell.bsky.social"
"at://did:plc:lbrl22j6iuykibdha2cq2e44/app.bsky.feed.post/3mijnf3h4zc24","did:plc:y5uatbckjo6dn47i7h4gu3ig","dorotheevplessis.bsky.social","ericswalwell.bsky.social"
"at://did:plc:lbrl22j6iuykibdha2cq2e44/app.bsky.feed.post/3mijnf3h4zc24","did:plc:y25vkpzcf3rtl2unjm6ynic2","ru-rok1111.bsky.social","ericswalwell.bsky.social"
"at://did:plc:lbrl22j6iuykibdha2cq2e44/app.bsky.feed.post/3mijnf3h4zc24","did:plc:tv73qdg5gwvlqg5fzezpnywb","stacybprophetic.bsky.social","ericswalwell.bsky.social"
"at://did:plc:lbrl22j6iuykibdha2cq2e44/app.bsky.feed.post/3mijnf3h4zc24","did:plc:ttlx4vwaqs42xxqynjm2nxmk","samstribling1.bsky.social","ericswalwell.bsky.social"
"at://did:plc:lbrl22j6iuykibdha2cq2e44/app.bsky.feed.post/3mijnf3h4zc24","did:plc:r7vtycxva5qle4is6lnlixzn","philipconrad007.bsky.social","ericswalwell.bsky.social"
"at://did:plc:lbrl22j6iuykibdha2cq2e44/app.bsky.feed.post/3mijnf3h4zc24","did:plc:ndivnmgatyawvthsjasx4cla","bubbajonz.bsky.social","ericswalwell.bsky.social"
"at://did:plc:lbrl22j6iuykibdha2cq2e44/app.bsky.feed.post/3mijnf3h4zc24","did:plc:mmrktxw4sa2hteerlqi67awk","farmgurlkp83.bsky.social","ericswalwell.bsky.social"
"at://did:plc:lbrl22j6iuykibdha2cq2e44/app.bsky.feed.post/3mijnf3h4zc24","did:plc:kxv5yp6ffh6fqvwmsrgfch3x","bquintiliani.bsky.social","ericswalwell.bsky.social"
"at://did:plc:lbrl22j6iuykibdha2cq2e44/app.bsky.feed.post/3mijnf3h4zc24","did:plc:kxpbndcthekif7p5bammgblb","apeacefulplace.bsky.social","ericswalwell.bsky.social"
"at://did:plc:lbrl22j6iuykibdha2cq2e44/app.bsky.feed.post/3mijnf3h4zc24","did:plc:jeil7gfmnkvqmmllpgwmxobz","memkri.bsky.social","ericswalwell.bsky.social"
"at://did:plc:lbrl22j6iuykibdha2cq2e44/app.bsky.feed.post/3mijnf3h4zc24","did:plc:j42vwbl6wvdwxx6yyneuqd7x","suzette.bsky.social","ericswalwell.bsky.social"
"at://did:plc:lbrl22j6iuykibdha2cq2e44/app.bsky.feed.post/3mijnf3h4zc24","did:plc:gcnopllp4j2nrwit7dnoqxdm","dianecheyanne.bsky.social","ericswalwell.bsky.social"
"at://did:plc:lbrl22j6iuykibdha2cq2e44/app.bsky.feed.post/3mijnf3h4zc24","did:plc:e7el2cmaq6jqhzfhvteeftnc","deborahinohio.bsky.social","ericswalwell.bsky.social"
"at://did:plc:lbrl22j6iuykibdha2cq2e44/app.bsky.feed.post/3mijnf3h4zc24","did:plc:amzeqjjttum7okye22deol3f","davidheavin.bsky.social","ericswalwell.bsky.social"
"at://did:plc:lbrl22j6iuykibdha2cq2e44/app.bsky.feed.post/3mijnf3h4zc24","did:plc:abfuuytb3v4nppcvdnidoic4","mustang72.bsky.social","ericswalwell.bsky.social"
"at://did:plc:lbrl22j6iuykibdha2cq2e44/app.bsky.feed.post/3mijnf3h4zc24","did:plc:7zahh7ros22du6l5bslelakj","hudsonnash.bsky.social","ericswalwell.bsky.social"
"at://did:plc:lbrl22j6iuykibdha2cq2e44/app.bsky.feed.post/3mijnf3h4zc24","did:plc:6kzlg4obmpyqtikux4luxiiv","garytcoles.bsky.social","ericswalwell.bsky.social"
"at://did:plc:lbrl22j6iuykibdha2cq2e44/app.bsky.feed.post/3mijnf3h4zc24","did:plc:2fkrd4uiorayj6ytd4p27q4u","elizdelg.bsky.social","ericswalwell.bsky.social"
"at://did:plc:65yv35ea3cozxeeounvgyyxn/app.bsky.feed.post/3mijmgtd3os2x","did:plc:yhdreq25ujfbeny46mj7va7w","theladyred.bsky.social","belcantolaura.bsky.social"
"at://did:plc:pyzdcludzgzkktlx657emvwf/app.bsky.feed.post/3mijlrixt6c2t","did:plc:7ezvhnprvvpxwqdncrrqx5w2","spicynocajun.bsky.social","atilacore.bsky.social"
"at://did:plc:crjgsju3qbtztj7sfgq3lrhh/app.bsky.feed.post/3mijl6oc4ls2j","did:plc:bvkbdihlhqhdu3bxnnm7ze6u","stephmu00mls.bsky.social","misernyc.bsky.social"
"at://did:plc:ui7decoar7dhtjwxpenpezv3/app.bsky.feed.post/3mijjng4b7y2i","did:plc:277tcpgddm6bqekacqjrf3zl","jackiemo.bsky.social","paulmurphy.pbp.ie"
"at://did:plc:7iixqmrntrfkgljaw7gfp7iv/app.bsky.feed.post/3mijg44plm22q","did:plc:fw6ijvi3sf3qj752mmzgbggy","nclc4consumers.bsky.social","consumerfed.bsky.social"
"at://did:plc:7iixqmrntrfkgljaw7gfp7iv/app.bsky.feed.post/3mijg44plm22q","did:plc:65exwacsavorc45glw6qovbn","sjccorn.bsky.social","consumerfed.bsky.social"
"at://did:plc:7mbo4m36vsxtvro37pizdxos/app.bsky.feed.post/3mijfn6jdq22j","did:plc:y3ziw3m5vt6vcnfumlfjyuwp","morselya.bsky.social","jdnicoll.bsky.social"
"at://did:plc:7mbo4m36vsxtvro37pizdxos/app.bsky.feed.post/3mijfn6jdq22j","did:plc:xwecnxss36drq265gbeol7bn","theelaineg.bsky.social","jdnicoll.bsky.social"
"at://did:plc:o5ziv3z3drxvqgvm37szp5al/app.bsky.feed.post/3mijer6jkns22","did:plc:vhjppjr6gvqpis4aktrbilc2","satyagraha25.bsky.social","lmmw.bsky.social"
"at://did:plc:o5ziv3z3drxvqgvm37szp5al/app.bsky.feed.post/3mijer6jkns22","did:plc:ga37by3jzop3mzknn3urezmx","liberal4269.bsky.social","lmmw.bsky.social"
"at://did:plc:vy6iyhvi435lhyha4coaowmd/app.bsky.feed.post/3mijefaewas24","did:plc:jphzxwex3pu4kts4npu7yfv4","poynter-jon.bsky.social","harvard-jchs.bsky.social"
"at://did:plc:c5bi2cqd7xaw36gofminr65a/app.bsky.feed.post/3mij6up6f3s24","did:plc:xp5xeffhvjbtg7fdfdmptcwx","jessreid.bsky.social","tofusatyr.bsky.social"
"at://did:plc:c5bi2cqd7xaw36gofminr65a/app.bsky.feed.post/3mij6up6f3s24","did:plc:mzlq257uihdjylregr3252p7","shane1mcc.bsky.social","tofusatyr.bsky.social"
"at://did:plc:apswmovpsxysbtsczexkevek/app.bsky.feed.post/3mij36sldfk2s","did:plc:sgbuluxgyy722kwmopu4ek4o","william.noiseistherapy.co.uk","dhochlaf.bsky.social"
"at://did:plc:27oztulikqaiedjwyucpxtfp/app.bsky.feed.post/3miivbzget22y","did:plc:ncc43lexmlcw3kks7blvxbz7","gajido.bsky.social","tobyontv.bsky.social"
"at://did:plc:27oztulikqaiedjwyucpxtfp/app.bsky.feed.post/3miivbzget22y","did:plc:mqerjr3k44qd235wupzltepu","jonathaneilbeck.bsky.social","tobyontv.bsky.social"
"at://did:plc:27oztulikqaiedjwyucpxtfp/app.bsky.feed.post/3miivbzget22y","did:plc:j26mwwrlkfqsy2thubwg7or6","happytoast.co.uk","tobyontv.bsky.social"
"at://did:plc:bh6nkwdxncpecyl7j5axiy7i/app.bsky.feed.post/3miihnm3h2k2c","did:plc:iejkwl7q67zqj2i5mpanbfij","trumpluvsobama.bsky.social","leifb73.eurosky.social"
"at://did:plc:dc6lrdlvden2l2qiilmgfyk5/app.bsky.feed.post/3mihop4atuc27","did:plc:yqcm4g73x4e2osipusrzjlbl","leemari27.bsky.social","pressley.house.gov"
"at://did:plc:dc6lrdlvden2l2qiilmgfyk5/app.bsky.feed.post/3mihop4atuc27","did:plc:yhwjo36425p4leukrwl26bud","mj5dnhtns.bsky.social","pressley.house.gov"
"at://did:plc:dc6lrdlvden2l2qiilmgfyk5/app.bsky.feed.post/3mihop4atuc27","did:plc:vaymq2h5u5czusxiospcdoof","dcovin.bsky.social","pressley.house.gov"
"at://did:plc:dc6lrdlvden2l2qiilmgfyk5/app.bsky.feed.post/3mihop4atuc27","did:plc:ulj4xqgtpspo6fioxx73kmku","m2mresearchnetwork.bsky.social","pressley.house.gov"
"at://did:plc:dc6lrdlvden2l2qiilmgfyk5/app.bsky.feed.post/3mihop4atuc27","did:plc:rbu7qrndpgznz5bhgo7zx4ij","jac-2025.bsky.social","pressley.house.gov"
"at://did:plc:dc6lrdlvden2l2qiilmgfyk5/app.bsky.feed.post/3mihop4atuc27","did:plc:opkiu5ace5sv53myr34ieqo3","neuroparis.bsky.social","pressley.house.gov"
"at://did:plc:dc6lrdlvden2l2qiilmgfyk5/app.bsky.feed.post/3mihop4atuc27","did:plc:nyttoclai2dsuyv3cgpanuth","iragsdale.bsky.social","pressley.house.gov"
"at://did:plc:dc6lrdlvden2l2qiilmgfyk5/app.bsky.feed.post/3mihop4atuc27","did:plc:nys3sc7xaqitrjkn4kl3qttp","mrso1.bsky.social","pressley.house.gov"
"at://did:plc:dc6lrdlvden2l2qiilmgfyk5/app.bsky.feed.post/3mihop4atuc27","did:plc:nf3zs3g5wnctwqvhsrwc6f5j","darkblueluma.bsky.social","pressley.house.gov"
"at://did:plc:dc6lrdlvden2l2qiilmgfyk5/app.bsky.feed.post/3mihop4atuc27","did:plc:ls7k475n6da7pdllaadk3x7g","jimdjr1522.bsky.social","pressley.house.gov"
"at://did:plc:dc6lrdlvden2l2qiilmgfyk5/app.bsky.feed.post/3mihop4atuc27","did:plc:kck47heocs5bu6wfspyoidun","voteblue4vr.bsky.social","pressley.house.gov"
"at://did:plc:dc6lrdlvden2l2qiilmgfyk5/app.bsky.feed.post/3mihop4atuc27","did:plc:h4jhv6ngxsrevsfuyucplj2l","silvy777.bsky.social","pressley.house.gov"
"at://did:plc:dc6lrdlvden2l2qiilmgfyk5/app.bsky.feed.post/3mihop4atuc27","did:plc:ewskzi3q66y3itvm76o3dmum","leftwingmusicfrank.bsky.social","pressley.house.gov"
"at://did:plc:dc6lrdlvden2l2qiilmgfyk5/app.bsky.feed.post/3mihop4atuc27","did:plc:e2wuh2j6osparvpc4hhrn2p5","freestatesforever.bsky.social","pressley.house.gov"
"at://did:plc:dc6lrdlvden2l2qiilmgfyk5/app.bsky.feed.post/3mihop4atuc27","did:plc:dpy7htbas54xfvebrkkuljpn","itsallgreektome.bsky.social","pressley.house.gov"
"at://did:plc:dc6lrdlvden2l2qiilmgfyk5/app.bsky.feed.post/3mihop4atuc27","did:plc:cxkndc2okyhteyv6dah6rlzi","thenewshub.bsky.social","pressley.house.gov"
"at://did:plc:dc6lrdlvden2l2qiilmgfyk5/app.bsky.feed.post/3mihop4atuc27","did:plc:cd6xl7ezj2zusw575p34qhk3","mattheworlando.bsky.social","pressley.house.gov"
"at://did:plc:dc6lrdlvden2l2qiilmgfyk5/app.bsky.feed.post/3mihop4atuc27","did:plc:blyug5kwoufu6cne5c62alxq","lucybroon.myatproto.social","pressley.house.gov"
"at://did:plc:dc6lrdlvden2l2qiilmgfyk5/app.bsky.feed.post/3mihop4atuc27","did:plc:aluiu5dw4z4jqj55lt4e453w","j9az.bsky.social","pressley.house.gov"
"at://did:plc:dc6lrdlvden2l2qiilmgfyk5/app.bsky.feed.post/3mihop4atuc27","did:plc:7vvf6gwr422zn3ksncbtm6vi","ajplaid.bsky.social","pressley.house.gov"
"at://did:plc:dc6lrdlvden2l2qiilmgfyk5/app.bsky.feed.post/3mihop4atuc27","did:plc:5vo44wpz3t72d563owcffewx","lindaleepeacock.bsky.social","pressley.house.gov"
"at://did:plc:dc6lrdlvden2l2qiilmgfyk5/app.bsky.feed.post/3mihop4atuc27","did:plc:4bengsysx6ci3pzjqpvplxqo","iamashleystearns.bsky.social","pressley.house.gov"
"at://did:plc:dc6lrdlvden2l2qiilmgfyk5/app.bsky.feed.post/3mihop4atuc27","did:plc:23otqg4amrjlvauooilqmmvt","mariamagdala.bsky.social","pressley.house.gov"
"at://did:plc:fvqtpn5xua5sobf2s4nr2jf3/app.bsky.feed.post/3mihmr7x4sk2e","did:plc:xp5xeffhvjbtg7fdfdmptcwx","jessreid.bsky.social","deanbuckley.bsky.social"
"at://did:plc:fvqtpn5xua5sobf2s4nr2jf3/app.bsky.feed.post/3mihmr7x4sk2e","did:plc:4eaogd4gv4elvbjthnk46lvu","brianmaxhouston.bsky.social","deanbuckley.bsky.social"
"at://did:plc:f27sjljbuxckiczr657mb5mp/app.bsky.feed.post/3mihlvh7v5c2j","did:plc:whdnyhkdb467nqxvp3rutibz","kvconner.bsky.social","emily-wherever.bsky.social"
"at://did:plc:427byf5a42udtjumwjwz5sey/app.bsky.feed.post/3mihgzzuq5s2s","did:plc:tq5p46tbhgtjs22llhfwuvf6","pj1304.bsky.social","joshuaholland.bsky.social"
"at://did:plc:qnyq7wies2uc56bzqmfz4q25/app.bsky.feed.post/3mihfutak422t","did:plc:wd5se5vcurg6tlypv7gwnqzs","ruhimaker.bsky.social","resnikoff.bsky.social"
"at://did:plc:qnyq7wies2uc56bzqmfz4q25/app.bsky.feed.post/3mihfutak422t","did:plc:qnyq7wies2uc56bzqmfz4q25","resnikoff.bsky.social","resnikoff.bsky.social"
"at://did:plc:qnyq7wies2uc56bzqmfz4q25/app.bsky.feed.post/3mihfutak422t","did:plc:pibye5udrchnaarkbfrvwsiu","lizadolan.bsky.social","resnikoff.bsky.social"
"at://did:plc:qnyq7wies2uc56bzqmfz4q25/app.bsky.feed.post/3mihfutak422t","did:plc:pbvdchux22p3dblf47xgtq3m","stephenjudkins.bsky.social","resnikoff.bsky.social"
"at://did:plc:qnyq7wies2uc56bzqmfz4q25/app.bsky.feed.post/3mihfutak422t","did:plc:jxpzyel4jnw3m7eblld6k5wk","antisabotage.bsky.social","resnikoff.bsky.social"
"at://did:plc:qnyq7wies2uc56bzqmfz4q25/app.bsky.feed.post/3mihfutak422t","did:plc:jcdj4jhpz5c3x3kad3u6npic","groverhaustenbosch.bsky.social","resnikoff.bsky.social"
"at://did:plc:qnyq7wies2uc56bzqmfz4q25/app.bsky.feed.post/3mihfutak422t","did:plc:h4ugqjnmsporhkobvqbcbo2p","robertcruickshank.com","resnikoff.bsky.social"
"at://did:plc:qnyq7wies2uc56bzqmfz4q25/app.bsky.feed.post/3mihfutak422t","did:plc:5wwmgdauw4u2nw7ct7uttdos","aboutdave.bsky.social","resnikoff.bsky.social"
"at://did:plc:qnyq7wies2uc56bzqmfz4q25/app.bsky.feed.post/3mihfutak422t","did:plc:5db6utt44e6wphfzk2n2i4s6","dtobon.bsky.social","resnikoff.bsky.social"
"at://did:plc:6xt7j6q2g4oedf5b6fdpx7dd/app.bsky.feed.post/3mihexns5ks2n","did:plc:qomdhv3hfbju3jtekia7vzrw","brlawrencelc.com","berkie1.bsky.social"
"at://did:plc:6xt7j6q2g4oedf5b6fdpx7dd/app.bsky.feed.post/3mihexns5ks2n","did:plc:nworipnvuhucmwa476sp3ycv","mbh2024.bsky.social","berkie1.bsky.social"
"at://did:plc:6xt7j6q2g4oedf5b6fdpx7dd/app.bsky.feed.post/3mihexns5ks2n","did:plc:a5yfphbwym5sihonzokfntsq","burhanazeem.bsky.social","berkie1.bsky.social"
"at://did:plc:6xt7j6q2g4oedf5b6fdpx7dd/app.bsky.feed.post/3mihexns5ks2n","did:plc:3jomyuid2ohv43m2gate5h4k","dccc-phd.bsky.social","berkie1.bsky.social"
"at://did:plc:u6tsgmnf52hqzfrxoav6laqo/app.bsky.feed.post/3mihaoychhk2m","did:plc:thfzos5qfxnmcghnst274bzm","randomjeweler.bsky.social","wats.ink"
"at://did:plc:k5gw4742e3idz5ycrv3dnwd6/app.bsky.feed.post/3mih2lnivyi2c","did:plc:rigguagzkpjivixwjr7ephxj","jenkirbyart.bsky.social","thecanaryuk.bsky.social"
"at://did:plc:k5gw4742e3idz5ycrv3dnwd6/app.bsky.feed.post/3mih2lnivyi2c","did:plc:qpwr32zgeihbhzabwzgnqklw","ht4ecosocialism.bsky.social","thecanaryuk.bsky.social"
"at://did:plc:k5gw4742e3idz5ycrv3dnwd6/app.bsky.feed.post/3mih2lnivyi2c","did:plc:iel3x5hjnrj4u7xyyxpb2xf6","peterru.eurosky.social","thecanaryuk.bsky.social"
"at://did:plc:k5gw4742e3idz5ycrv3dnwd6/app.bsky.feed.post/3mih2lnivyi2c","did:plc:7ollyil7xy74o2ywzkmhedh5","h-h10.bsky.social","thecanaryuk.bsky.social"
"at://did:plc:kd5d5w626qjhmqcari7bcj3b/app.bsky.feed.post/3migx5noma22i","did:plc:n7fejhc26fnpbam6wjiw6alu","anshugsharma.myatproto.social","kevinerdmann.bsky.social"
"at://did:plc:lrti4fvhbxgrvk4deyt6pwgk/app.bsky.feed.post/3miggc475qc2p","did:plc:sti35nptrizr4adknhrziweq","thebelovedaunt.bsky.social","generalboles.bsky.social"
"at://did:plc:lrti4fvhbxgrvk4deyt6pwgk/app.bsky.feed.post/3miggc475qc2p","did:plc:j3ya4kgw5u764z2bxtfiyvd6","peternimmo.bsky.social","generalboles.bsky.social"
"at://did:plc:lrti4fvhbxgrvk4deyt6pwgk/app.bsky.feed.post/3miggc475qc2p","did:plc:asqvhabxfk7nl5mfzjcg5xap","frjonathanbish.bsky.social","generalboles.bsky.social"
"at://did:plc:lrti4fvhbxgrvk4deyt6pwgk/app.bsky.feed.post/3miggc475qc2p","did:plc:7h6ifbntiqvukv22kayzrlfy","dlynch.bsky.social","generalboles.bsky.social"
"at://did:plc:lrti4fvhbxgrvk4deyt6pwgk/app.bsky.feed.post/3miggc475qc2p","did:plc:75p2kc4i2hwzaj63qquzukxl","timmorton2.bsky.social","generalboles.bsky.social"
"at://did:plc:2mfuvaixxs72a6fno6wz4le3/app.bsky.feed.post/3mig63n2rw22g","did:plc:tmawmzo5xcgf54pxdhupvo2m","trishtoo.bsky.social","curlewcurlew.bsky.social"
"at://did:plc:2mfuvaixxs72a6fno6wz4le3/app.bsky.feed.post/3mig63n2rw22g","did:plc:ji5kbwpmuh5y6rmjpvl545xm","redhotworld.bsky.social","curlewcurlew.bsky.social"
"at://did:plc:czkvi32qneqeteonvgtiu3dn/app.bsky.feed.post/3mig4z2okek2g","did:plc:2nkkszwavrwdouiqvytk4qqe","catrio.bsky.social","reidfoundation.bsky.social"
"at://did:plc:6aynxzwotcoygqct5qvqbol3/app.bsky.feed.post/3mifzkuilw22d","did:plc:h4blnw5p3yb4bwetp6jfo3bh","hallrichardjohn.bsky.social","dcjohnson.bsky.social"
"at://did:plc:6aynxzwotcoygqct5qvqbol3/app.bsky.feed.post/3mifzkuilw22d","did:plc:6aynxzwotcoygqct5qvqbol3","dcjohnson.bsky.social","dcjohnson.bsky.social"
"at://did:plc:6aynxzwotcoygqct5qvqbol3/app.bsky.feed.post/3mifzkuilw22d","did:plc:3c5jgoau5nb42r6ecka4pmpw","br00t4c.bsky.social","dcjohnson.bsky.social"
"at://did:plc:pwwsxgki23lnbl4fp52ujsi4/app.bsky.feed.post/3mifgozm2cs2j","did:plc:ztxgi25w3l2nda7wwrldf4ja","huntsoph.bsky.social","barbarapocock.bsky.social"
"at://did:plc:pwwsxgki23lnbl4fp52ujsi4/app.bsky.feed.post/3mifgozm2cs2j","did:plc:ytdb27t3sbnrzl5xoje3hzhb","ninawasaballerina.bsky.social","barbarapocock.bsky.social"
"at://did:plc:pwwsxgki23lnbl4fp52ujsi4/app.bsky.feed.post/3mifgozm2cs2j","did:plc:vf4djefkiz7rvkxjh2c47koi","robjirvine.bsky.social","barbarapocock.bsky.social"
"at://did:plc:pwwsxgki23lnbl4fp52ujsi4/app.bsky.feed.post/3mifgozm2cs2j","did:plc:r3oriaspoxslzppzs33x34dn","bostonmarried.bsky.social","barbarapocock.bsky.social"
"at://did:plc:pwwsxgki23lnbl4fp52ujsi4/app.bsky.feed.post/3mifgozm2cs2j","did:plc:nhwtaw5di6r5qhsxwy6owqhm","heleng-gee.bsky.social","barbarapocock.bsky.social"
"at://did:plc:pwwsxgki23lnbl4fp52ujsi4/app.bsky.feed.post/3mifgozm2cs2j","did:plc:msieaoif6ahtxcxe3x2v4oed","fiirving.bsky.social","barbarapocock.bsky.social"
"at://did:plc:pwwsxgki23lnbl4fp52ujsi4/app.bsky.feed.post/3mifgozm2cs2j","did:plc:lwbib4icjpkazqypqxqtxjc4","buckhurst.bsky.social","barbarapocock.bsky.social"
"at://did:plc:pwwsxgki23lnbl4fp52ujsi4/app.bsky.feed.post/3mifgozm2cs2j","did:plc:gts3rjeacncigcxfnuwfoqdd","rogueunit.bsky.social","barbarapocock.bsky.social"
"at://did:plc:pwwsxgki23lnbl4fp52ujsi4/app.bsky.feed.post/3mifgozm2cs2j","did:plc:a5dbj5y33y7phxqrxaekj5lf","ournewhomecoach.bsky.social","barbarapocock.bsky.social"
"at://did:plc:pwwsxgki23lnbl4fp52ujsi4/app.bsky.feed.post/3mifgn2kskk2j","did:plc:zlofb3rxqaag7p5mccf62ncw","emmyy-p.bsky.social","barbarapocock.bsky.social"
"at://did:plc:pwwsxgki23lnbl4fp52ujsi4/app.bsky.feed.post/3mifgn2kskk2j","did:plc:vf4djefkiz7rvkxjh2c47koi","robjirvine.bsky.social","barbarapocock.bsky.social"
"at://did:plc:pwwsxgki23lnbl4fp52ujsi4/app.bsky.feed.post/3mifgn2kskk2j","did:plc:3mpb7pr6nqp6jxzlv76mn6f4","agpat.bsky.social","barbarapocock.bsky.social"
"at://did:plc:2gkti74z2oq2m7e55ycx7kya/app.bsky.feed.post/3mif6kvd5rc2b","did:plc:sz3k4ax2f3w5ilqrnizdqlc3","justice4renters.bsky.social","housinghumanright.bsky.social"
"at://did:plc:krddjq56g2tupaku6yp7jmec/app.bsky.feed.post/3miexreunuc2c","did:plc:z6cf7gld35f55njj3ou7zwn6","bellewoods.bsky.social","mickeykuhns.bsky.social"
"at://did:plc:krddjq56g2tupaku6yp7jmec/app.bsky.feed.post/3miexreunuc2c","did:plc:urtweeiopwplroev73jovik5","texasfed.bsky.social","mickeykuhns.bsky.social"
"at://did:plc:krddjq56g2tupaku6yp7jmec/app.bsky.feed.post/3miexreunuc2c","did:plc:sd3n6zb6zhb4mom5k63yxgzq","colononi.bsky.social","mickeykuhns.bsky.social"
"at://did:plc:krddjq56g2tupaku6yp7jmec/app.bsky.feed.post/3miexreunuc2c","did:plc:r2vqh7xbjnvdzwxaxjan7qus","emmastreet.bsky.social","mickeykuhns.bsky.social"
"at://did:plc:krddjq56g2tupaku6yp7jmec/app.bsky.feed.post/3miexreunuc2c","did:plc:pe4sdvtmpuui2dchryoa67q4","deirdre63.bsky.social","mickeykuhns.bsky.social"
"at://did:plc:krddjq56g2tupaku6yp7jmec/app.bsky.feed.post/3miexreunuc2c","did:plc:p4bswwe2z572iiglphkotvfx","bjttene.bsky.social","mickeykuhns.bsky.social"
"at://did:plc:krddjq56g2tupaku6yp7jmec/app.bsky.feed.post/3miexreunuc2c","did:plc:ltms2xmtpnqw22bu3qecjbt3","catsrule0000.bsky.social","mickeykuhns.bsky.social"
"at://did:plc:krddjq56g2tupaku6yp7jmec/app.bsky.feed.post/3miexreunuc2c","did:plc:lcxvkghd7vsqz4ztqujfoocu","blackstormrise.bsky.social","mickeykuhns.bsky.social"
"at://did:plc:krddjq56g2tupaku6yp7jmec/app.bsky.feed.post/3miexreunuc2c","did:plc:e6pqf6czhocw5z7abkecv2si","ihatetrump69.bsky.social","mickeykuhns.bsky.social"
"at://did:plc:krddjq56g2tupaku6yp7jmec/app.bsky.feed.post/3miexreunuc2c","did:plc:dua3kl42nv2ggmpiqwzvoqlx","kitchieg.bsky.social","mickeykuhns.bsky.social"
"at://did:plc:krddjq56g2tupaku6yp7jmec/app.bsky.feed.post/3miexreunuc2c","did:plc:diepzz2fsm5kps47jgxwuhis","vicky8651.bsky.social","mickeykuhns.bsky.social"
"at://did:plc:krddjq56g2tupaku6yp7jmec/app.bsky.feed.post/3miexreunuc2c","did:plc:cjmxp7utdcdvobh4ti2royyv","rctjr.bsky.social","mickeykuhns.bsky.social"
"at://did:plc:krddjq56g2tupaku6yp7jmec/app.bsky.feed.post/3miexreunuc2c","did:plc:ayx3slokcuapygbn2hfdc6et","jpuente1860.bsky.social","mickeykuhns.bsky.social"
"at://did:plc:krddjq56g2tupaku6yp7jmec/app.bsky.feed.post/3miexreunuc2c","did:plc:au2ti5jfsmr6bxfr6aknlndu","lyngianni.bsky.social","mickeykuhns.bsky.social"
"at://did:plc:krddjq56g2tupaku6yp7jmec/app.bsky.feed.post/3miexreunuc2c","did:plc:afrafmm35plpwdyovasteyi5","katnaround.bsky.social","mickeykuhns.bsky.social"
"at://did:plc:krddjq56g2tupaku6yp7jmec/app.bsky.feed.post/3miexreunuc2c","did:plc:adtca5tssu4xmooa4zehxeve","mame6432.bsky.social","mickeykuhns.bsky.social"
"at://did:plc:krddjq56g2tupaku6yp7jmec/app.bsky.feed.post/3miexreunuc2c","did:plc:7u5p4ovuupwlj4k6iychnhvb","monawys.bsky.social","mickeykuhns.bsky.social"
"at://did:plc:krddjq56g2tupaku6yp7jmec/app.bsky.feed.post/3miexreunuc2c","did:plc:6xohvgii6d3wh3sczzsy6l3h","creddingvye.bsky.social","mickeykuhns.bsky.social"
"at://did:plc:krddjq56g2tupaku6yp7jmec/app.bsky.feed.post/3miexreunuc2c","did:plc:5h3h4w3bit226m3a2vzdtvtx","jr-placitas.bsky.social","mickeykuhns.bsky.social"
"at://did:plc:krddjq56g2tupaku6yp7jmec/app.bsky.feed.post/3miexreunuc2c","did:plc:4gacuqjopp3m5csywgijnmjy","mooluna.bsky.social","mickeykuhns.bsky.social"
"at://did:plc:krddjq56g2tupaku6yp7jmec/app.bsky.feed.post/3miexreunuc2c","did:plc:3ofb2ojvtpg7cogrgrgmqg2u","maryo327.bsky.social","mickeykuhns.bsky.social"
"at://did:plc:2w53da5b2gvpzlb3htcghhnn/app.bsky.feed.post/3miewyjqotc2p","did:plc:lxomyi527chdeaatr3vkizbo","magnuscanis.bsky.social","rossengineer.bsky.social"
"at://did:plc:xzbocpwcp2odpbpfq7iietj6/app.bsky.feed.post/3miewp7znls26","did:plc:bg5kdp47vhtmimbmqwynoqbm","maryecoy.bsky.social","sailorgirl2017.bsky.social"
"at://did:plc:xzbocpwcp2odpbpfq7iietj6/app.bsky.feed.post/3miewp7znls26","did:plc:7clspctikalivcrzqthdk3pp","sammyhamburger.bsky.social","sailorgirl2017.bsky.social"
"at://did:plc:blmpdhaccskliugulmou736i/app.bsky.feed.post/3miem5u6aks2r","did:plc:nw4ev7sd7vpposrdgqcfatyk","travestylane.bsky.social","mherz67.bsky.social"
"at://did:plc:blmpdhaccskliugulmou736i/app.bsky.feed.post/3miem5u6aks2r","did:plc:2axp4nq4u3rwkeogahxygxzy","cagygibbon.bsky.social","mherz67.bsky.social"
"at://did:plc:h6jcxdqmpgtal7moeg6owqmo/app.bsky.feed.post/3miejqbrmv22n","did:plc:hgqdfvgpworoutu2y7w333on","jonnygf.bsky.social","easterneye.bsky.social"
"at://did:plc:efpxdgsxdnfoermfwi3a6vtg/app.bsky.feed.post/3mieg66usgc2y","did:plc:visr6eejsvqhbctciqtvd7qf","jacksonp42.bsky.social","alfredtwu.com"
"at://did:plc:efpxdgsxdnfoermfwi3a6vtg/app.bsky.feed.post/3mieg66usgc2y","did:plc:fwdpmsneqzm7ct4inrxo4isu","wendyreed.bsky.social","alfredtwu.com"
"at://did:plc:efpxdgsxdnfoermfwi3a6vtg/app.bsky.feed.post/3mieg66usgc2y","did:plc:b3iqf542zuurf5mfzihgevfz","jordandarkly.bsky.social","alfredtwu.com"
"at://did:plc:juyfjmia66ady6amtvmtchfj/app.bsky.feed.post/3miedy6zovs2g","did:plc:sjbff7c2z2vqi5dpbrwzdxce","jleger-irpp.bsky.social","irpp.org"
"at://did:plc:z7mxcankrbp6ga62mo427xrf/app.bsky.feed.post/3mieapqkdos2x","did:plc:rcyrh6azmuxfcxkrxkjlkuhu","llynsey453.bsky.social","corpsepilot.bsky.social"
"at://did:plc:z7mxcankrbp6ga62mo427xrf/app.bsky.feed.post/3mieapqkdos2x","did:plc:o6qxsrex4n6vjfsrbiuw6gpq","amitessornotlol.bsky.social","corpsepilot.bsky.social"
"at://did:plc:z7mxcankrbp6ga62mo427xrf/app.bsky.feed.post/3mieapqkdos2x","did:plc:g2h5rroexaeiahejxmmzptli","kbdogsrule.bsky.social","corpsepilot.bsky.social"
"at://did:plc:5hxo44psocr5whuhyn4wjqzj/app.bsky.feed.post/3mie7th5oos2i","did:plc:ybpqj24hc4s2ftvlq3cjghbj","richardmw1653.bsky.social","antonyillahiwarren.bsky.social"
"at://did:plc:5hxo44psocr5whuhyn4wjqzj/app.bsky.feed.post/3mie7th5oos2i","did:plc:wlmv7niogqrjgmccelc57tlk","suffgin.bsky.social","antonyillahiwarren.bsky.social"
"at://did:plc:5hxo44psocr5whuhyn4wjqzj/app.bsky.feed.post/3mie7th5oos2i","did:plc:tstaditz2g6gs7g5y3ofvixs","traceybriggs1.bsky.social","antonyillahiwarren.bsky.social"
"at://did:plc:5hxo44psocr5whuhyn4wjqzj/app.bsky.feed.post/3mie7th5oos2i","did:plc:sye57ecd56pbvf6hj7elcndh","tanwyn.bsky.social","antonyillahiwarren.bsky.social"
"at://did:plc:5hxo44psocr5whuhyn4wjqzj/app.bsky.feed.post/3mie7th5oos2i","did:plc:k4ackdee5s6hjuwp7izjxwow","ian46.bsky.social","antonyillahiwarren.bsky.social"
"at://did:plc:5hxo44psocr5whuhyn4wjqzj/app.bsky.feed.post/3mie7th5oos2i","did:plc:fjjbxrxpsvosgk37u4tf274e","terimac.bsky.social","antonyillahiwarren.bsky.social"
"at://did:plc:5hxo44psocr5whuhyn4wjqzj/app.bsky.feed.post/3mie7th5oos2i","did:plc:dvqen5kfusnij5oumlo2uwbk","biddy03.bsky.social","antonyillahiwarren.bsky.social"
"at://did:plc:5hxo44psocr5whuhyn4wjqzj/app.bsky.feed.post/3mie7th5oos2i","did:plc:7xqorhqjdnphkjlg2qiylimn","spsblue.bsky.social","antonyillahiwarren.bsky.social"
"at://did:plc:5hxo44psocr5whuhyn4wjqzj/app.bsky.feed.post/3mie7th5oos2i","did:plc:6mtz2jt6twtihv44hd47rsaj","jmc123.bsky.social","antonyillahiwarren.bsky.social"
"at://did:plc:2yp6g7aqepdbjup33qrosebv/app.bsky.feed.post/3mie5lvo44k2d","did:plc:zvhj34wqpwnvygxljdhp2pzk","addledone.bsky.social","zackpolanski.bsky.social"
"at://did:plc:2yp6g7aqepdbjup33qrosebv/app.bsky.feed.post/3mie5lvo44k2d","did:plc:zjjwiftaea7orixhu4bpgg64","busygranof6.bsky.social","zackpolanski.bsky.social"
"at://did:plc:2yp6g7aqepdbjup33qrosebv/app.bsky.feed.post/3mie5lvo44k2d","did:plc:zgi3qfrm46r7qr2jriw673gd","shelleybwoke.bsky.social","zackpolanski.bsky.social"
"at://did:plc:2yp6g7aqepdbjup33qrosebv/app.bsky.feed.post/3mie5lvo44k2d","did:plc:z6v7lawnxesxgdbqsha2vlix","jackyjacky.bsky.social","zackpolanski.bsky.social"
"at://did:plc:2yp6g7aqepdbjup33qrosebv/app.bsky.feed.post/3mie5lvo44k2d","did:plc:z6e3zhhcfutly2zbml4mljzg","grahambrighton.bsky.social","zackpolanski.bsky.social"
"at://did:plc:2yp6g7aqepdbjup33qrosebv/app.bsky.feed.post/3mie5lvo44k2d","did:plc:z4mgmgafv3quybojdlzpazyh","chippygirl.bsky.social","zackpolanski.bsky.social"
"at://did:plc:2yp6g7aqepdbjup33qrosebv/app.bsky.feed.post/3mie5lvo44k2d","did:plc:z2abvcob3rzsdhuvvlg37o5m","bluemerel.bsky.social","zackpolanski.bsky.social"
"at://did:plc:2yp6g7aqepdbjup33qrosebv/app.bsky.feed.post/3mie5lvo44k2d","did:plc:yuyttyl777kirm5sgann46ba","rosenorth.bsky.social","zackpolanski.bsky.social"
"at://did:plc:2yp6g7aqepdbjup33qrosebv/app.bsky.feed.post/3mie5lvo44k2d","did:plc:ypznq3y5eyeft6ownteq42zy","speddersuk.bsky.social","zackpolanski.bsky.social"
"at://did:plc:2yp6g7aqepdbjup33qrosebv/app.bsky.feed.post/3mie5lvo44k2d","did:plc:xvuyjzujoozlutnoascgjgtm","pete-cookson.bsky.social","zackpolanski.bsky.social"
"at://did:plc:2yp6g7aqepdbjup33qrosebv/app.bsky.feed.post/3mie5lvo44k2d","did:plc:xuhy2px7vlaazsea7kqu7jvg","writeflyer.pmd.social","zackpolanski.bsky.social"
"at://did:plc:2yp6g7aqepdbjup33qrosebv/app.bsky.feed.post/3mie5lvo44k2d","did:plc:xshxoo2t6cjvo3lxmaamqcpj","edpack.bsky.social","zackpolanski.bsky.social"
"at://did:plc:2yp6g7aqepdbjup33qrosebv/app.bsky.feed.post/3mie5lvo44k2d","did:plc:xmctnffmypwruucw2b6gnizo","oughcookie.bsky.social","zackpolanski.bsky.social"
"at://did:plc:2yp6g7aqepdbjup33qrosebv/app.bsky.feed.post/3mie5lvo44k2d","did:plc:xk2akpnie36mvc2bzbpgsvdo","mcintyfam.bsky.social","zackpolanski.bsky.social"
"at://did:plc:2yp6g7aqepdbjup33qrosebv/app.bsky.feed.post/3mie5lvo44k2d","did:plc:xedyrkdskwroj3gqdwygjdqb","garethgch.bsky.social","zackpolanski.bsky.social"
"at://did:plc:2yp6g7aqepdbjup33qrosebv/app.bsky.feed.post/3mie5lvo44k2d","did:plc:xdxm5wjchhmn7z2jyujjxot7","rockinchimp.bsky.social","zackpolanski.bsky.social"
"at://did:plc:2yp6g7aqepdbjup33qrosebv/app.bsky.feed.post/3mie5lvo44k2d","did:plc:xb3g63goy2rjy5zrzzpndi5l","greymane54.bsky.social","zackpolanski.bsky.social"
"at://did:plc:2yp6g7aqepdbjup33qrosebv/app.bsky.feed.post/3mie5lvo44k2d","did:plc:wyebkpnvkigjcffwmrbfqtlp","gemandmoll.bsky.social","zackpolanski.bsky.social"
"at://did:plc:2yp6g7aqepdbjup33qrosebv/app.bsky.feed.post/3mie5lvo44k2d","did:plc:wt22v4qz2j4qyxvx6sg4brci","revenge-of-ken-oh.bsky.social","zackpolanski.bsky.social"
"at://did:plc:2yp6g7aqepdbjup33qrosebv/app.bsky.feed.post/3mie5lvo44k2d","did:plc:wlmv7niogqrjgmccelc57tlk","suffgin.bsky.social","zackpolanski.bsky.social"
"at://did:plc:2yp6g7aqepdbjup33qrosebv/app.bsky.feed.post/3mie5lvo44k2d","did:plc:wgp6cpehpsdk33arvd6u33q7","adawolf.bsky.social","zackpolanski.bsky.social"
"at://did:plc:2yp6g7aqepdbjup33qrosebv/app.bsky.feed.post/3mie5lvo44k2d","did:plc:vzrhjadr6i3ntx37vuywwxky","martinthemartian90.bsky.social","zackpolanski.bsky.social"
"at://did:plc:2yp6g7aqepdbjup33qrosebv/app.bsky.feed.post/3mie5lvo44k2d","did:plc:vs3ivplwk36mdd6k4vifa3ht","triskaf.bsky.social","zackpolanski.bsky.social"
"at://did:plc:2yp6g7aqepdbjup33qrosebv/app.bsky.feed.post/3mie5lvo44k2d","did:plc:vrv5fqo2w2al57fy5xtbq47w","jezbox.bsky.social","zackpolanski.bsky.social"
"at://did:plc:2yp6g7aqepdbjup33qrosebv/app.bsky.feed.post/3mie5lvo44k2d","did:plc:vlbuhswxw5tj66roa3elafk4","julialeggs.bsky.social","zackpolanski.bsky.social"
"at://did:plc:esm5y5a6zzuislfbttvncwqb/app.bsky.feed.post/3mie2wx6zbk2a","did:plc:r6u6qbsh47aduosgupexnjkc","vegaswanderer.bsky.social","devilsadvocatec.bsky.social"
"at://did:plc:gkrzfwpcsfkesxaeodue2dvc/app.bsky.feed.post/3midxrsgvq22p","did:plc:med3jndjafak4nabowghcnor","gracegeorge23.bsky.social","zelbel.bsky.social"
"at://did:plc:gkrzfwpcsfkesxaeodue2dvc/app.bsky.feed.post/3midxrsgvq22p","did:plc:253re3dmhxl7gzdiv35j3ksk","ubervaper.bsky.social","zelbel.bsky.social"
"at://did:plc:rkg74jmyetjhfmsrjtucbcbr/app.bsky.feed.post/3midnbuj5yk2u","did:plc:6iex7r4vuwtpzjps535vxuui","lizdarvill.bsky.social","sustainabletall.bsky.social"
"at://did:plc:uzfcclptfcmpwx3wzi6vhmrb/app.bsky.feed.post/3midkkf6u5223","did:plc:x66y7mt3lhfvjf2cg46kuec5","coolranch4lyfe.bsky.social","flipvh.bsky.social"
"at://did:plc:ibuciczjdcfajqygstebv5h5/app.bsky.feed.post/3midicxuuxc2y","did:plc:tquqbogkm6ljl4m7ykkb5jwr","judy9.bsky.social","sarahhbickerton.bsky.social"
"at://did:plc:ibuciczjdcfajqygstebv5h5/app.bsky.feed.post/3midicxuuxc2y","did:plc:nxcms55epkbelihkt7uq4uz2","elyobo.bsky.social","sarahhbickerton.bsky.social"
"at://did:plc:pb2jeyob4s2kjt7qcvwjcv5h/app.bsky.feed.post/3midgkwscp226","did:plc:vmadboxvq3e4b6otvqp4krux","alisonborealis.bsky.social","rachelxb.bsky.social"
"at://did:plc:pb2jeyob4s2kjt7qcvwjcv5h/app.bsky.feed.post/3midgkwscp226","did:plc:pqlvthvwguqvowzq2e5me5to","t-s-sci.bsky.social","rachelxb.bsky.social"
"at://did:plc:3bvywrfb7fnbouu6pnn62y2d/app.bsky.feed.post/3mid7l2p7k22c","did:plc:2ur5axzkyhjbbk5dl6des6mv","jolpolitico.bsky.social","gregoryjacksonjr.bsky.social"
"at://did:plc:vi53pbqfkjflc2bn2nushkhj/app.bsky.feed.post/3mhqopwlebk2q","did:plc:h3y73ont735jwtidvc7jbd7g","floridanews.bsky.social","newyorktopnews.bsky.social"
"at://did:plc:vi53pbqfkjflc2bn2nushkhj/app.bsky.feed.post/3mhqopwlebk2q","did:plc:5k5pt3lgsludgcmnk2k5wknl","ga36542.bsky.social","newyorktopnews.bsky.social"
"at://did:plc:duz7q77cuiv6whm772dnnksj/app.bsky.feed.post/3mhham7qzd227","did:plc:ipdxnfn3vlbk4hu7vc4ofoyb","josestechcorner.bsky.social","somewhereinatx.bsky.social"
"at://did:plc:x7vgttejgjqclblnts7cdoxg/app.bsky.feed.post/3mgrbwgko4k2v","did:plc:u2addd3sdiklcq4afnwm3sye","digi-diabolus.bsky.social","numetalweeb.bsky.social"
"at://did:plc:x7vgttejgjqclblnts7cdoxg/app.bsky.feed.post/3mgrbwgko4k2v","did:plc:ptimabchzl6e53hv2jupvgtn","valkian.bsky.social","numetalweeb.bsky.social"
"at://did:plc:x7vgttejgjqclblnts7cdoxg/app.bsky.feed.post/3mgrbwgko4k2v","did:plc:p6hbk2jlgl2hmfzbvddwl25d","kaitosai.bsky.social","numetalweeb.bsky.social"
"at://did:plc:x7vgttejgjqclblnts7cdoxg/app.bsky.feed.post/3mgrbwgko4k2v","did:plc:jxahigewspuytc55vxlqnxji","antiega.bsky.social","numetalweeb.bsky.social"
"at://did:plc:x7vgttejgjqclblnts7cdoxg/app.bsky.feed.post/3mgrbwgko4k2v","did:plc:fmsluppo6effkq5gzyy3gobq","dantheman637.bsky.social","numetalweeb.bsky.social"
"at://did:plc:ynnjdc266skhlzbrih2hcyic/app.bsky.feed.post/3mfvscqaj3s2a","did:plc:255mauo6ivycqgxprryrmdj4","sunnywillow.bsky.social","tulsisdeepstate.bsky.social"
"at://did:plc:6wd6s3q5kkmdviqfyfqcodeb/app.bsky.feed.post/3mfsbq4v2vc2o","did:plc:gw7uv3jtk5qjaeuzqc32tcoq","bdaddy.bsky.social","montanafreepress.org"
"at://did:plc:6wd6s3q5kkmdviqfyfqcodeb/app.bsky.feed.post/3mfsbq4v2vc2o","did:plc:cwyhmfhkxbsg5mc4vzejb7gw","mxscottkernest.bsky.social","montanafreepress.org"
"at://did:plc:4i257d4kttcuwtfips5qfjf7/app.bsky.feed.post/3mfpl3kekh22p","did:plc:ofakr6aootedtya7kqexmj52","awarham.bsky.social","suzannerent.bsky.social"
"at://did:plc:4i257d4kttcuwtfips5qfjf7/app.bsky.feed.post/3mfpl3kekh22p","did:plc:njwuw466jyyme73i5ogpt5ix","tsrhg.bsky.social","suzannerent.bsky.social"
"at://did:plc:4i257d4kttcuwtfips5qfjf7/app.bsky.feed.post/3mfpl3kekh22p","did:plc:kqyjmsbgvoqveio3ahamigfi","momanya.bsky.social","suzannerent.bsky.social"
"at://did:plc:4i257d4kttcuwtfips5qfjf7/app.bsky.feed.post/3mfpl3kekh22p","did:plc:b6qq2q76yxfauem7phzgp45c","kurtisme.bsky.social","suzannerent.bsky.social"
"at://did:plc:4i257d4kttcuwtfips5qfjf7/app.bsky.feed.post/3mfpl3kekh22p","did:plc:76hibdk4m6cdgtppjyjxyqms","dimhouston.bsky.social","suzannerent.bsky.social"
"at://did:plc:4i257d4kttcuwtfips5qfjf7/app.bsky.feed.post/3mfpl3kekh22p","did:plc:27eelluttr4wulpfvj4ajwl3","sflkirk.bsky.social","suzannerent.bsky.social"
"at://did:plc:5pb7e3gtd4rpgm54aw7rmshq/app.bsky.feed.post/3mfpl2qzids2a","did:plc:ymaned6ttsnl2rya3i57px7g","janeg-b.bsky.social","timbousquet.bsky.social"
"at://did:plc:5pb7e3gtd4rpgm54aw7rmshq/app.bsky.feed.post/3mfpl2qzids2a","did:plc:27eelluttr4wulpfvj4ajwl3","sflkirk.bsky.social","timbousquet.bsky.social"
"at://did:plc:i3y3mqlyx6lxanlv4ntzyr4g/app.bsky.feed.post/3mfpkysa5jc2a","did:plc:rjh3kwtqzmmgzybulml7yaaw","annahalifax.bsky.social","halifaxexaminer.ca"
"at://did:plc:i3y3mqlyx6lxanlv4ntzyr4g/app.bsky.feed.post/3mfpkysa5jc2a","did:plc:nwr4433j5me2u36az5na4zsa","isaacwright.bsky.social","halifaxexaminer.ca"
"at://did:plc:i3y3mqlyx6lxanlv4ntzyr4g/app.bsky.feed.post/3mfpkysa5jc2a","did:plc:iozswajfhfh4afkiokrdmsnk","covell.ca","halifaxexaminer.ca"
"at://did:plc:i3y3mqlyx6lxanlv4ntzyr4g/app.bsky.feed.post/3mfpkysa5jc2a","did:plc:elgt6wavoz7ilfulhmcmbx6o","kwilsonhfx.bsky.social","halifaxexaminer.ca"
"at://did:plc:i3y3mqlyx6lxanlv4ntzyr4g/app.bsky.feed.post/3mfpkysa5jc2a","did:plc:4ckpjmu6t6pabbsn6bioq6bz","derekbellemore.bsky.social","halifaxexaminer.ca"
"at://did:plc:i3y3mqlyx6lxanlv4ntzyr4g/app.bsky.feed.post/3mfpkysa5jc2a","did:plc:44hei5adhkgebcpvswawrjzg","tinytim84.bsky.social","halifaxexaminer.ca"
"at://did:plc:i3y3mqlyx6lxanlv4ntzyr4g/app.bsky.feed.post/3mfpkysa5jc2a","did:plc:3jk37zlkuvmv23fiwg5k4d3n","dentremy.bsky.social","halifaxexaminer.ca"
"at://did:plc:i3y3mqlyx6lxanlv4ntzyr4g/app.bsky.feed.post/3mfpkysa5jc2a","did:plc:27eelluttr4wulpfvj4ajwl3","sflkirk.bsky.social","halifaxexaminer.ca"
"at://did:plc:chaaqaufhdbknt5ivcyzb4ws/app.bsky.feed.post/3mf62ilk76k2a","did:plc:t3ghxv6yxq3ohxw55qyiuy24","shannonhardin.bsky.social","cbuscitycouncil.bsky.social"
"at://did:plc:4e2htgs6lcmsahh6oxast42p/app.bsky.feed.post/3mf4akjr7uk2l","did:plc:wccunin5exslgy74xhpnnps7","squidtips.bsky.social","throughthestatic.bsky.social"
"at://did:plc:lsdv2cbmncgzzgnv7nwldnit/app.bsky.feed.post/3mbfgfm363k2m","did:plc:3a4bzvkxsi524wmfkn6faxkx","dhfrost.bsky.social","jas-gar.bsky.social"
"at://did:plc:hb5o2tn6meau5p4pqd5jqkas/app.bsky.feed.post/3magyn2yi2s2w","did:plc:tv7vvymbije33s34fpy2lbas","rivermets.bsky.social","anodynesix.bsky.social"
"at://did:plc:hb5o2tn6meau5p4pqd5jqkas/app.bsky.feed.post/3magyn2yi2s2w","did:plc:osg2vzhifd2tjfsvfwua7scy","symbo1ics.bsky.social","anodynesix.bsky.social"
"at://did:plc:hb5o2tn6meau5p4pqd5jqkas/app.bsky.feed.post/3magyn2yi2s2w","did:plc:hb5o2tn6meau5p4pqd5jqkas","anodynesix.bsky.social","anodynesix.bsky.social"
"at://did:plc:hb5o2tn6meau5p4pqd5jqkas/app.bsky.feed.post/3magyn2yi2s2w","did:plc:76x65qgfno4y62mwnnm3mox7","equitableforall.com","anodynesix.bsky.social"
"at://did:plc:hb5o2tn6meau5p4pqd5jqkas/app.bsky.feed.post/3magyn2yi2s2w","did:plc:5dokrqnikwh5egun7yfivvi2","tyrotcm.bsky.social","anodynesix.bsky.social"
"at://did:plc:vgns4swko5hrcevznaz65qzl/app.bsky.feed.post/3m7b2l253ck2e","did:plc:bydv723peqxvialb44vrm455","wedge.live","mplsglen.bsky.social"
"at://did:plc:56vhitzpatawvaixtsjzpz67/app.bsky.feed.post/3m77ed4alg22k","did:plc:xncyo4ebldvlww4ybf6zod4q","redpenmamapgh.bsky.social","meredithea.bsky.social"
"at://did:plc:56vhitzpatawvaixtsjzpz67/app.bsky.feed.post/3m77ed4alg22k","did:plc:wmh4scdcvgkiuauiwburrl24","pittsburgh-hvac.bsky.social","meredithea.bsky.social"
"at://did:plc:56vhitzpatawvaixtsjzpz67/app.bsky.feed.post/3m77ed4alg22k","did:plc:vb7iikxpdtc3ox5o27tjl4sl","oldbaby.bsky.social","meredithea.bsky.social"
"at://did:plc:56vhitzpatawvaixtsjzpz67/app.bsky.feed.post/3m77ed4alg22k","did:plc:v5jmls656jlio6pf64d5rapd","daniwenner.bsky.social","meredithea.bsky.social"
"at://did:plc:56vhitzpatawvaixtsjzpz67/app.bsky.feed.post/3m77ed4alg22k","did:plc:5skgh7r2miugo7v23dymtxph","janetlunde.bsky.social","meredithea.bsky.social"
"at://did:plc:56vhitzpatawvaixtsjzpz67/app.bsky.feed.post/3m77ed4alg22k","did:plc:5nzxfyfzzs3qyjddxx374lpn","dblueskye.bsky.social","meredithea.bsky.social"
"at://did:plc:56vhitzpatawvaixtsjzpz67/app.bsky.feed.post/3m77ed4alg22k","did:plc:3kfkgpigx63cal4kl3j7wlef","pdpittsburgh.bsky.social","meredithea.bsky.social"
"at://did:plc:bsakyrdf4fq623wdd2jn4ui5/app.bsky.feed.post/3m73sumpu2s2h","did:plc:jirjjwhxht3aqudmlhoeb4ue","smuarts.bsky.social","smugeographers.bsky.social"
"at://did:plc:oxmnock4sf3u676yt63qj4us/app.bsky.feed.post/3m5uvuaq5ms2u","did:plc:y6xeswctth7aqpds43g2duy7","lornajay.bsky.social","ausindimedia.bsky.social"
"at://did:plc:oxmnock4sf3u676yt63qj4us/app.bsky.feed.post/3m5uvuaq5ms2u","did:plc:y3xughylz4rq57tmco2zdotg","bellafigura.bsky.social","ausindimedia.bsky.social"
"at://did:plc:oxmnock4sf3u676yt63qj4us/app.bsky.feed.post/3m5uvuaq5ms2u","did:plc:jjky4pladdl2dmtig2p36ezd","rb-citizen.bsky.social","ausindimedia.bsky.social"
"at://did:plc:oxmnock4sf3u676yt63qj4us/app.bsky.feed.post/3m5uvuaq5ms2u","did:plc:irzala2ii6w3f3zuaf4h2t2d","wallacenadia.bsky.social","ausindimedia.bsky.social"
"at://did:plc:7quvqz4xp63wr6x7dmdykpbq/app.bsky.feed.post/3m5gkohiszs2c","did:plc:sf2h4jge7osalmgtyoidfudc","lumitydsa.bsky.social","rva-ecosocialism.bsky.social"
"at://did:plc:mojhr33bx3rw4dxxpehd32qz/app.bsky.feed.post/3mimwabgdsk2y","did:plc:zrhbwuu7xq5qixregp3r3zge","carriesweet.bsky.social","governor.ca.gov"
"at://did:plc:mojhr33bx3rw4dxxpehd32qz/app.bsky.feed.post/3mimwabgdsk2y","did:plc:znafam6rpvizrnp3a4vinyml","naturerulesus.bsky.social","governor.ca.gov"
"at://did:plc:mojhr33bx3rw4dxxpehd32qz/app.bsky.feed.post/3mimwabgdsk2y","did:plc:zmxejusfww7qjyzciicse5mo","nedamj.bsky.social","governor.ca.gov"
"at://did:plc:mojhr33bx3rw4dxxpehd32qz/app.bsky.feed.post/3mimwabgdsk2y","did:plc:zmlhhktptfmt2zzrqu6vs5ar","jo8383.bsky.social","governor.ca.gov"
"at://did:plc:mojhr33bx3rw4dxxpehd32qz/app.bsky.feed.post/3mimwabgdsk2y","did:plc:zkpdn7mail5d26odmg6ba7j6","jlsea.bsky.social","governor.ca.gov"
"at://did:plc:mojhr33bx3rw4dxxpehd32qz/app.bsky.feed.post/3mimwabgdsk2y","did:plc:zhke54n244hqaxwlvnwp5ps4","mgssa.bsky.social","governor.ca.gov"
"at://did:plc:mojhr33bx3rw4dxxpehd32qz/app.bsky.feed.post/3mimwabgdsk2y","did:plc:zgstucbr2d56gduk77nfoemx","aeroweld.bsky.social","governor.ca.gov"
"at://did:plc:mojhr33bx3rw4dxxpehd32qz/app.bsky.feed.post/3mimwabgdsk2y","did:plc:zgsrmiu3wrajqa4kw65fa5rr","jaymontgomery.bsky.social","governor.ca.gov"
"at://did:plc:mojhr33bx3rw4dxxpehd32qz/app.bsky.feed.post/3mimwabgdsk2y","did:plc:zes6deswuk3gh2zeanmkaa55","palmvegas.bsky.social","governor.ca.gov"
"at://did:plc:mojhr33bx3rw4dxxpehd32qz/app.bsky.feed.post/3mimwabgdsk2y","did:plc:zdt5ngndrm5gjcyqdecvy4ox","mjem.bsky.social","governor.ca.gov"
"at://did:plc:mojhr33bx3rw4dxxpehd32qz/app.bsky.feed.post/3mimwabgdsk2y","did:plc:zc4e2kagrhkris5jr4u55gjk","niimand.bsky.social","governor.ca.gov"
"at://did:plc:mojhr33bx3rw4dxxpehd32qz/app.bsky.feed.post/3mimwabgdsk2y","did:plc:zaff6axi7ebuaqwfznas5y2g","ladywildfella.bsky.social","governor.ca.gov"
"at://did:plc:mojhr33bx3rw4dxxpehd32qz/app.bsky.feed.post/3mimwabgdsk2y","did:plc:z5deiohzhmditnt3hvq27sjv","iammentalfloss.bsky.social","governor.ca.gov"
"at://did:plc:mojhr33bx3rw4dxxpehd32qz/app.bsky.feed.post/3mimwabgdsk2y","did:plc:z5bo7fhgso4wpadkqvkfklc3","burndale.bsky.social","governor.ca.gov"
"at://did:plc:mojhr33bx3rw4dxxpehd32qz/app.bsky.feed.post/3mimwabgdsk2y","did:plc:z4mtsyrqsnrycxnxi2jixvbn","spbmckenna.bsky.social","governor.ca.gov"
"at://did:plc:mojhr33bx3rw4dxxpehd32qz/app.bsky.feed.post/3mimwabgdsk2y","did:plc:z46bygbjumauw2mcy7s24aa5","csberkeley.bsky.social","governor.ca.gov"
"at://did:plc:mojhr33bx3rw4dxxpehd32qz/app.bsky.feed.post/3mimwabgdsk2y","did:plc:yycimeluczzstnn67ax2ocek","deesactox.bsky.social","governor.ca.gov"
"at://did:plc:mojhr33bx3rw4dxxpehd32qz/app.bsky.feed.post/3mimwabgdsk2y","did:plc:yxslr26vhciiiopedldczrwj","berniesbarber.bsky.social","governor.ca.gov"
"at://did:plc:mojhr33bx3rw4dxxpehd32qz/app.bsky.feed.post/3mimwabgdsk2y","did:plc:yqz76aaaovwnba2uu6ul3hhi","4democracyalways.bsky.social","governor.ca.gov"
"at://did:plc:mojhr33bx3rw4dxxpehd32qz/app.bsky.feed.post/3mimwabgdsk2y","did:plc:ypvmqbpjjl7n4hocbwvdzbs2","pharrel.bsky.social","governor.ca.gov"
"at://did:plc:mojhr33bx3rw4dxxpehd32qz/app.bsky.feed.post/3mimwabgdsk2y","did:plc:ymqyv4ddpkpsbudsweg7kjj3","yaroslav19.bsky.social","governor.ca.gov"
"at://did:plc:mojhr33bx3rw4dxxpehd32qz/app.bsky.feed.post/3mimwabgdsk2y","did:plc:ymdlvhuo6h7f64h7nuscluij","tenacious--t.bsky.social","governor.ca.gov"
"at://did:plc:mojhr33bx3rw4dxxpehd32qz/app.bsky.feed.post/3mimwabgdsk2y","did:plc:ykjoqiouocb4e7ojrghw73of","helenaalm.bsky.social","governor.ca.gov"
"at://did:plc:mojhr33bx3rw4dxxpehd32qz/app.bsky.feed.post/3mimwabgdsk2y","did:plc:ykgcpxupjazk5jfjsthpzsgf","jackdanielsonice66.bsky.social","governor.ca.gov"
"at://did:plc:mojhr33bx3rw4dxxpehd32qz/app.bsky.feed.post/3mimwabgdsk2y","did:plc:yjewxri7tqjyxtlsbne7vksj","sal12.bsky.social","governor.ca.gov"
"at://did:plc:5mu44cojafmxj6h3yaihy2nl/app.bsky.feed.post/3mimvarfjzs2h","did:plc:s67ky6cvb4bn4fxgj6u3epak","kequen.bsky.social","arrianna-planey.bsky.social"
"at://did:plc:iqe5kpebkmo2lm7zeqtl3awx/app.bsky.feed.post/3mimu4okjic2r","did:plc:iqe5kpebkmo2lm7zeqtl3awx","fedprimerate.com","fedprimerate.com"
"at://did:plc:52howdn33wtuorijcd3mzzg3/app.bsky.feed.post/3mimm3ions22m","did:plc:yhxxz3f3arh3sfzesk5lqhrl","lisagoodheart.bsky.social","valjurai.bsky.social"
"at://did:plc:52howdn33wtuorijcd3mzzg3/app.bsky.feed.post/3mimm3ions22m","did:plc:cckuhugcs7gchhapahxo5uig","crb0628.bsky.social","valjurai.bsky.social"
"at://did:plc:isoqyxaweaefayp2jtt2f5nm/app.bsky.feed.post/3mimm27j7lk2j","did:plc:isoqyxaweaefayp2jtt2f5nm","jane.inurhead.lol","jane.inurhead.lol"
"at://did:plc:375tiijsv3an5v2u6kbp6gs5/app.bsky.feed.post/3miml4l2ykk2u","did:plc:nxi3xa7q7tfehgjga2tp5grd","centeronbudget.bsky.social","gbenga-ajilore.bsky.social"
"at://did:plc:375tiijsv3an5v2u6kbp6gs5/app.bsky.feed.post/3miml4l2ykk2u","did:plc:5mu44cojafmxj6h3yaihy2nl","arrianna-planey.bsky.social","gbenga-ajilore.bsky.social"
"at://did:plc:hwfrfgjcxao2gmansj3gpu72/app.bsky.feed.post/3mimf3iqyr22b","did:plc:t6bkruwxu2mjcahhvqdeloq7","jadebunbun.bsky.social","rootbeercutie.bsky.social"
"at://did:plc:hwfrfgjcxao2gmansj3gpu72/app.bsky.feed.post/3mimf3iqyr22b","did:plc:otc3ftqc2p4gohe33dem7uvq","rzrblderwrbievt.bsky.social","rootbeercutie.bsky.social"
"at://did:plc:lt53m5tteu7oq3zkvmsmvuun/app.bsky.feed.post/3mimc3xy26k2h","did:plc:itcjt5iogtepkxhlm7mw2gk6","flipturns.bsky.social","realworldrj.bsky.social"
"at://did:plc:lt53m5tteu7oq3zkvmsmvuun/app.bsky.feed.post/3mimc3xy26k2h","did:plc:7nlxbzicsyuo2amewkmipcqy","peggydumptrump.bsky.social","realworldrj.bsky.social"
"at://did:plc:izowlgy2cewk7glm6ax6mnnf/app.bsky.feed.post/3mimaho3aws27","did:plc:7p6w4wuijxq7f2bdtcnpk2gf","nbeaudrot.bsky.social","econberger.bsky.social"
"at://did:plc:llg72eynrn7qxdanzhytpz76/app.bsky.feed.post/3mima3zsrps2y","did:plc:vx4kenndzooynrgoycnl3vun","dannygroner.bsky.social","lydiadepillis.bsky.social"
"at://did:plc:llg72eynrn7qxdanzhytpz76/app.bsky.feed.post/3mima3zsrps2y","did:plc:vgsptfod6fdimhpbuwno7cu2","aadityamenon7.bsky.social","lydiadepillis.bsky.social"
"at://did:plc:llg72eynrn7qxdanzhytpz76/app.bsky.feed.post/3mima3zsrps2y","did:plc:sf2nh6htijeyhpllgb4ald6l","loveneverhate.bsky.social","lydiadepillis.bsky.social"
"at://did:plc:llg72eynrn7qxdanzhytpz76/app.bsky.feed.post/3mima3zsrps2y","did:plc:q7jdpgv6rzw63jfqi2rac3k4","jiff.bsky.social","lydiadepillis.bsky.social"
"at://did:plc:llg72eynrn7qxdanzhytpz76/app.bsky.feed.post/3mima3zsrps2y","did:plc:ovqa3uvlduywkh7jibltbbsa","whitefluffydog.bsky.social","lydiadepillis.bsky.social"
"at://did:plc:llg72eynrn7qxdanzhytpz76/app.bsky.feed.post/3mima3zsrps2y","did:plc:mh4jhfk3xaoupdshpppihuqs","jimalexander.bsky.social","lydiadepillis.bsky.social"
"at://did:plc:llg72eynrn7qxdanzhytpz76/app.bsky.feed.post/3mima3zsrps2y","did:plc:eclio37ymobqex2ncko63h4r","nytimes.com","lydiadepillis.bsky.social"
"at://did:plc:2ypxqrmway46ps34o4psxbci/app.bsky.feed.post/3mim6yn4a322t","did:plc:jcfccyxextlf4zsiqj57e2xu","tickedoff.bsky.social","thefritobanditoo.bsky.social"
"at://did:plc:2ypxqrmway46ps34o4psxbci/app.bsky.feed.post/3mim6yn4a322t","did:plc:ey5c7kjsbp7ayewqsxarqd5w","vkingpin.bsky.social","thefritobanditoo.bsky.social"
"at://did:plc:2ypxqrmway46ps34o4psxbci/app.bsky.feed.post/3mim6yn4a322t","did:plc:bxqisgl6ujcqz7lxdcrw47qo","cathloveheart.bsky.social","thefritobanditoo.bsky.social"
"at://did:plc:2ypxqrmway46ps34o4psxbci/app.bsky.feed.post/3mim6yn4a322t","did:plc:2jwmwpma5fpdvwo26fwgoxb6","jdtigner.bsky.social","thefritobanditoo.bsky.social"
"at://did:plc:ddcmdof4k5iklckr2almtwkm/app.bsky.feed.post/3mim5mp3w6222","did:plc:dt7corxpmlwcl2sq453rkuzf","nicokow.bsky.social","mattmurph24.bsky.social"
"at://did:plc:jytswffcdhuuipvuriljdcqj/app.bsky.feed.post/3mim5j5prlc2p","did:plc:fhpptx36db4xjkmgwzk6o5nd","gruberg.bsky.social","kfgrobbins.bsky.social"
"at://did:plc:jytswffcdhuuipvuriljdcqj/app.bsky.feed.post/3mim5fr57zs2p","did:plc:z35rzv6pnm5242hbvc47okaf","nerowolfenstein.bsky.social","kfgrobbins.bsky.social"
"at://did:plc:jytswffcdhuuipvuriljdcqj/app.bsky.feed.post/3mim5fr57zs2p","did:plc:s6tpozozxim7qdbp5jcpqfjy","victorytwin.bsky.social","kfgrobbins.bsky.social"
"at://did:plc:jytswffcdhuuipvuriljdcqj/app.bsky.feed.post/3mim5fr57zs2p","did:plc:ok7mzvht2fhalysq7ymfr5ej","artesianmystic.bsky.social","kfgrobbins.bsky.social"
"at://did:plc:jytswffcdhuuipvuriljdcqj/app.bsky.feed.post/3mim5fr57zs2p","did:plc:nt3ir2qw5wmcuz6ods3e444w","lmdgomez.bsky.social","kfgrobbins.bsky.social"
"at://did:plc:jytswffcdhuuipvuriljdcqj/app.bsky.feed.post/3mim5fr57zs2p","did:plc:i7d6j4esndq6h5xtz2yfpery","amymtraub.bsky.social","kfgrobbins.bsky.social"
"at://did:plc:jytswffcdhuuipvuriljdcqj/app.bsky.feed.post/3mim5fr57zs2p","did:plc:fhpptx36db4xjkmgwzk6o5nd","gruberg.bsky.social","kfgrobbins.bsky.social"
"at://did:plc:jytswffcdhuuipvuriljdcqj/app.bsky.feed.post/3mim5fr57zs2p","did:plc:e7gbntp2tzobn7cfi37viei3","ericmgarcia.bsky.social","kfgrobbins.bsky.social"
"at://did:plc:jytswffcdhuuipvuriljdcqj/app.bsky.feed.post/3mim5fr57zs2p","did:plc:blpxxtqvnvfvyp7fo5kibzrw","needhibhalla.bsky.social","kfgrobbins.bsky.social"
"at://did:plc:jytswffcdhuuipvuriljdcqj/app.bsky.feed.post/3mim5fr57zs2p","did:plc:7lprxzjnqesusp6skp6c4zog","saterr.bsky.social","kfgrobbins.bsky.social"
"at://did:plc:tktyhvgeo3nqluw4wpdjzqgo/app.bsky.feed.post/3mim5alplkh2n","did:plc:mzmtoehujifw6wpzlz3hdpni","aaronsojourner.org","bencasselman.bsky.social"
"at://did:plc:tktyhvgeo3nqluw4wpdjzqgo/app.bsky.feed.post/3mim5alplkh2n","did:plc:jy2ojdqgx5v3tqnnfzkz7bt7","minachica.bsky.social","bencasselman.bsky.social"
"at://did:plc:tktyhvgeo3nqluw4wpdjzqgo/app.bsky.feed.post/3mim5alplkh2n","did:plc:2klymcca5tc7fdzq3rbjkzif","jimprall.bsky.social","bencasselman.bsky.social"
"at://did:plc:eixxyaijzj2yrqwzrzijt2vy/app.bsky.feed.post/3mim2iucy2s23","did:plc:xwzxgbwvnnu2dntpty765y5j","rifka.bsky.social","vaporlight.bsky.social"
"at://did:plc:eixxyaijzj2yrqwzrzijt2vy/app.bsky.feed.post/3mim2iucy2s23","did:plc:tnn4luipqqu26hy6ayx3ccmx","ancomanthony.bsky.social","vaporlight.bsky.social"
"at://did:plc:eixxyaijzj2yrqwzrzijt2vy/app.bsky.feed.post/3mim2iucy2s23","did:plc:i6hid6ppuhx7f5hjvkphbkqr","alchemist64.bsky.social","vaporlight.bsky.social"
"at://did:plc:eixxyaijzj2yrqwzrzijt2vy/app.bsky.feed.post/3mim2iucy2s23","did:plc:f6i2rjrgedbla462lfd276px","guruthethird.bsky.social","vaporlight.bsky.social"
"at://did:plc:eixxyaijzj2yrqwzrzijt2vy/app.bsky.feed.post/3mim2iucy2s23","did:plc:eylalexlj2rsep3fqiiskxeo","hannnaah.northsky.social","vaporlight.bsky.social"
"at://did:plc:eixxyaijzj2yrqwzrzijt2vy/app.bsky.feed.post/3mim2iucy2s23","did:plc:a5jq7s5jx4qexiesbzm35akv","snafu.phd","vaporlight.bsky.social"
"at://did:plc:nzcjpprq6fwcdnwpc45e3gsd/app.bsky.feed.post/3milzc5esdc2l","did:plc:3u5uouyhjx73mply73hue57j","econreporter.bsky.social","craigipedia.bsky.social"
"at://did:plc:icnhkz323yqn2o5vhixuiiif/app.bsky.feed.post/3milywtbq722s","did:plc:fjk7jali3q6uu3ubphruafsx","nickybshaw.bsky.social","nomorex61.bsky.social"
"at://did:plc:icnhkz323yqn2o5vhixuiiif/app.bsky.feed.post/3milywtbq722s","did:plc:cv7ql5jivjowofkqavwpugom","lauriemac916.bsky.social","nomorex61.bsky.social"
"at://did:plc:hezyzlnv5l6mz2ng2w3dzamg/app.bsky.feed.post/3milxii2sps2r","did:plc:hf3tuv22earxzkbg7uzxctea","teresastpaddy317.bsky.social","dewforpolitics.bsky.social"
"at://did:plc:74v4wm52ffpqdhtx2h6fyn6c/app.bsky.feed.post/3milwqyg74s2w","did:plc:ov37a7rmr2japdshdxv4kjt3","suedragon70.bsky.social","fcracoalitionep.bsky.social"
"at://did:plc:74v4wm52ffpqdhtx2h6fyn6c/app.bsky.feed.post/3milwqyg74s2w","did:plc:op3ahcre3bq55qzaqiey7ubh","kittrdg.bsky.social","fcracoalitionep.bsky.social"
"at://did:plc:74v4wm52ffpqdhtx2h6fyn6c/app.bsky.feed.post/3milwqyg74s2w","did:plc:njd5kej6sawtuetyaw3duo6i","jjm47.bsky.social","fcracoalitionep.bsky.social"
"at://did:plc:74v4wm52ffpqdhtx2h6fyn6c/app.bsky.feed.post/3milwqyg74s2w","did:plc:lvrq6k56lcf6n5h6yzldfjqw","regcalgary.bsky.social","fcracoalitionep.bsky.social"
"at://did:plc:74v4wm52ffpqdhtx2h6fyn6c/app.bsky.feed.post/3milwqyg74s2w","did:plc:e3j4yrrzpaay2vbrayavk6vg","tj505-2.bsky.social","fcracoalitionep.bsky.social"
"at://did:plc:74v4wm52ffpqdhtx2h6fyn6c/app.bsky.feed.post/3milwqyg74s2w","did:plc:74v4wm52ffpqdhtx2h6fyn6c","fcracoalitionep.bsky.social","fcracoalitionep.bsky.social"
"at://did:plc:74v4wm52ffpqdhtx2h6fyn6c/app.bsky.feed.post/3milwqyg74s2w","did:plc:6mhklynp4wb26fqx3ffqzvfh","roserose-wallace.bsky.social","fcracoalitionep.bsky.social"
"at://did:plc:74v4wm52ffpqdhtx2h6fyn6c/app.bsky.feed.post/3milwqyg74s2w","did:plc:4e5aaoa2o3ixl73yl6rjilfa","colara1999.bsky.social","fcracoalitionep.bsky.social"
"at://did:plc:74v4wm52ffpqdhtx2h6fyn6c/app.bsky.feed.post/3milwqyg74s2w","did:plc:3rizd6kdxg7jsluit7kqgx7h","almarosar572.bsky.social","fcracoalitionep.bsky.social"
"at://did:plc:p3qoxbjxbyx7pxc67cddnux5/app.bsky.feed.post/3milwehwxac2s","did:plc:nu755xi5i4tmdz5aq5kporg3","italianinnola.bsky.social","cajuntaper.bsky.social"
"at://did:plc:ijwpzn3ghv7tuptxv5kdgu5d/app.bsky.feed.post/3milvfb44os2d","did:plc:y4vndguyu5ijkkyh4bifxqxf","chiefbroad.bsky.social","felipedlh.bsky.social"
"at://did:plc:ijwpzn3ghv7tuptxv5kdgu5d/app.bsky.feed.post/3milvfb44os2d","did:plc:pzpdsge5bqe4kgkbpshuhqi3","pixelsforaface.bsky.social","felipedlh.bsky.social"
"at://did:plc:ijwpzn3ghv7tuptxv5kdgu5d/app.bsky.feed.post/3milvfb44os2d","did:plc:gjjaefk2eehqchzgekvseglc","sciencemom17.bsky.social","felipedlh.bsky.social"
"at://did:plc:ijwpzn3ghv7tuptxv5kdgu5d/app.bsky.feed.post/3milvfb44os2d","did:plc:6vxkf3dayl4uyc77vv6deraj","atherton.bsky.social","felipedlh.bsky.social"
"at://did:plc:ijwpzn3ghv7tuptxv5kdgu5d/app.bsky.feed.post/3milvfb44os2d","did:plc:3xdh7wupeezaaj7xw2izmtqp","anathematrix.warped.dev","felipedlh.bsky.social"
"at://did:plc:ijwpzn3ghv7tuptxv5kdgu5d/app.bsky.feed.post/3milvfb44os2d","did:plc:2veej7dyvpeeczrhtxdrxo4h","jessehixxx.bsky.social","felipedlh.bsky.social"
"at://did:plc:ijwpzn3ghv7tuptxv5kdgu5d/app.bsky.feed.post/3milvfb44os2d","did:plc:2a6pqcmfw57ilswfbshpyjw5","twotimesjohnny.bsky.social","felipedlh.bsky.social"
"at://did:plc:izowlgy2cewk7glm6ax6mnnf/app.bsky.feed.post/3milucvezhc27","did:plc:3xbusn6qwgakkgay4xv5p3d2","monalisazelf.bsky.social","econberger.bsky.social"
"at://did:plc:pboltvj6wr6gaituw2s6mrwq/app.bsky.feed.post/3milu7re5ps2e","did:plc:bxviy2mmjgidzx6wceli3imj","sooogat11.bsky.social","elisegould.bsky.social"
"at://did:plc:pboltvj6wr6gaituw2s6mrwq/app.bsky.feed.post/3miltvr7mjk2e","did:plc:w6zkjhlqctlatsi57cyzssmr","joniej.bsky.social","elisegould.bsky.social"
"at://did:plc:pboltvj6wr6gaituw2s6mrwq/app.bsky.feed.post/3miltvr7mjk2e","did:plc:bxviy2mmjgidzx6wceli3imj","sooogat11.bsky.social","elisegould.bsky.social"
"at://did:plc:izowlgy2cewk7glm6ax6mnnf/app.bsky.feed.post/3miltquk4v227","did:plc:3xbusn6qwgakkgay4xv5p3d2","monalisazelf.bsky.social","econberger.bsky.social"
"at://did:plc:gr63zokwytkg54m2wio4dkzj/app.bsky.feed.post/3miltbdo53c2u","did:plc:5duzt4qftdc2iaxrq34xzp4s","japulver.bsky.social","stevethdemocrat.bsky.social"
"at://did:plc:ejrscscvkhy7qapuowl7zfad/app.bsky.feed.post/3milsnvkyr22d","did:plc:rdghjpvw6xbnfbfra2qzwaod","karim80.bsky.social","elerianm.bsky.social"
"at://did:plc:ejrscscvkhy7qapuowl7zfad/app.bsky.feed.post/3milsnvkyr22d","did:plc:jl4pbwjeqzopl4eai4cnyv6k","gionas909.bsky.social","elerianm.bsky.social"
"at://did:plc:3mc5jo2aldk6hfmfmvretg4y/app.bsky.feed.post/3milsjuif322h","did:plc:tx677uofb2j5u5ehrstnwv6i","foolamongstmany.bsky.social","jonbandit.bsky.social"
"at://did:plc:3mc5jo2aldk6hfmfmvretg4y/app.bsky.feed.post/3milsjuif322h","did:plc:i7wtgpbfo3peb4oo33lvdggm","hooch62.bsky.social","jonbandit.bsky.social"
"at://did:plc:bv7wwyi2dpazq6ccsom5lmph/app.bsky.feed.post/3milsignll22c","did:plc:zjvsylhxwpp7dy5kfmkv5mlu","yukonjack.bsky.social","jp262.bsky.social"
"at://did:plc:bv7wwyi2dpazq6ccsom5lmph/app.bsky.feed.post/3milsignll22c","did:plc:ybtnmlr44q6zdtgqoxbd7uno","corrina.sheshed.rocks","jp262.bsky.social"
"at://did:plc:bv7wwyi2dpazq6ccsom5lmph/app.bsky.feed.post/3milsignll22c","did:plc:xrga646tzbi347nmnumvnfcv","jen.sheshed.rocks","jp262.bsky.social"
"at://did:plc:bv7wwyi2dpazq6ccsom5lmph/app.bsky.feed.post/3milsignll22c","did:plc:vl5la72eiggizy6oaucdxibx","heather.sheshed.rocks","jp262.bsky.social"
"at://did:plc:bv7wwyi2dpazq6ccsom5lmph/app.bsky.feed.post/3milsignll22c","did:plc:vg5mzr56lrtxctbnuawlubcs","trumpisgarbage.bsky.social","jp262.bsky.social"
"at://did:plc:bv7wwyi2dpazq6ccsom5lmph/app.bsky.feed.post/3milsignll22c","did:plc:qju7nuwcza26mvmdn7qgyrrk","jc614-meidasmighty.bsky.social","jp262.bsky.social"
"at://did:plc:bv7wwyi2dpazq6ccsom5lmph/app.bsky.feed.post/3milsignll22c","did:plc:n24crutw5n3olbrjqu7ko6mg","christhecatmom.bsky.social","jp262.bsky.social"
"at://did:plc:bv7wwyi2dpazq6ccsom5lmph/app.bsky.feed.post/3milsignll22c","did:plc:lpqpm2ujxz5rojfk7hbjfhe2","hope4thefuture2.bsky.social","jp262.bsky.social"
"at://did:plc:bv7wwyi2dpazq6ccsom5lmph/app.bsky.feed.post/3milsignll22c","did:plc:kw7irjar3hvhdhohk72c4vyz","oceancalm.bsky.social","jp262.bsky.social"
"at://did:plc:bv7wwyi2dpazq6ccsom5lmph/app.bsky.feed.post/3milsignll22c","did:plc:k54cu47aaxt5q2s25uhhibk6","oilgaschemicals.bsky.social","jp262.bsky.social"
"at://did:plc:bv7wwyi2dpazq6ccsom5lmph/app.bsky.feed.post/3milsignll22c","did:plc:jt3wi6nuvyztpassa7ortfcv","yogaskidogs.bsky.social","jp262.bsky.social"
"at://did:plc:bv7wwyi2dpazq6ccsom5lmph/app.bsky.feed.post/3milsignll22c","did:plc:jjqtz33dchbtnnqbvql2nsdr","ncmc1994.bsky.social","jp262.bsky.social"
"at://did:plc:bv7wwyi2dpazq6ccsom5lmph/app.bsky.feed.post/3milsignll22c","did:plc:hsschmolpqjnshtdifpiuvho","dietrimi.bsky.social","jp262.bsky.social"
"at://did:plc:bv7wwyi2dpazq6ccsom5lmph/app.bsky.feed.post/3milsignll22c","did:plc:dex4crm6eqwvopm2blhhk4i5","mrsannien.bsky.social","jp262.bsky.social"
"at://did:plc:bv7wwyi2dpazq6ccsom5lmph/app.bsky.feed.post/3milsignll22c","did:plc:at2ihwe4qdreylzyhd72k5mp","michellezink.bsky.social","jp262.bsky.social"
"at://did:plc:bv7wwyi2dpazq6ccsom5lmph/app.bsky.feed.post/3milsignll22c","did:plc:532ieerldlouk4y655bo723u","itistherealjas.bsky.social","jp262.bsky.social"
"at://did:plc:bv7wwyi2dpazq6ccsom5lmph/app.bsky.feed.post/3milsignll22c","did:plc:52atvlllglwmqadbnfbg2ter","luperamos1949.bsky.social","jp262.bsky.social"
"at://did:plc:oanbvrxju63kvu6jwe47cdvj/app.bsky.feed.post/3mils5fglck2d","did:plc:btzux4x6cbvrfcxpgxn26nis","fraugenau.bsky.social","kellzevan.bsky.social"
"at://did:plc:rbffgd2zo6r7rmnklo2nlyy5/app.bsky.feed.post/3milrx2aktc23","did:plc:ztsua7f5l4boow22l625zium","beckya.bsky.social","josephpolitano.bsky.social"
"at://did:plc:rbffgd2zo6r7rmnklo2nlyy5/app.bsky.feed.post/3milrx2aktc23","did:plc:yt6gx2iwyhodrcqlfiytalqd","spikes23.bsky.social","josephpolitano.bsky.social"
"at://did:plc:rbffgd2zo6r7rmnklo2nlyy5/app.bsky.feed.post/3milrx2aktc23","did:plc:tz35chtjtgqy4yy7ks5a6eqb","cousincat.bsky.social","josephpolitano.bsky.social"
"at://did:plc:rbffgd2zo6r7rmnklo2nlyy5/app.bsky.feed.post/3milrx2aktc23","did:plc:ouy4xszvuf2kkomgl6brgre5","demdifference.bsky.social","josephpolitano.bsky.social"
"at://did:plc:rbffgd2zo6r7rmnklo2nlyy5/app.bsky.feed.post/3milrx2aktc23","did:plc:otzr75d7mobvqpynszcwtzya","aercolini.bsky.social","josephpolitano.bsky.social"
"at://did:plc:rbffgd2zo6r7rmnklo2nlyy5/app.bsky.feed.post/3milrx2aktc23","did:plc:dmbllmik4lt3c6xziyl3fflb","jackbmeyer.bsky.social","josephpolitano.bsky.social"
"at://did:plc:rbffgd2zo6r7rmnklo2nlyy5/app.bsky.feed.post/3milrx2aktc23","did:plc:bkwdpdmx7qjg52z5r6n6wfdy","alwaysbeenwoke.bsky.social","josephpolitano.bsky.social"
"at://did:plc:rbffgd2zo6r7rmnklo2nlyy5/app.bsky.feed.post/3milrx2aktc23","did:plc:ap67doe5kdx5xcvhmgbgbzy3","bibliophile696.bsky.social","josephpolitano.bsky.social"
"at://did:plc:rbffgd2zo6r7rmnklo2nlyy5/app.bsky.feed.post/3milrx2aktc23","did:plc:6lchqtnhhzf2gp4inppfjn67","mvgal92691.bsky.social","josephpolitano.bsky.social"
"at://did:plc:rbffgd2zo6r7rmnklo2nlyy5/app.bsky.feed.post/3milrx2aktc23","did:plc:5i2gosbdc4ion5tri6hehbyc","traiandoc.bsky.social","josephpolitano.bsky.social"
"at://did:plc:whkrrahr3qb45zsui7giyjxh/app.bsky.feed.post/3milrmzw65223","did:plc:bfnuhuhoxdbcjslchivpjqhg","brianromanchuk.bsky.social","prestonmui.bsky.social"
"at://did:plc:3ip6nmfnzvu7wusgmma4yxai/app.bsky.feed.post/3milrltvsck2w","did:plc:jfm6lmavpepsj4fe6l6z4vhq","untonuggan.myatproto.social","queenofthesouth.bsky.social"
"at://did:plc:3ip6nmfnzvu7wusgmma4yxai/app.bsky.feed.post/3milrltvsck2w","did:plc:e2qarfoklzpw6sgbkme4b66n","hnysuklchocolat.blacksky.app","queenofthesouth.bsky.social"
"at://did:plc:3ip6nmfnzvu7wusgmma4yxai/app.bsky.feed.post/3milrltvsck2w","did:plc:cjujekzbpvq7omyaub74o4rk","vix26.bsky.social","queenofthesouth.bsky.social"
"at://did:plc:3ip6nmfnzvu7wusgmma4yxai/app.bsky.feed.post/3milrltvsck2w","did:plc:aaanv5mnnkgskjnneywdvzwp","panamajovi.afrolatinsky.app","queenofthesouth.bsky.social"
"at://did:plc:2w45zyhuklwihpdc7oj3mi63/app.bsky.feed.post/3milr2tomnl2y","did:plc:rsrwrcbl63i6ilon4h6krzn7","singularityai.bsky.social","forbes.com"
"at://did:plc:2w45zyhuklwihpdc7oj3mi63/app.bsky.feed.post/3milr2tomnl2y","did:plc:mwfezu5jjf2qarclclrrliew","cvanduin.bsky.social","forbes.com"
"at://did:plc:2w45zyhuklwihpdc7oj3mi63/app.bsky.feed.post/3milr2tomnl2y","did:plc:mhs2m32jfh2vnk3qtcpsdfwn","shawna1222.bsky.social","forbes.com"
"at://did:plc:2w45zyhuklwihpdc7oj3mi63/app.bsky.feed.post/3milr2tomnl2y","did:plc:kihvoxveznzijnwrslykmv5f","dvawor.bsky.social","forbes.com"
"at://did:plc:2w45zyhuklwihpdc7oj3mi63/app.bsky.feed.post/3milr2tomnl2y","did:plc:hd6j7m6zvtziu6ltwdejppzm","am1ms.bsky.social","forbes.com"
"at://did:plc:2w45zyhuklwihpdc7oj3mi63/app.bsky.feed.post/3milr2tomnl2y","did:plc:fei555e43eehhf4fpwnd4axj","ylime13.bsky.social","forbes.com"
"at://did:plc:2w45zyhuklwihpdc7oj3mi63/app.bsky.feed.post/3milr2tomnl2y","did:plc:ecpaxm553okgh65ountlauen","jimlo-hi.bsky.social","forbes.com"
"at://did:plc:zzdjjltbk42t3t6sz6fmbmde/app.bsky.feed.post/3milqzwluxs2x","did:plc:lzfzawdilrmsfikvr4c6ytk4","mcbridetd.bsky.social","joebrusuelas.bsky.social"
"at://did:plc:zzdjjltbk42t3t6sz6fmbmde/app.bsky.feed.post/3milqzwluxs2x","did:plc:6qaqg6zjupt3w5totif3xy2d","52-blue.bsky.social","joebrusuelas.bsky.social"
"at://did:plc:zzdjjltbk42t3t6sz6fmbmde/app.bsky.feed.post/3milqzwluxs2x","did:plc:4aiqfcmed37uqudehiysblwc","b9n10nt.bsky.social","joebrusuelas.bsky.social"
"at://did:plc:ebtn5uwxbtwbyjx25jjqlh7b/app.bsky.feed.post/3milqv6fqak2w","did:plc:yyabha6dkunet2bz4em45xr2","cheyadams.bsky.social","itsafronomics.blacksky.app"
"at://did:plc:ebtn5uwxbtwbyjx25jjqlh7b/app.bsky.feed.post/3milqv6fqak2w","did:plc:xi5iogfb3yeavtcmm3azb67k","royalbluejay.blacksky.app","itsafronomics.blacksky.app"
"at://did:plc:ebtn5uwxbtwbyjx25jjqlh7b/app.bsky.feed.post/3milqv6fqak2w","did:plc:valtjsk4lnwt2hzbmwior462","radical-care.bsky.social","itsafronomics.blacksky.app"
"at://did:plc:ebtn5uwxbtwbyjx25jjqlh7b/app.bsky.feed.post/3milqv6fqak2w","did:plc:uvyf7odgbnmi4mu45qbqjttg","drbritwilliams.bsky.social","itsafronomics.blacksky.app"
"at://did:plc:ebtn5uwxbtwbyjx25jjqlh7b/app.bsky.feed.post/3milqv6fqak2w","did:plc:uppurv4jxxfvzr4z5no77jhe","smudgiesmom.bsky.social","itsafronomics.blacksky.app"
"at://did:plc:ebtn5uwxbtwbyjx25jjqlh7b/app.bsky.feed.post/3milqv6fqak2w","did:plc:skurcugihw6rgfxb7owm5na7","mnasca.bsky.social","itsafronomics.blacksky.app"
"at://did:plc:ebtn5uwxbtwbyjx25jjqlh7b/app.bsky.feed.post/3milqv6fqak2w","did:plc:qperocfvfqtoco3v276h55lx","greeneyedmonster13.bsky.social","itsafronomics.blacksky.app"
"at://did:plc:ebtn5uwxbtwbyjx25jjqlh7b/app.bsky.feed.post/3milqv6fqak2w","did:plc:pfsahcx6svtrjips3vlp2dgd","psychstat.bsky.social","itsafronomics.blacksky.app"
"at://did:plc:ebtn5uwxbtwbyjx25jjqlh7b/app.bsky.feed.post/3milqv6fqak2w","did:plc:ostpeulopetxyblfmtpb45lt","guerillalibrarian.bsky.social","itsafronomics.blacksky.app"
"at://did:plc:ebtn5uwxbtwbyjx25jjqlh7b/app.bsky.feed.post/3milqv6fqak2w","did:plc:oiiatiyfrmn3dozoopwihy6c","caffeinehusky.bsky.social","itsafronomics.blacksky.app"
"at://did:plc:ebtn5uwxbtwbyjx25jjqlh7b/app.bsky.feed.post/3milqv6fqak2w","did:plc:oif65w7gzysxw2ycenkvf6ip","mollie.blacksky.app","itsafronomics.blacksky.app"
"at://did:plc:ebtn5uwxbtwbyjx25jjqlh7b/app.bsky.feed.post/3milqv6fqak2w","did:plc:mdouaw3x4pcucxlginhavrgb","pbjwagers.bsky.social","itsafronomics.blacksky.app"
"at://did:plc:ebtn5uwxbtwbyjx25jjqlh7b/app.bsky.feed.post/3milqv6fqak2w","did:plc:m2qfjzbhbfyvkiiicpp5lls3","lenadreamsingld.blacksky.app","itsafronomics.blacksky.app"
"at://did:plc:ebtn5uwxbtwbyjx25jjqlh7b/app.bsky.feed.post/3milqv6fqak2w","did:plc:l2x63jev7o75lkijoyrn5r47","middle-aged-mom.bsky.social","itsafronomics.blacksky.app"
"at://did:plc:ebtn5uwxbtwbyjx25jjqlh7b/app.bsky.feed.post/3milqv6fqak2w","did:plc:kcqddtb4a3rjwt54h2gphe5j","archivewhisperer.bsky.social","itsafronomics.blacksky.app"
"at://did:plc:ebtn5uwxbtwbyjx25jjqlh7b/app.bsky.feed.post/3milqv6fqak2w","did:plc:g5wh2yg6u357exuhro7emobs","mylifeasbola.bsky.social","itsafronomics.blacksky.app"
"at://did:plc:ebtn5uwxbtwbyjx25jjqlh7b/app.bsky.feed.post/3milqv6fqak2w","did:plc:eu7rufrx7ypn257xycqrf26q","starwatchingat.bsky.social","itsafronomics.blacksky.app"
"at://did:plc:ebtn5uwxbtwbyjx25jjqlh7b/app.bsky.feed.post/3milqv6fqak2w","did:plc:d2rptenviapm74yih5xts64h","nowcowan.bsky.social","itsafronomics.blacksky.app"
"at://did:plc:ebtn5uwxbtwbyjx25jjqlh7b/app.bsky.feed.post/3milqv6fqak2w","did:plc:be7knl37bn6ylohn73cxzgru","meabell58.bsky.social","itsafronomics.blacksky.app"
"at://did:plc:ebtn5uwxbtwbyjx25jjqlh7b/app.bsky.feed.post/3milqv6fqak2w","did:plc:6nndzuerlukz6rdbtlme3mi3","kxraja.bsky.social","itsafronomics.blacksky.app"
"at://did:plc:ebtn5uwxbtwbyjx25jjqlh7b/app.bsky.feed.post/3milqv6fqak2w","did:plc:5gcksktprdasosbkq5o5fg6x","janie-zoe.bsky.social","itsafronomics.blacksky.app"
"at://did:plc:ebtn5uwxbtwbyjx25jjqlh7b/app.bsky.feed.post/3milqv6fqak2w","did:plc:4gi6crt4jlelgujfw2rpjbuw","kemet2000.bsky.social","itsafronomics.blacksky.app"
"at://did:plc:ebtn5uwxbtwbyjx25jjqlh7b/app.bsky.feed.post/3milqv6fqak2w","did:plc:34jk2pjdkruzo4fmi3xttss4","sleepyteach82.bsky.social","itsafronomics.blacksky.app"
"at://did:plc:ebtn5uwxbtwbyjx25jjqlh7b/app.bsky.feed.post/3milqv6fqak2w","did:plc:2svnvmqztcdtvlwax4pznq2l","willgtu.bsky.social","itsafronomics.blacksky.app"
"at://did:plc:ebtn5uwxbtwbyjx25jjqlh7b/app.bsky.feed.post/3milqv6fqak2w","did:plc:2lpaoeyzurwftyqh6hxoookh","mrluckev.bsky.social","itsafronomics.blacksky.app"
"at://did:plc:ajb74fkowtqdkbvssxixa5cb/app.bsky.feed.post/3milqmiqk322i","did:plc:u5tx7b4hcowgv3urnzj4xq7z","adriana1o5.bsky.social","pplonsker.bsky.social"
"at://did:plc:ajb74fkowtqdkbvssxixa5cb/app.bsky.feed.post/3milqmiqk322i","did:plc:i5viqhs6ac365q24ssemwnnt","dunemythang.bsky.social","pplonsker.bsky.social"
"at://did:plc:ajb74fkowtqdkbvssxixa5cb/app.bsky.feed.post/3milqmiqk322i","did:plc:dalxoespd5tgf6fgqozcgmu5","lila7.bsky.social","pplonsker.bsky.social"
"at://did:plc:qbtjb26eqbpasxhyoyl2lzh5/app.bsky.feed.post/3milq7zrg7s2q","did:plc:joerokand4zcfumbswm6qmps","timrand.bsky.social","calculatedrisk.bsky.social"
"at://did:plc:43fdk46qa5gsokzygzildsaq/app.bsky.feed.post/3milpy6mdbc2n","did:plc:ouljh55hlg2oi3vvrezfzx6p","spx.fyi","fintwitter.bsky.social"
"at://did:plc:tktyhvgeo3nqluw4wpdjzqgo/app.bsky.feed.post/3miloezftm22n","did:plc:yn2apgjgvp2ijpiqy5hxswiw","margaretnielsen.bsky.social","bencasselman.bsky.social"
"at://did:plc:tktyhvgeo3nqluw4wpdjzqgo/app.bsky.feed.post/3miloezftm22n","did:plc:xyxpx3b5uswv2haxpfylthrz","lindabrooke6.bsky.social","bencasselman.bsky.social"
"at://did:plc:tktyhvgeo3nqluw4wpdjzqgo/app.bsky.feed.post/3miloezftm22n","did:plc:x66qnnfwinx552tbbdpl7cay","kairyssdal.bsky.social","bencasselman.bsky.social"
"at://did:plc:tktyhvgeo3nqluw4wpdjzqgo/app.bsky.feed.post/3miloezftm22n","did:plc:vr4cj564moenrnxvjqo2xrkw","mark3000.bsky.social","bencasselman.bsky.social"
"at://did:plc:tktyhvgeo3nqluw4wpdjzqgo/app.bsky.feed.post/3miloezftm22n","did:plc:vnuwgxs4lahd4o7ekrg55sus","strangetruther.bsky.social","bencasselman.bsky.social"
"at://did:plc:tktyhvgeo3nqluw4wpdjzqgo/app.bsky.feed.post/3miloezftm22n","did:plc:vnker7t5pwdet37x44bkat7x","johnrefior.bsky.social","bencasselman.bsky.social"
"at://did:plc:tktyhvgeo3nqluw4wpdjzqgo/app.bsky.feed.post/3miloezftm22n","did:plc:v7zhi5jtvirsxlvoixvt672w","mikemadowitz.bsky.social","bencasselman.bsky.social"
"at://did:plc:tktyhvgeo3nqluw4wpdjzqgo/app.bsky.feed.post/3miloezftm22n","did:plc:tmgx5zs5dsdvmcpketzi4id4","jansheehanolsen.bsky.social","bencasselman.bsky.social"
"at://did:plc:tktyhvgeo3nqluw4wpdjzqgo/app.bsky.feed.post/3miloezftm22n","did:plc:rzxp4pnxqph3uogtbzyb4duy","petergratton.bsky.social","bencasselman.bsky.social"
"at://did:plc:tktyhvgeo3nqluw4wpdjzqgo/app.bsky.feed.post/3miloezftm22n","did:plc:oysygvsxu3tkyckw32fjpcen","jlza.bsky.social","bencasselman.bsky.social"
"at://did:plc:tktyhvgeo3nqluw4wpdjzqgo/app.bsky.feed.post/3miloezftm22n","did:plc:ohceypdvv2cdvpvwx66m67x5","lindamorone.bsky.social","bencasselman.bsky.social"
"at://did:plc:tktyhvgeo3nqluw4wpdjzqgo/app.bsky.feed.post/3miloezftm22n","did:plc:mtmakvnnf5hsgfg3iurrjn6f","brokenroad313.bsky.social","bencasselman.bsky.social"
"at://did:plc:tktyhvgeo3nqluw4wpdjzqgo/app.bsky.feed.post/3miloezftm22n","did:plc:i4ip2h75ifija6zu7ib5tha5","kenbazinet.bsky.social","bencasselman.bsky.social"
"at://did:plc:tktyhvgeo3nqluw4wpdjzqgo/app.bsky.feed.post/3miloezftm22n","did:plc:h62jnc57nynasx6oyoetb4xu","tjrileywisc.bsky.social","bencasselman.bsky.social"
"at://did:plc:tktyhvgeo3nqluw4wpdjzqgo/app.bsky.feed.post/3miloezftm22n","did:plc:gvnnsnxmmmbqnduybhxpc25o","mikesenters.bsky.social","bencasselman.bsky.social"
"at://did:plc:tktyhvgeo3nqluw4wpdjzqgo/app.bsky.feed.post/3miloezftm22n","did:plc:gujiky2lxymxewvekolumurn","rebel288.bsky.social","bencasselman.bsky.social"
"at://did:plc:tktyhvgeo3nqluw4wpdjzqgo/app.bsky.feed.post/3miloezftm22n","did:plc:fniotiaejn7uywddw7nfdars","peacevotesblue.bsky.social","bencasselman.bsky.social"
"at://did:plc:tktyhvgeo3nqluw4wpdjzqgo/app.bsky.feed.post/3miloezftm22n","did:plc:fha2kmwr3qmwhus3f5tvtxo2","apxbrown.bsky.social","bencasselman.bsky.social"
"at://did:plc:tktyhvgeo3nqluw4wpdjzqgo/app.bsky.feed.post/3miloezftm22n","did:plc:ddcmdof4k5iklckr2almtwkm","mattmurph24.bsky.social","bencasselman.bsky.social"
"at://did:plc:tktyhvgeo3nqluw4wpdjzqgo/app.bsky.feed.post/3miloezftm22n","did:plc:7zfk2av4t5o6vnpqjhfjelpl","destructogirl.bsky.social","bencasselman.bsky.social"
"at://did:plc:tktyhvgeo3nqluw4wpdjzqgo/app.bsky.feed.post/3miloezftm22n","did:plc:7u2uk2cfj4mga6iwivpvow6d","mildmojo.bsky.social","bencasselman.bsky.social"
"at://did:plc:tktyhvgeo3nqluw4wpdjzqgo/app.bsky.feed.post/3miloezftm22n","did:plc:6xgxpvk4qkayycxrn43xepaa","lornabrennan.bsky.social","bencasselman.bsky.social"
"at://did:plc:tktyhvgeo3nqluw4wpdjzqgo/app.bsky.feed.post/3miloezftm22n","did:plc:66ectx3gi4ffi3gtbnxrxvlh","ndhapple.bsky.social","bencasselman.bsky.social"
"at://did:plc:tktyhvgeo3nqluw4wpdjzqgo/app.bsky.feed.post/3miloezftm22n","did:plc:5tkrawwqsz3lh4ggkk5pwrbl","dr-phalin.bsky.social","bencasselman.bsky.social"
"at://did:plc:tktyhvgeo3nqluw4wpdjzqgo/app.bsky.feed.post/3miloezftm22n","did:plc:4mbjx2fqganzcdsqg5wgw5pt","jbzirps.bsky.social","bencasselman.bsky.social"
"at://did:plc:tktyhvgeo3nqluw4wpdjzqgo/app.bsky.feed.post/3miloezftm22n","did:plc:3u5uouyhjx73mply73hue57j","econreporter.bsky.social","bencasselman.bsky.social"
"at://did:plc:tktyhvgeo3nqluw4wpdjzqgo/app.bsky.feed.post/3miloezftm22n","did:plc:3qpjxt7lez7zvigx4cwxmrry","upshot.nytimes.com","bencasselman.bsky.social"
"at://did:plc:iqe5kpebkmo2lm7zeqtl3awx/app.bsky.feed.post/3milaafyurc2e","did:plc:iqe5kpebkmo2lm7zeqtl3awx","fedprimerate.com","fedprimerate.com"
"at://did:plc:mzkqrjubaawybwrzszgjy6op/app.bsky.feed.post/3mikshpghns24","did:plc:twctkqmt5s52zajjrxyx2qtl","blueriverrrr.bsky.social","blackironfitter669.bsky.social"
"at://did:plc:mzkqrjubaawybwrzszgjy6op/app.bsky.feed.post/3mikshpghns24","did:plc:b6hzo2yzli3voo4oqmsnj6om","evandandeleon.bsky.social","blackironfitter669.bsky.social"
"at://did:plc:4ny3iz7g4g23a3nbimi56pud/app.bsky.feed.post/3miknayuitk2p","did:plc:b6hzo2yzli3voo4oqmsnj6om","evandandeleon.bsky.social","disasterchief.bsky.social"
"at://did:plc:qyfk7ddob3xjexpw5wnnqizj/app.bsky.feed.post/3miklvjfxa22n","did:plc:qg433w7cu2yw2ewevc2jgiw2","humble-goon.bsky.social","pyrewyn.bsky.social"
"at://did:plc:qyfk7ddob3xjexpw5wnnqizj/app.bsky.feed.post/3miklvjfxa22n","did:plc:46ii4wtsrkmbrxkwtbpzctxw","lgjargon.bsky.social","pyrewyn.bsky.social"
"at://did:plc:kwjlionqmihkz5ndu662frwl/app.bsky.feed.post/3mikkysuu4s2m","did:plc:ykvfxsnswr6rcwdbwocwqajt","anniegirl.bsky.social","indo1908.bsky.social"
"at://did:plc:kwjlionqmihkz5ndu662frwl/app.bsky.feed.post/3mikkysuu4s2m","did:plc:ul4zhb6c2hbcrctale2q5faj","bernicanadian.bsky.social","indo1908.bsky.social"
"at://did:plc:kwjlionqmihkz5ndu662frwl/app.bsky.feed.post/3mikkysuu4s2m","did:plc:b7tjp4yaqcy2crro6sumg5zy","nandanainthegarden.bsky.social","indo1908.bsky.social"
"at://did:plc:kwjlionqmihkz5ndu662frwl/app.bsky.feed.post/3mikkysuu4s2m","did:plc:462mkz4bspd3k4iuwzngv6eh","tinyteerex.bsky.social","indo1908.bsky.social"
"at://did:plc:kwjlionqmihkz5ndu662frwl/app.bsky.feed.post/3mikkysuu4s2m","did:plc:2mvgi57dula2mx5z2423ialj","mrcranky.bsky.social","indo1908.bsky.social"
"at://did:plc:ardtdwmtfn6f4lr7k3moqkpr/app.bsky.feed.post/3mikkr4dk4k2m","did:plc:ho7o554qctugvtqqqlelg56g","croyvenops.bsky.social","sonicman69.bsky.social"
"at://did:plc:2bg4co45g3xnxg4t2sndqwae/app.bsky.feed.post/3mimrnd7t622i","did:plc:e7q5raiglwqls2flllk4ii3a","maryjanesbiatch.bsky.social","dan-d-land.bsky.social"
"at://did:plc:2bg4co45g3xnxg4t2sndqwae/app.bsky.feed.post/3mimrnd7t622i","did:plc:7ghsw4esrt3ukbtoipnidw3u","bondangle.bsky.social","dan-d-land.bsky.social"
"at://did:plc:spfkgsqetnnmj6fvdaupsccj/app.bsky.feed.post/3mimnx6lc7k2i","did:plc:j42vwbl6wvdwxx6yyneuqd7x","suzette.bsky.social","yehmenmudpuppy.bsky.social"
"at://did:plc:vhfnzqmjggqogynlwv6rbec5/app.bsky.feed.post/3mimnjna47k2j","did:plc:33imbf6hvahcmyeieeutjcoe","wokenojokewarrior.bsky.social","barbh-ab.bsky.social"
"at://did:plc:g3lge5wz6rgzpco56r3wi6v4/app.bsky.feed.post/3mimksuxevc2e","did:plc:muzpd4uboqlwr43bv6rwe2sy","mpcheryl.bsky.social","tommasinaresist.bsky.social"
"at://did:plc:g3lge5wz6rgzpco56r3wi6v4/app.bsky.feed.post/3mimksuxevc2e","did:plc:2yyidpjxr7axfhn4uceq3vbj","mimiplevinfoust.bsky.social","tommasinaresist.bsky.social"
"at://did:plc:pp2y33525jf5xkyg4pfqkdvd/app.bsky.feed.post/3mimelffn4s2l","did:plc:phevkmzv5bfgavmm4citsikb","h0pe4dfuture.bsky.social","raybeckerman.bsky.social"
"at://did:plc:ao2f4sckq7jk53dhywyrb5bl/app.bsky.feed.post/3mimdglnfos2h","did:plc:axqdnqpzsdzyboy2qsbrfh3v","milessr87.bsky.social","cyberwolf.bsky.social"
"at://did:plc:l3ycxyifhglvjrxbnt3jzvzc/app.bsky.feed.post/3mimd4sw6ak22","did:plc:z6n2a7d7iqx7asuj5astar5e","bluevoterguide.bsky.social","mi-swim.bsky.social"
"at://did:plc:l3ycxyifhglvjrxbnt3jzvzc/app.bsky.feed.post/3mimd4sw6ak22","did:plc:ursidhy5uuum7v3zyaghj22m","cmr-esq.bsky.social","mi-swim.bsky.social"
"at://did:plc:l3ycxyifhglvjrxbnt3jzvzc/app.bsky.feed.post/3mimd4sw6ak22","did:plc:p45gpkaduw6ryc66qp77aefj","lsurum.bsky.social","mi-swim.bsky.social"
"at://did:plc:l3ycxyifhglvjrxbnt3jzvzc/app.bsky.feed.post/3mimd4sw6ak22","did:plc:mgr5gen4m2ze4n7typdqfqjx","drjudystone.bsky.social","mi-swim.bsky.social"
"at://did:plc:l3ycxyifhglvjrxbnt3jzvzc/app.bsky.feed.post/3mimd4sw6ak22","did:plc:ec422sm3o33koejj5myzfbrl","carynm.bsky.social","mi-swim.bsky.social"
"at://did:plc:du6rft74siq54zvn5vdqnq4m/app.bsky.feed.post/3mimcpjfazs22","did:plc:z6n2a7d7iqx7asuj5astar5e","bluevoterguide.bsky.social","mich-mama-bear.bsky.social"
"at://did:plc:du6rft74siq54zvn5vdqnq4m/app.bsky.feed.post/3mimcpjfazs22","did:plc:ursidhy5uuum7v3zyaghj22m","cmr-esq.bsky.social","mich-mama-bear.bsky.social"
"at://did:plc:du6rft74siq54zvn5vdqnq4m/app.bsky.feed.post/3mimcpjfazs22","did:plc:umzhwoj3rrduf2x372oqzvfm","purplepeace.bsky.social","mich-mama-bear.bsky.social"
"at://did:plc:du6rft74siq54zvn5vdqnq4m/app.bsky.feed.post/3mimcpjfazs22","did:plc:p45gpkaduw6ryc66qp77aefj","lsurum.bsky.social","mich-mama-bear.bsky.social"
"at://did:plc:du6rft74siq54zvn5vdqnq4m/app.bsky.feed.post/3mimcpjfazs22","did:plc:mgr5gen4m2ze4n7typdqfqjx","drjudystone.bsky.social","mich-mama-bear.bsky.social"
"at://did:plc:du6rft74siq54zvn5vdqnq4m/app.bsky.feed.post/3mimcpjfazs22","did:plc:k3fafbhjnih6at5ag3ydx5sy","carsoncitydems.bsky.social","mich-mama-bear.bsky.social"
"at://did:plc:du6rft74siq54zvn5vdqnq4m/app.bsky.feed.post/3mimcpjfazs22","did:plc:ec422sm3o33koejj5myzfbrl","carynm.bsky.social","mich-mama-bear.bsky.social"
"at://did:plc:du6rft74siq54zvn5vdqnq4m/app.bsky.feed.post/3mimcpjfazs22","did:plc:e34jmgcrtxjda7o4n77zq527","frankedson24.bsky.social","mich-mama-bear.bsky.social"
"at://did:plc:i4dxcnmfqjupktepdxislau4/app.bsky.feed.post/3mimawspwbs2b","did:plc:xrnk5orgsdzzecn64ubcijjy","pamelalu.bsky.social","migas7.bsky.social"
"at://did:plc:i4dxcnmfqjupktepdxislau4/app.bsky.feed.post/3mimawspwbs2b","did:plc:xcxzcuq262dvshk52kpa34bw","julywolfe.bsky.social","migas7.bsky.social"
"at://did:plc:i4dxcnmfqjupktepdxislau4/app.bsky.feed.post/3mimawspwbs2b","did:plc:x6tzms2zqjxgdyjevo4hh7ra","peruvianrider.bsky.social","migas7.bsky.social"
"at://did:plc:i4dxcnmfqjupktepdxislau4/app.bsky.feed.post/3mimawspwbs2b","did:plc:x6ldspqisurqkl4fk3qg2hmo","2022learning.bsky.social","migas7.bsky.social"
"at://did:plc:i4dxcnmfqjupktepdxislau4/app.bsky.feed.post/3mimawspwbs2b","did:plc:tsvjx3jg7eqsajpxugvimn4f","azul4u.bsky.social","migas7.bsky.social"
"at://did:plc:i4dxcnmfqjupktepdxislau4/app.bsky.feed.post/3mimawspwbs2b","did:plc:tdqhvhilsxh6kpfhqgxlipab","ellieeff123.bsky.social","migas7.bsky.social"
"at://did:plc:i4dxcnmfqjupktepdxislau4/app.bsky.feed.post/3mimawspwbs2b","did:plc:t5eqhdpxd3xrqivv5btkozwg","felixaustria001.bsky.social","migas7.bsky.social"
"at://did:plc:i4dxcnmfqjupktepdxislau4/app.bsky.feed.post/3mimawspwbs2b","did:plc:r4vcbakqw3kvqxap4l3wedah","jetcaptainmike.bsky.social","migas7.bsky.social"
"at://did:plc:i4dxcnmfqjupktepdxislau4/app.bsky.feed.post/3mimawspwbs2b","did:plc:ovf5l46vctrnscii22bmlzud","lisa1111can.bsky.social","migas7.bsky.social"
"at://did:plc:i4dxcnmfqjupktepdxislau4/app.bsky.feed.post/3mimawspwbs2b","did:plc:mmfyte47bq5ibc6ngada5257","robertlevitt.bsky.social","migas7.bsky.social"
"at://did:plc:i4dxcnmfqjupktepdxislau4/app.bsky.feed.post/3mimawspwbs2b","did:plc:mkds6t5e57ueyxvmaab7xhqy","kirbyow.bsky.social","migas7.bsky.social"
"at://did:plc:i4dxcnmfqjupktepdxislau4/app.bsky.feed.post/3mimawspwbs2b","did:plc:lgfw6btd24hphvkg2pdys2h7","yes-cymru-ankh.bsky.social","migas7.bsky.social"
"at://did:plc:i4dxcnmfqjupktepdxislau4/app.bsky.feed.post/3mimawspwbs2b","did:plc:j3xljypqnz5h6rdv333pzdgj","sadbarb.bsky.social","migas7.bsky.social"
"at://did:plc:i4dxcnmfqjupktepdxislau4/app.bsky.feed.post/3mimawspwbs2b","did:plc:hsschmolpqjnshtdifpiuvho","dietrimi.bsky.social","migas7.bsky.social"
"at://did:plc:i4dxcnmfqjupktepdxislau4/app.bsky.feed.post/3mimawspwbs2b","did:plc:hsesv4tuo5cevel5k3iyxkbs","barbguise.bsky.social","migas7.bsky.social"
"at://did:plc:i4dxcnmfqjupktepdxislau4/app.bsky.feed.post/3mimawspwbs2b","did:plc:gduzah5ckdqtqa2hxisbu7gj","channelingmaga123.bsky.social","migas7.bsky.social"
"at://did:plc:i4dxcnmfqjupktepdxislau4/app.bsky.feed.post/3mimawspwbs2b","did:plc:d3gpmy56gcl2npqwpyknoxga","loves44.bsky.social","migas7.bsky.social"
"at://did:plc:i4dxcnmfqjupktepdxislau4/app.bsky.feed.post/3mimawspwbs2b","did:plc:bpvje4f43kco3rc33duykqul","grampamoose.bsky.social","migas7.bsky.social"
"at://did:plc:i4dxcnmfqjupktepdxislau4/app.bsky.feed.post/3mimawspwbs2b","did:plc:3ngzb4wulz4yc7qcd724kyk7","patguthrie.bsky.social","migas7.bsky.social"
"at://did:plc:c2vsrddvtbncw3tuyqjioafq/app.bsky.feed.post/3mimaokghmc2t","did:plc:ypklh2smar25ncblguu7ifb6","saint-stinky.bsky.social","jesuisdarius.me"
"at://did:plc:kdpc2pfwlgjtnzr37svicqli/app.bsky.feed.post/3mim6x3defc24","did:plc:lxvracu7yd6wfexs6ejbsrni","ppaattii.bsky.social","senigami.bsky.social"
"at://did:plc:kdpc2pfwlgjtnzr37svicqli/app.bsky.feed.post/3mim6x3defc24","did:plc:6qaqg6zjupt3w5totif3xy2d","52-blue.bsky.social","senigami.bsky.social"
"at://did:plc:kqrstq4g4hl5a3vgvffyfqaq/app.bsky.feed.post/3mim6p7ufhk25","did:plc:rkpn5ja5zs2ixoufamwgmqcy","rk10312.bsky.social","mikedecillis.bsky.social"
"at://did:plc:yz6xedydsjb3nt3fwhhn5dvp/app.bsky.feed.post/3mim53cvbjk2h","did:plc:yhd4zuq7akup5uum7mveoozw","droseph.bsky.social","claireforny.bsky.social"
"at://did:plc:yz6xedydsjb3nt3fwhhn5dvp/app.bsky.feed.post/3mim53cvbjk2h","did:plc:v3aosce3a5gule5aef27s5r3","spaceblatt.bsky.social","claireforny.bsky.social"
"at://did:plc:yz6xedydsjb3nt3fwhhn5dvp/app.bsky.feed.post/3mim53cvbjk2h","did:plc:seqbe3i5dobg3t4hwgcddfhx","sciantixo.bsky.social","claireforny.bsky.social"
"at://did:plc:yz6xedydsjb3nt3fwhhn5dvp/app.bsky.feed.post/3mim53cvbjk2h","did:plc:o4zudmvkkzwefratlf6zziag","mlpuryear.bsky.social","claireforny.bsky.social"
"at://did:plc:yz6xedydsjb3nt3fwhhn5dvp/app.bsky.feed.post/3mim53cvbjk2h","did:plc:jjqtz33dchbtnnqbvql2nsdr","ncmc1994.bsky.social","claireforny.bsky.social"
"at://did:plc:yz6xedydsjb3nt3fwhhn5dvp/app.bsky.feed.post/3mim53cvbjk2h","did:plc:jhnxtnubqvp4bebtc53pgcrb","amerliberal.bsky.social","claireforny.bsky.social"
"at://did:plc:yz6xedydsjb3nt3fwhhn5dvp/app.bsky.feed.post/3mim53cvbjk2h","did:plc:atnbskbs2ceelndcdyst5plm","thelibertypear.com","claireforny.bsky.social"
"at://did:plc:yz6xedydsjb3nt3fwhhn5dvp/app.bsky.feed.post/3mim53cvbjk2h","did:plc:abn7k2as3zbfxuulwjmv5cg2","builtonhope.bsky.social","claireforny.bsky.social"
"at://did:plc:yz6xedydsjb3nt3fwhhn5dvp/app.bsky.feed.post/3mim53cvbjk2h","did:plc:6ipcfad3ukuil76vowph2xzj","secularlefty.bsky.social","claireforny.bsky.social"
"at://did:plc:yz6xedydsjb3nt3fwhhn5dvp/app.bsky.feed.post/3mim53cvbjk2h","did:plc:4bqjodis26tb37orjalefzrj","takemusu.bsky.social","claireforny.bsky.social"
"at://did:plc:pcmzn3lb3n6vha766ajfsee6/app.bsky.feed.post/3mim32kq3xs25","did:plc:x2bwqo6nyawf4hllovrm3lrd","haller55.bsky.social","democratswin.bsky.social"
"at://did:plc:pcmzn3lb3n6vha766ajfsee6/app.bsky.feed.post/3mim32kq3xs25","did:plc:wlaockadnrw3orei4yvlphxf","sjoneswastaken.bsky.social","democratswin.bsky.social"
"at://did:plc:pcmzn3lb3n6vha766ajfsee6/app.bsky.feed.post/3mim32kq3xs25","did:plc:tho6u7aljrjqfo7lvgdytj5e","invictusghost.bsky.social","democratswin.bsky.social"
"at://did:plc:pcmzn3lb3n6vha766ajfsee6/app.bsky.feed.post/3mim32kq3xs25","did:plc:t4tkgbr3bb4cnuymd5ys7k7s","mandascott.bsky.social","democratswin.bsky.social"
"at://did:plc:pcmzn3lb3n6vha766ajfsee6/app.bsky.feed.post/3mim32kq3xs25","did:plc:qquv7qh2wzgdvvdzhyqhd5zc","theeagles.bsky.social","democratswin.bsky.social"
"at://did:plc:pcmzn3lb3n6vha766ajfsee6/app.bsky.feed.post/3mim32kq3xs25","did:plc:hekdnpqpibtsdtdnrxg3jyit","piedsblanc.bsky.social","democratswin.bsky.social"
"at://did:plc:65mgfx2oprkdjmautl2as73u/app.bsky.feed.post/3mim2dbctgl2h","did:plc:s3g4mcyw3dubqqjnhlrisfkl","cheriarmstrong.bsky.social","sweetwitch2697.bsky.social"
"at://did:plc:65mgfx2oprkdjmautl2as73u/app.bsky.feed.post/3mim2dbctgl2h","did:plc:gmeojzhapmdxg2rlkxtbi3wx","nezramyr.bsky.social","sweetwitch2697.bsky.social"
"at://did:plc:65mgfx2oprkdjmautl2as73u/app.bsky.feed.post/3mim2dbctgl2h","did:plc:dlmsx23s3njdab3mjw7gqh7v","geenie1234.bsky.social","sweetwitch2697.bsky.social"
"at://did:plc:65mgfx2oprkdjmautl2as73u/app.bsky.feed.post/3mim2dbctgl2h","did:plc:at2ihwe4qdreylzyhd72k5mp","michellezink.bsky.social","sweetwitch2697.bsky.social"
"at://did:plc:pkqfzqpxpznp4xlqrawszltz/app.bsky.feed.post/3milz3bwhic2p","did:plc:lhdwywmsv3ey4wessqr4jmsf","johnhott.bsky.social","maggienews.bsky.social"
"at://did:plc:pkqfzqpxpznp4xlqrawszltz/app.bsky.feed.post/3milz3bwhic2p","did:plc:k53aiboegsu43fgxxecupjzd","binaryorhex.bsky.social","maggienews.bsky.social"
"at://did:plc:5yx42w6gnnf453nqkj3q77x6/app.bsky.feed.post/3milyeqhibs2s","did:plc:vasmwozbxda25bah7d6sb3ja","matthewdownhour.bsky.social","freelandtradeppl.bsky.social"
"at://did:plc:fm75wz3ekp6bzoqgzjkn5syg/app.bsky.feed.post/3milxanafyk23","did:plc:xxzigk6cayt34rori5hwstmy","stef47.bsky.social","boldnewme.bsky.social"
"at://did:plc:fm75wz3ekp6bzoqgzjkn5syg/app.bsky.feed.post/3milxanafyk23","did:plc:qg3fxm7oxn5fbmddx5pb7qu6","haikuwoman.bsky.social","boldnewme.bsky.social"
"at://did:plc:fm75wz3ekp6bzoqgzjkn5syg/app.bsky.feed.post/3milxanafyk23","did:plc:oispfvk3y2dk42rcdbwdpthj","rogue-maverick.bsky.social","boldnewme.bsky.social"
"at://did:plc:fm75wz3ekp6bzoqgzjkn5syg/app.bsky.feed.post/3milxanafyk23","did:plc:mavzlya425igwsy2udikobyp","hhlouise.bsky.social","boldnewme.bsky.social"
"at://did:plc:fm75wz3ekp6bzoqgzjkn5syg/app.bsky.feed.post/3milxanafyk23","did:plc:jr4artsdkyukekrvd72drx3w","beemerjean.bsky.social","boldnewme.bsky.social"
"at://did:plc:fm75wz3ekp6bzoqgzjkn5syg/app.bsky.feed.post/3milxanafyk23","did:plc:eddr7tdkikayqkpk4636dcbr","benneseed.bsky.social","boldnewme.bsky.social"
"at://did:plc:fm75wz3ekp6bzoqgzjkn5syg/app.bsky.feed.post/3milxanafyk23","did:plc:astkbbkayv3ytinrmickbj6j","bongodave.bsky.social","boldnewme.bsky.social"
"at://did:plc:npvd54yeikvuj3ytmrcwsh4b/app.bsky.feed.post/3milwuvpd4k2r","did:plc:zwoiavjjll6zpduevdhxvwki","proud-to-be-purple.bsky.social","lalahaenzy.bsky.social"
"at://did:plc:npvd54yeikvuj3ytmrcwsh4b/app.bsky.feed.post/3milwuvpd4k2r","did:plc:yzmzwnif5y7ikiileep52udf","fiesty1.bsky.social","lalahaenzy.bsky.social"
"at://did:plc:npvd54yeikvuj3ytmrcwsh4b/app.bsky.feed.post/3milwuvpd4k2r","did:plc:yfvydrwbk2wq7swiiw57ih3g","maddie-says.bsky.social","lalahaenzy.bsky.social"
"at://did:plc:npvd54yeikvuj3ytmrcwsh4b/app.bsky.feed.post/3milwuvpd4k2r","did:plc:ybhwiwd4dv24wzoj7wc5bvl3","heinjan.bsky.social","lalahaenzy.bsky.social"
"at://did:plc:npvd54yeikvuj3ytmrcwsh4b/app.bsky.feed.post/3milwuvpd4k2r","did:plc:y2ctohkcrmxo3wfvjsqu6x4r","bespeterson1029.bsky.social","lalahaenzy.bsky.social"
"at://did:plc:npvd54yeikvuj3ytmrcwsh4b/app.bsky.feed.post/3milwuvpd4k2r","did:plc:xizp6gyjez76xs64e64hpsah","casuallylucid.bsky.social","lalahaenzy.bsky.social"
"at://did:plc:npvd54yeikvuj3ytmrcwsh4b/app.bsky.feed.post/3milwuvpd4k2r","did:plc:wub6hbmekh55fjfowotnj7oa","lindam174.bsky.social","lalahaenzy.bsky.social"
"at://did:plc:npvd54yeikvuj3ytmrcwsh4b/app.bsky.feed.post/3milwuvpd4k2r","did:plc:vuknbojhflfwyu7b5kl2fw3n","manet847.bsky.social","lalahaenzy.bsky.social"
"at://did:plc:npvd54yeikvuj3ytmrcwsh4b/app.bsky.feed.post/3milwuvpd4k2r","did:plc:vclw4s7664xx3ealda6bnb3o","toddcorley.bsky.social","lalahaenzy.bsky.social"
"at://did:plc:npvd54yeikvuj3ytmrcwsh4b/app.bsky.feed.post/3milwuvpd4k2r","did:plc:vbo2j7sdywzamwf7cdsedu7m","tcrg2012.bsky.social","lalahaenzy.bsky.social"
"at://did:plc:npvd54yeikvuj3ytmrcwsh4b/app.bsky.feed.post/3milwuvpd4k2r","did:plc:v2tsjgok2zdiw7nhvjyv42pt","olivejuice2.bsky.social","lalahaenzy.bsky.social"
"at://did:plc:npvd54yeikvuj3ytmrcwsh4b/app.bsky.feed.post/3milwuvpd4k2r","did:plc:uusfd2wqjsu3dd4vnugwyret","sjohn866.bsky.social","lalahaenzy.bsky.social"
"at://did:plc:npvd54yeikvuj3ytmrcwsh4b/app.bsky.feed.post/3milwuvpd4k2r","did:plc:utdmiyuaovads4hwxnhsrtpt","civildisobedient1.bsky.social","lalahaenzy.bsky.social"
"at://did:plc:npvd54yeikvuj3ytmrcwsh4b/app.bsky.feed.post/3milwuvpd4k2r","did:plc:upeoyam5mpawsxn22wmxezfk","catalystmeow.bsky.social","lalahaenzy.bsky.social"
"at://did:plc:npvd54yeikvuj3ytmrcwsh4b/app.bsky.feed.post/3milwuvpd4k2r","did:plc:umzhwoj3rrduf2x372oqzvfm","purplepeace.bsky.social","lalahaenzy.bsky.social"
"at://did:plc:npvd54yeikvuj3ytmrcwsh4b/app.bsky.feed.post/3milwuvpd4k2r","did:plc:tytz6d4lvffjtb4xpzqjagh4","originaldesertrose.bsky.social","lalahaenzy.bsky.social"
"at://did:plc:npvd54yeikvuj3ytmrcwsh4b/app.bsky.feed.post/3milwuvpd4k2r","did:plc:tkrtfh7t6wf2miphimtx4agw","kathyswords.bsky.social","lalahaenzy.bsky.social"
"at://did:plc:npvd54yeikvuj3ytmrcwsh4b/app.bsky.feed.post/3milwuvpd4k2r","did:plc:sroxyenox5u2o7xll54xrtyx","singlecatlady23.bsky.social","lalahaenzy.bsky.social"
"at://did:plc:npvd54yeikvuj3ytmrcwsh4b/app.bsky.feed.post/3milwuvpd4k2r","did:plc:rwqdsk2cfxybjtabvqp3m5fl","dcombes.bsky.social","lalahaenzy.bsky.social"
"at://did:plc:npvd54yeikvuj3ytmrcwsh4b/app.bsky.feed.post/3milwuvpd4k2r","did:plc:rscezwq6i4rksrczcaxdoju7","jackedupbarrett-25.bsky.social","lalahaenzy.bsky.social"
"at://did:plc:npvd54yeikvuj3ytmrcwsh4b/app.bsky.feed.post/3milwuvpd4k2r","did:plc:rep7fqvbvkcjzysp3g4fkszv","guldager.eurosky.social","lalahaenzy.bsky.social"
"at://did:plc:npvd54yeikvuj3ytmrcwsh4b/app.bsky.feed.post/3milwuvpd4k2r","did:plc:qbmqmkvzlgmoolstw3acbr4o","dodgerlobo.bsky.social","lalahaenzy.bsky.social"
"at://did:plc:npvd54yeikvuj3ytmrcwsh4b/app.bsky.feed.post/3milwuvpd4k2r","did:plc:q63ncs4pdpoqhgcrh4gabsso","grand-pa-etan.bsky.social","lalahaenzy.bsky.social"
"at://did:plc:npvd54yeikvuj3ytmrcwsh4b/app.bsky.feed.post/3milwuvpd4k2r","did:plc:pvcxicdndphhuiqczyzu43dw","rosesbloom24.bsky.social","lalahaenzy.bsky.social"
"at://did:plc:npvd54yeikvuj3ytmrcwsh4b/app.bsky.feed.post/3milwuvpd4k2r","did:plc:p7kwdof4qtn7rprbaful22y4","beachblond52.bsky.social","lalahaenzy.bsky.social"
"at://did:plc:wxgrz4rt3uwcnz7t4glmabm7/app.bsky.feed.post/3milub6bhuc23","did:plc:zwpr2s7i5smvkjl7qt7rfdej","davidviking.bsky.social","hs3.bsky.social"
"at://did:plc:zwpr2s7i5smvkjl7qt7rfdej/app.bsky.feed.post/3miltzpr7gs2b","did:plc:wxgrz4rt3uwcnz7t4glmabm7","hs3.bsky.social","davidviking.bsky.social"
"at://did:plc:zwpr2s7i5smvkjl7qt7rfdej/app.bsky.feed.post/3miltzpr7gs2b","did:plc:b5z7fqfhpxqslzccjldtjs4x","allangpaterson.bsky.social","davidviking.bsky.social"
"at://did:plc:pboltvj6wr6gaituw2s6mrwq/app.bsky.feed.post/3milsv6u4kc2e","did:plc:y6ngpjmjdinnv7c3umzqs652","themaltesemama.bsky.social","elisegould.bsky.social"
"at://did:plc:pboltvj6wr6gaituw2s6mrwq/app.bsky.feed.post/3milsv6u4kc2e","did:plc:nb47b6dv3jyiozdrz2rfzfke","richaber.bsky.social","elisegould.bsky.social"
"at://did:plc:pboltvj6wr6gaituw2s6mrwq/app.bsky.feed.post/3milsv6u4kc2e","did:plc:kafgepe7jod24fftmpppxhva","hilwething.bsky.social","elisegould.bsky.social"
"at://did:plc:pboltvj6wr6gaituw2s6mrwq/app.bsky.feed.post/3milsv6u4kc2e","did:plc:dtrw4kjivanjau43hne3nbk7","trialrun2024.bsky.social","elisegould.bsky.social"
"at://did:plc:pboltvj6wr6gaituw2s6mrwq/app.bsky.feed.post/3milsv6u4kc2e","did:plc:csco6htamviij3sl7hwguqsh","gemcom2000.bsky.social","elisegould.bsky.social"
"at://did:plc:pboltvj6wr6gaituw2s6mrwq/app.bsky.feed.post/3milsfvtaus2e","did:plc:rlqlkrkqsxwhhbcluns7gqu7","ahecon.bsky.social","elisegould.bsky.social"
"at://did:plc:pboltvj6wr6gaituw2s6mrwq/app.bsky.feed.post/3milsfvtaus2e","did:plc:nb47b6dv3jyiozdrz2rfzfke","richaber.bsky.social","elisegould.bsky.social"
"at://did:plc:pboltvj6wr6gaituw2s6mrwq/app.bsky.feed.post/3milsfvtaus2e","did:plc:dtrw4kjivanjau43hne3nbk7","trialrun2024.bsky.social","elisegould.bsky.social"
"at://did:plc:pboltvj6wr6gaituw2s6mrwq/app.bsky.feed.post/3milsfvtaus2e","did:plc:avmcogu7hrrprzdgasd73g7t","mostlyapples.bsky.social","elisegould.bsky.social"
"at://did:plc:zzdjjltbk42t3t6sz6fmbmde/app.bsky.feed.post/3milqzxwo4c2x","did:plc:jy2ojdqgx5v3tqnnfzkz7bt7","minachica.bsky.social","joebrusuelas.bsky.social"
"at://did:plc:zzdjjltbk42t3t6sz6fmbmde/app.bsky.feed.post/3milqzxwo4c2x","did:plc:6jsln3je4trridtm72c6unyp","jr705.bsky.social","joebrusuelas.bsky.social"
"at://did:plc:g3lge5wz6rgzpco56r3wi6v4/app.bsky.feed.post/3milqek6m5k2i","did:plc:yfvydrwbk2wq7swiiw57ih3g","maddie-says.bsky.social","tommasinaresist.bsky.social"
"at://did:plc:g3lge5wz6rgzpco56r3wi6v4/app.bsky.feed.post/3milqek6m5k2i","did:plc:yewnwqtcr4d4wumxzasnaebj","donisapedo.bsky.social","tommasinaresist.bsky.social"
"at://did:plc:g3lge5wz6rgzpco56r3wi6v4/app.bsky.feed.post/3milqek6m5k2i","did:plc:wcl5xm7mqdy2zmz2ktapgn7w","papootx.bsky.social","tommasinaresist.bsky.social"
"at://did:plc:g3lge5wz6rgzpco56r3wi6v4/app.bsky.feed.post/3milqek6m5k2i","did:plc:wbi2ddvkrznopgimpkif6igh","montyphillips.bsky.social","tommasinaresist.bsky.social"
"at://did:plc:g3lge5wz6rgzpco56r3wi6v4/app.bsky.feed.post/3milqek6m5k2i","did:plc:waathd3xkegciaeglm46blou","tommasina2.bsky.social","tommasinaresist.bsky.social"
"at://did:plc:g3lge5wz6rgzpco56r3wi6v4/app.bsky.feed.post/3milqek6m5k2i","did:plc:w7xkpfswtwqawvnibiegbigd","danielleloveswords.bsky.social","tommasinaresist.bsky.social"
"at://did:plc:g3lge5wz6rgzpco56r3wi6v4/app.bsky.feed.post/3milqek6m5k2i","did:plc:w3exiitgzx3gu6d6ahcgflpp","suzifree.bsky.social","tommasinaresist.bsky.social"
"at://did:plc:g3lge5wz6rgzpco56r3wi6v4/app.bsky.feed.post/3milqek6m5k2i","did:plc:vvlzmo2anppmayllpdcipd7x","katemcclanaghan.bsky.social","tommasinaresist.bsky.social"
"at://did:plc:g3lge5wz6rgzpco56r3wi6v4/app.bsky.feed.post/3milqek6m5k2i","did:plc:vhdehsgu72eyizlb3g5764zm","lhen.bsky.social","tommasinaresist.bsky.social"
"at://did:plc:g3lge5wz6rgzpco56r3wi6v4/app.bsky.feed.post/3milqek6m5k2i","did:plc:vgynvxvibgnlb67umlqsqvcd","theegoldencurlze.bsky.social","tommasinaresist.bsky.social"
"at://did:plc:g3lge5wz6rgzpco56r3wi6v4/app.bsky.feed.post/3milqek6m5k2i","did:plc:vbo2j7sdywzamwf7cdsedu7m","tcrg2012.bsky.social","tommasinaresist.bsky.social"
"at://did:plc:g3lge5wz6rgzpco56r3wi6v4/app.bsky.feed.post/3milqek6m5k2i","did:plc:uuunurwh35ciwilh4ysrtzar","padraic42.bsky.social","tommasinaresist.bsky.social"
"at://did:plc:g3lge5wz6rgzpco56r3wi6v4/app.bsky.feed.post/3milqek6m5k2i","did:plc:upeoyam5mpawsxn22wmxezfk","catalystmeow.bsky.social","tommasinaresist.bsky.social"
"at://did:plc:g3lge5wz6rgzpco56r3wi6v4/app.bsky.feed.post/3milqek6m5k2i","did:plc:uh5xp2hgyvc4jcmku2g7g3o4","ljlynn.bsky.social","tommasinaresist.bsky.social"
"at://did:plc:g3lge5wz6rgzpco56r3wi6v4/app.bsky.feed.post/3milqek6m5k2i","did:plc:t33bkw3updzszeftkgo5vvct","catsalot.bsky.social","tommasinaresist.bsky.social"
"at://did:plc:g3lge5wz6rgzpco56r3wi6v4/app.bsky.feed.post/3milqek6m5k2i","did:plc:t2sh5bsldv7kejzkbg6jtzzd","left-not-right.bsky.social","tommasinaresist.bsky.social"
"at://did:plc:g3lge5wz6rgzpco56r3wi6v4/app.bsky.feed.post/3milqek6m5k2i","did:plc:skm7ark5cvlhpkvkcr7hscc6","miinky1101.bsky.social","tommasinaresist.bsky.social"
"at://did:plc:g3lge5wz6rgzpco56r3wi6v4/app.bsky.feed.post/3milqek6m5k2i","did:plc:sgodnxavkivgazlmuc4lcecd","juliet77.bsky.social","tommasinaresist.bsky.social"
"at://did:plc:g3lge5wz6rgzpco56r3wi6v4/app.bsky.feed.post/3milqek6m5k2i","did:plc:s5hyrn7o5s2zeolwm26wzlwl","bocksam.bsky.social","tommasinaresist.bsky.social"
"at://did:plc:g3lge5wz6rgzpco56r3wi6v4/app.bsky.feed.post/3milqek6m5k2i","did:plc:qp5zsjwwaxflnb6jedrel3v3","elizawally.bsky.social","tommasinaresist.bsky.social"
"at://did:plc:g3lge5wz6rgzpco56r3wi6v4/app.bsky.feed.post/3milqek6m5k2i","did:plc:puumb563updv76ocbedosg7b","retiredautotech.bsky.social","tommasinaresist.bsky.social"
"at://did:plc:g3lge5wz6rgzpco56r3wi6v4/app.bsky.feed.post/3milqek6m5k2i","did:plc:pqfzgn3aarlmxepcvnffbesf","marie1010.bsky.social","tommasinaresist.bsky.social"
"at://did:plc:g3lge5wz6rgzpco56r3wi6v4/app.bsky.feed.post/3milqek6m5k2i","did:plc:ozborn365v2o7wxwbcrjbpv4","gatorali.bsky.social","tommasinaresist.bsky.social"
"at://did:plc:g3lge5wz6rgzpco56r3wi6v4/app.bsky.feed.post/3milqek6m5k2i","did:plc:nv24zd3w5lsyutk4n4ruqfeh","ksyrah.bsky.social","tommasinaresist.bsky.social"
"at://did:plc:g3lge5wz6rgzpco56r3wi6v4/app.bsky.feed.post/3milqek6m5k2i","did:plc:ngsdij2c4vvk2bxbuy4fg4sm","lori51051723.bsky.social","tommasinaresist.bsky.social"
"at://did:plc:3l6h5tayy6vycige2igmorv4/app.bsky.feed.post/3milp7eq6422w","did:plc:x6apiszub5lh3iili64sf33x","nturner57.bsky.social","minibubbly.bsky.social"
"at://did:plc:3l6h5tayy6vycige2igmorv4/app.bsky.feed.post/3milp7eq6422w","did:plc:wocpnkwpe2yuw7j4o7pgfwft","laviolisa.bsky.social","minibubbly.bsky.social"
"at://did:plc:3l6h5tayy6vycige2igmorv4/app.bsky.feed.post/3milp7eq6422w","did:plc:ualjnj7qykhzusufge3xpp4c","forestgardens.bsky.social","minibubbly.bsky.social"
"at://did:plc:3l6h5tayy6vycige2igmorv4/app.bsky.feed.post/3milp7eq6422w","did:plc:mx4xegcmhq2dgwq5sgfkjser","cubiclegrrl.bsky.social","minibubbly.bsky.social"
"at://did:plc:3l6h5tayy6vycige2igmorv4/app.bsky.feed.post/3milp7eq6422w","did:plc:gn23jef7ayv3o3jeyjjpwubg","silksworthlad.bsky.social","minibubbly.bsky.social"
"at://did:plc:3l6h5tayy6vycige2igmorv4/app.bsky.feed.post/3milp7eq6422w","did:plc:c3qhp25ykkmhes4ebeq2xcbr","mzgigglyshy.bsky.social","minibubbly.bsky.social"
"at://did:plc:jlafm6izvgdkspc55swp4hp5/app.bsky.feed.post/3milnpsd7ps2f","did:plc:daszgcv4qxmctzyueqdohbim","manricco.bsky.social","louisshalako.bsky.social"
"at://did:plc:jlafm6izvgdkspc55swp4hp5/app.bsky.feed.post/3milnpsd7ps2f","did:plc:ayj5lmqaubc3dvszephdlhbq","timberwolf07-62.bsky.social","louisshalako.bsky.social"
"at://did:plc:jlafm6izvgdkspc55swp4hp5/app.bsky.feed.post/3milnpsd7ps2f","did:plc:6e32pouucttw3n6oo6a6mab7","padraigelliot.bsky.social","louisshalako.bsky.social"
"at://did:plc:zhe7gepsb2hkfdcbshrugltg/app.bsky.feed.post/3millgqhqwc2x","did:plc:puumb563updv76ocbedosg7b","retiredautotech.bsky.social","sailingsteve.bsky.social"
"at://did:plc:evslqdt5nrwqkymlyom3mhrm/app.bsky.feed.post/3milkhtfkbs2s","did:plc:m3pi3odmfx2ufz2aoo7ncagv","optimstie.bsky.social","leesahsea.bsky.social"
"at://did:plc:evslqdt5nrwqkymlyom3mhrm/app.bsky.feed.post/3milkhtfkbs2s","did:plc:gk6x4v2zebuildt7x77hnhp2","hmmadness.bsky.social","leesahsea.bsky.social"
"at://did:plc:ldvcitxc4nyds3ioldtgongj/app.bsky.feed.post/3mildxogm7d2d","did:plc:uylcyzpwbmuetoflfhitnsas","paulageraghty.bsky.social","seanawallis.bsky.social"
"at://did:plc:ldvcitxc4nyds3ioldtgongj/app.bsky.feed.post/3mildxogm7d2d","did:plc:3ca3igjbd6dozahloqz4ivqb","drmcarley.bsky.social","seanawallis.bsky.social"
"at://did:plc:3w75iygkvtcrqvu4x4ux2hzv/app.bsky.feed.post/3milcqaaujv2w","did:plc:j4lbr4sno7bigiucu3lhxbpy","isonzeando.bsky.social","chriso-wiki.bsky.social"
"at://did:plc:3w75iygkvtcrqvu4x4ux2hzv/app.bsky.feed.post/3milcqaaujv2w","did:plc:irqrzcamd7qz62ok3zetn6wr","bartelds.bsky.social","chriso-wiki.bsky.social"
"at://did:plc:3w75iygkvtcrqvu4x4ux2hzv/app.bsky.feed.post/3milcqaaujv2w","did:plc:6l3xyzsr4hqutenkp6myxn4c","snugbucket.bsky.social","chriso-wiki.bsky.social"
"at://did:plc:evgc4ukadedre3gwsiwygkpz/app.bsky.feed.post/3mil7pzffkc27","did:plc:nzgjjz7ffehpcyfc5i6mzvzy","oliviercyran.bsky.social","ayoub.bsky.social"
"at://did:plc:evgc4ukadedre3gwsiwygkpz/app.bsky.feed.post/3mil7pzffkc27","did:plc:nfay6jargdwcv6sxdn7gbbvb","rk70534.bsky.social","ayoub.bsky.social"
"at://did:plc:evgc4ukadedre3gwsiwygkpz/app.bsky.feed.post/3mil7pzffkc27","did:plc:l4njbucfhadzoijscxo2lwod","libryanne.bsky.social","ayoub.bsky.social"
"at://did:plc:evgc4ukadedre3gwsiwygkpz/app.bsky.feed.post/3mil7pzffkc27","did:plc:kc4ya2w6jeb32tjiacogkszz","astrowisdom777.bsky.social","ayoub.bsky.social"
"at://did:plc:evgc4ukadedre3gwsiwygkpz/app.bsky.feed.post/3mil7pzffkc27","did:plc:3mqfufvkfg3dpecu77yfunmb","pkej.bsky.social","ayoub.bsky.social"
"at://did:plc:evgc4ukadedre3gwsiwygkpz/app.bsky.feed.post/3mil7pzffkc27","did:plc:3iw2chkfssoswem36zrs3zqh","edvtercero.bsky.social","ayoub.bsky.social"
"at://did:plc:wddwaq4bg6rkca2p33pasv4q/app.bsky.feed.post/3mimwfka4as22","did:plc:armei5hqdnmn3s2vfexm2nqh","kilisutsailor.bsky.social","joejoejp.bsky.social"
"at://did:plc:6mhi5dshhhphijewkqok3kw4/app.bsky.feed.post/3mimwb4qu6k2i","did:plc:bu7f6s3jettrsizzoenn3yz7","timetrekkerten.bsky.social","roythedesertrat.bsky.social"
"at://did:plc:4xnxoo7qbl623oppsrllrhoj/app.bsky.feed.post/3mimvwt2cyk2l","did:plc:ecpaxm553okgh65ountlauen","jimlo-hi.bsky.social","roddsdad.bsky.social"
"at://did:plc:4xnxoo7qbl623oppsrllrhoj/app.bsky.feed.post/3mimvwt2cyk2l","did:plc:bu7f6s3jettrsizzoenn3yz7","timetrekkerten.bsky.social","roddsdad.bsky.social"
"at://did:plc:drpp7jxpl3ojz2m3pon2zdpq/app.bsky.feed.post/3mimvrz6cn22c","did:plc:j4cyx6hbe6lvtw725cnsp6nh","allymae.bsky.social","parforthecourse1.bsky.social"
"at://did:plc:aunpu65mdrhwfie7ynymlzeh/app.bsky.feed.post/3mimvp6qgqf2k","did:plc:x4i72wwlrzdm2jmbiyet2bmt","dummieyblondiey.bsky.social","thebulwark.com"
"at://did:plc:aunpu65mdrhwfie7ynymlzeh/app.bsky.feed.post/3mimvp6qgqf2k","did:plc:vvs2qgvxft6secuwfcj745yo","silentscreatch.bsky.social","thebulwark.com"
"at://did:plc:aunpu65mdrhwfie7ynymlzeh/app.bsky.feed.post/3mimvp6qgqf2k","did:plc:rzikezlfdcppyqcxkqjhielf","p0rtiab00.bsky.social","thebulwark.com"
"at://did:plc:aunpu65mdrhwfie7ynymlzeh/app.bsky.feed.post/3mimvp6qgqf2k","did:plc:op3fortsbkhm6nosrcnbj4q3","mescherer.bsky.social","thebulwark.com"
"at://did:plc:aunpu65mdrhwfie7ynymlzeh/app.bsky.feed.post/3mimvp6qgqf2k","did:plc:kqzifmvhqdm5xbyo5eb4ufnr","deannyg.bsky.social","thebulwark.com"
"at://did:plc:aunpu65mdrhwfie7ynymlzeh/app.bsky.feed.post/3mimvp6qgqf2k","did:plc:hgjkvf3xq37elpdw543jaodt","philosopheer.bsky.social","thebulwark.com"
"at://did:plc:aunpu65mdrhwfie7ynymlzeh/app.bsky.feed.post/3mimvp6qgqf2k","did:plc:eiep437v5fncdxadfzta7kxx","triciaallen.bsky.social","thebulwark.com"
"at://did:plc:aunpu65mdrhwfie7ynymlzeh/app.bsky.feed.post/3mimvp6qgqf2k","did:plc:ecpaxm553okgh65ountlauen","jimlo-hi.bsky.social","thebulwark.com"
"at://did:plc:aunpu65mdrhwfie7ynymlzeh/app.bsky.feed.post/3mimvp6qgqf2k","did:plc:bgrzu2qzztlfilwgmxcdn2ys","grumpygrammy.bsky.social","thebulwark.com"
"at://did:plc:aunpu65mdrhwfie7ynymlzeh/app.bsky.feed.post/3mimvp6qgqf2k","did:plc:72ttqavm4nmh3gjunx33tjfe","kdjs-1.bsky.social","thebulwark.com"
"at://did:plc:ign2srfqhn3ctchuuziqhngr/app.bsky.feed.post/3mimvjpceq22x","did:plc:wqgttray4zhirdasskihabpn","stavner.bsky.social","esteraxiom.mom"
"at://did:plc:kc26uzwzazhts3n4d6n3wh6w/app.bsky.feed.post/3mimuvmaw7k2t","did:plc:lh52slyfeysqwlq3v6ngoelz","digitalwarrior.bsky.social","droddman.bsky.social"
"at://did:plc:utowcbf5zh34scxvus7v4p6c/app.bsky.feed.post/3mimuosi5ac2p","did:plc:enyn6hq4pmlovbcaszcrckil","j-mc-11.bsky.social","jawalker.bsky.social"
"at://did:plc:o5wlr3gi4tz23ake7ef23ejs/app.bsky.feed.post/3mimunzip7c2e","did:plc:o5wlr3gi4tz23ake7ef23ejs","socialmedialab.ca","socialmedialab.ca"
"at://did:plc:o5wlr3gi4tz23ake7ef23ejs/app.bsky.feed.post/3mimunzip7c2e","did:plc:5vae372ohpjvnqdyol22n67s","multiverseandy.bsky.social","socialmedialab.ca"
"at://did:plc:vaigucmggp4u6wsyh3sqtoif/app.bsky.feed.post/3mimujzmwok23","did:plc:rsmuvkfau4i2vx47krlru54i","pappyparki.bsky.social","doenj.bsky.social"
"at://did:plc:65xjaij3z6gyxnmo2zo5pk4e/app.bsky.feed.post/3mimuiiyaa22k","did:plc:65xjaij3z6gyxnmo2zo5pk4e","synthminded.bsky.social","synthminded.bsky.social"
"at://did:plc:scmcyemdposb4vuidhztn2ui/app.bsky.feed.post/3mimue5cgzk2c","did:plc:bup2ydt3pu26aglatjjdoi3i","nicoletenshi.bsky.social","kayin.moe"
"at://did:plc:m4t4prusopnk4wjt4ehg22q4/app.bsky.feed.post/3mimu2p36kk2s","did:plc:ikjrbmm5diws6r65szzyqou3","lonelylupine.bsky.social","explaintrade.com"
"at://did:plc:yhtcygbflm37yev344w4tleo/app.bsky.feed.post/3mimtyi3k6c2o","did:plc:4tmmk5seuscsxev3tjgbyv4z","roseanneb.bsky.social","ih8shockjox.bsky.social"
"at://did:plc:q44mxlbs74xalvamvijwpfsa/app.bsky.feed.post/3mimty233lk2v","did:plc:yotyhtmxyvmn3lf54zq536ld","mayapipil2025.bsky.social","analiliafornj.bsky.social"
"at://did:plc:q44mxlbs74xalvamvijwpfsa/app.bsky.feed.post/3mimty233lk2v","did:plc:tkrtfh7t6wf2miphimtx4agw","kathyswords.bsky.social","analiliafornj.bsky.social"
"at://did:plc:q44mxlbs74xalvamvijwpfsa/app.bsky.feed.post/3mimty233lk2v","did:plc:t6ukdoagrh4fcw7xqgdcgr7s","bluedude87.bsky.social","analiliafornj.bsky.social"
"at://did:plc:q44mxlbs74xalvamvijwpfsa/app.bsky.feed.post/3mimty233lk2v","did:plc:msdcwnan66ow3gnfktg2sahp","plungerman.bsky.social","analiliafornj.bsky.social"
"at://did:plc:q44mxlbs74xalvamvijwpfsa/app.bsky.feed.post/3mimty233lk2v","did:plc:jfvgrrzwo4akgd76sjlbuuux","joanhussey1.bsky.social","analiliafornj.bsky.social"
"at://did:plc:q44mxlbs74xalvamvijwpfsa/app.bsky.feed.post/3mimty233lk2v","did:plc:etffrxgteybmtwqez4b7thla","gredmon.bsky.social","analiliafornj.bsky.social"
"at://did:plc:q44mxlbs74xalvamvijwpfsa/app.bsky.feed.post/3mimty233lk2v","did:plc:dt3tarozagtb6dleb5nqfvrn","freebklyn.bsky.social","analiliafornj.bsky.social"
"at://did:plc:q44mxlbs74xalvamvijwpfsa/app.bsky.feed.post/3mimty233lk2v","did:plc:cmdlxvff36e2swmd5jfmk4qi","southernspring.bsky.social","analiliafornj.bsky.social"
"at://did:plc:q44mxlbs74xalvamvijwpfsa/app.bsky.feed.post/3mimty233lk2v","did:plc:6vfrwm6cl2ygpqs3idurzahe","jausten.bsky.social","analiliafornj.bsky.social"
"at://did:plc:q44mxlbs74xalvamvijwpfsa/app.bsky.feed.post/3mimty233lk2v","did:plc:6ehnagtvdswvljz4cjjd3b6x","togetherwewin.bsky.social","analiliafornj.bsky.social"
"at://did:plc:q44mxlbs74xalvamvijwpfsa/app.bsky.feed.post/3mimty233lk2v","did:plc:4bqjodis26tb37orjalefzrj","takemusu.bsky.social","analiliafornj.bsky.social"
"at://did:plc:lczhmzpvkdo5vxcuznkbmcpa/app.bsky.feed.post/3mimtxgwyoc2r","did:plc:5acyhc6cma7blsg5l4cb7xir","skatingtomato.bsky.social","williameasley.bsky.social"
"at://did:plc:37p4jy6u4bb4qlngrrq73mpz/app.bsky.feed.post/3mimtqifc5c2q","did:plc:ymish2cceeemadafqlun32nn","mrelfakharany.bsky.social","olahzogby.bsky.social"
"at://did:plc:37p4jy6u4bb4qlngrrq73mpz/app.bsky.feed.post/3mimtqifc5c2q","did:plc:37p4jy6u4bb4qlngrrq73mpz","olahzogby.bsky.social","olahzogby.bsky.social"
"at://did:plc:2ox7dph42qnofzhmbwrg4jrm/app.bsky.feed.post/3mimtpplnns2t","did:plc:6klmwdnnzvguaz6eyjiag3em","anishgirl.bsky.social","chudes.bsky.social"
"at://did:plc:p66b7zkep57fp4rhrtktsdni/app.bsky.feed.post/3mimtp7h6cs2s","did:plc:zp5u3bvx7sqbkvivjtp6yjna","kirkmurphy.bsky.social","markhisted.org"
"at://did:plc:p66b7zkep57fp4rhrtktsdni/app.bsky.feed.post/3mimtp7h6cs2s","did:plc:zk6llzm2rufsjo7vzxah66mk","hechizante777.bsky.social","markhisted.org"
"at://did:plc:p66b7zkep57fp4rhrtktsdni/app.bsky.feed.post/3mimtp7h6cs2s","did:plc:y2om4tuhiq7lkmreyw2n3vwe","wtfjusthappened.bsky.social","markhisted.org"
"at://did:plc:p66b7zkep57fp4rhrtktsdni/app.bsky.feed.post/3mimtp7h6cs2s","did:plc:xgpzulgwbdehmur75if3xmxg","tkkc.bsky.social","markhisted.org"
"at://did:plc:p66b7zkep57fp4rhrtktsdni/app.bsky.feed.post/3mimtp7h6cs2s","did:plc:w7agzumnjwd72v4aslz4oyuq","riffle.bsky.social","markhisted.org"
"at://did:plc:p66b7zkep57fp4rhrtktsdni/app.bsky.feed.post/3mimtp7h6cs2s","did:plc:w4zx4r32e7dpyju35x2tzecx","nazrafel.bsky.social","markhisted.org"
"at://did:plc:p66b7zkep57fp4rhrtktsdni/app.bsky.feed.post/3mimtp7h6cs2s","did:plc:w3vvo5bz7rb7o4gwxsoi5dpf","janecragun.bsky.social","markhisted.org"
"at://did:plc:p66b7zkep57fp4rhrtktsdni/app.bsky.feed.post/3mimtp7h6cs2s","did:plc:ugao6jmmu6gq3pnnmeuvyqtc","ojelibom.bsky.social","markhisted.org"
"at://did:plc:p66b7zkep57fp4rhrtktsdni/app.bsky.feed.post/3mimtp7h6cs2s","did:plc:ud5nva6qxwdvpm7uwevfzeby","beagleantics.bsky.social","markhisted.org"
"at://did:plc:p66b7zkep57fp4rhrtktsdni/app.bsky.feed.post/3mimtp7h6cs2s","did:plc:u667bb3vgibegelbrralcbtx","carriejacobson.bsky.social","markhisted.org"
"at://did:plc:p66b7zkep57fp4rhrtktsdni/app.bsky.feed.post/3mimtp7h6cs2s","did:plc:txht45rhtsuctnfxeiylsi64","brandontbishop.bsky.social","markhisted.org"
"at://did:plc:p66b7zkep57fp4rhrtktsdni/app.bsky.feed.post/3mimtp7h6cs2s","did:plc:tvsqbraxhv5l5mztwtkueq5x","kimlanelaw.bsky.social","markhisted.org"
"at://did:plc:p66b7zkep57fp4rhrtktsdni/app.bsky.feed.post/3mimtp7h6cs2s","did:plc:tqi55uwklfsg4hbpoz54wfrg","vtmoderate.bsky.social","markhisted.org"
"at://did:plc:p66b7zkep57fp4rhrtktsdni/app.bsky.feed.post/3mimtp7h6cs2s","did:plc:t4vh6d7kdbfwf7ex6reah3vy","lngnstrt.bsky.social","markhisted.org"
"at://did:plc:p66b7zkep57fp4rhrtktsdni/app.bsky.feed.post/3mimtp7h6cs2s","did:plc:sy5r2cdfgj2pxcn5lj2uamyv","sheesaid757.bsky.social","markhisted.org"
"at://did:plc:p66b7zkep57fp4rhrtktsdni/app.bsky.feed.post/3mimtp7h6cs2s","did:plc:qrtnaog7u3tqe4dd6dybzyfa","boncraig.bsky.social","markhisted.org"
"at://did:plc:p66b7zkep57fp4rhrtktsdni/app.bsky.feed.post/3mimtp7h6cs2s","did:plc:pulquuxepmgmcsxp5fqyqhun","quietenough.bsky.social","markhisted.org"
"at://did:plc:p66b7zkep57fp4rhrtktsdni/app.bsky.feed.post/3mimtp7h6cs2s","did:plc:ptmzjgch5z2eb4dbm5eurq6p","jahiggins.bsky.social","markhisted.org"
"at://did:plc:p66b7zkep57fp4rhrtktsdni/app.bsky.feed.post/3mimtp7h6cs2s","did:plc:psi2l7atn3esf74r2fz3swkd","jjjk7.bsky.social","markhisted.org"
"at://did:plc:p66b7zkep57fp4rhrtktsdni/app.bsky.feed.post/3mimtp7h6cs2s","did:plc:pqlvthvwguqvowzq2e5me5to","t-s-sci.bsky.social","markhisted.org"
"at://did:plc:p66b7zkep57fp4rhrtktsdni/app.bsky.feed.post/3mimtp7h6cs2s","did:plc:ofnw757twhx5vk27mcr2sqan","lavlobster.northsky.social","markhisted.org"
"at://did:plc:p66b7zkep57fp4rhrtktsdni/app.bsky.feed.post/3mimtp7h6cs2s","did:plc:nvb5njceffrgqu37pxhvgzyz","raincatcher.bsky.social","markhisted.org"
"at://did:plc:p66b7zkep57fp4rhrtktsdni/app.bsky.feed.post/3mimtp7h6cs2s","did:plc:mmfdb5v7qmewy4znf7jylyhg","trenchologist.bsky.social","markhisted.org"
"at://did:plc:p66b7zkep57fp4rhrtktsdni/app.bsky.feed.post/3mimtp7h6cs2s","did:plc:mh776dqe35ssi2lbrk4sdvu3","johnmashey.bsky.social","markhisted.org"
"at://did:plc:p66b7zkep57fp4rhrtktsdni/app.bsky.feed.post/3mimtp7h6cs2s","did:plc:krape6kqv6jib3kaqskf7w2x","tahfromslc.bsky.social","markhisted.org"
"at://did:plc:znmbqt6jnsc52u363pxbf7yp/app.bsky.feed.post/3mimtna7fl22w","did:plc:vdyjczrlp5b55lxzse3vg2fo","smellydogzmom.bsky.social","truthseeker19.bsky.social"
"at://did:plc:znmbqt6jnsc52u363pxbf7yp/app.bsky.feed.post/3mimtna7fl22w","did:plc:mf2vlniz6akucbcngrzesq3m","pjmtkg.bsky.social","truthseeker19.bsky.social"
"at://did:plc:5lctkf2ta7e4haaz4pamrc3o/app.bsky.feed.post/3mimtknrkgs26","did:plc:lhowykthphkgjvqjh2jguv4e","madpussy.bsky.social","eringobraugh46.bsky.social"
"at://did:plc:tzh74kkpdt5anzz6yqnx3lzt/app.bsky.feed.post/3mimtg5lky22v","did:plc:vvs2qgvxft6secuwfcj745yo","silentscreatch.bsky.social","romanpiso.bsky.social"
"at://did:plc:tzh74kkpdt5anzz6yqnx3lzt/app.bsky.feed.post/3mimtg5lky22v","did:plc:uypdbcamn5kz7cumpdqmeeqb","kitchenquarantine.bsky.social","romanpiso.bsky.social"
"at://did:plc:tzh74kkpdt5anzz6yqnx3lzt/app.bsky.feed.post/3mimtg5lky22v","did:plc:tzh74kkpdt5anzz6yqnx3lzt","romanpiso.bsky.social","romanpiso.bsky.social"
"at://did:plc:tzh74kkpdt5anzz6yqnx3lzt/app.bsky.feed.post/3mimtg5lky22v","did:plc:n3jxw2gcvte4bgiarooeqwb7","hermes61.bsky.social","romanpiso.bsky.social"
"at://did:plc:tzh74kkpdt5anzz6yqnx3lzt/app.bsky.feed.post/3mimtg5lky22v","did:plc:ifcrewwz4g6oq73dcnp2m55b","wickthedick.bsky.social","romanpiso.bsky.social"
"at://did:plc:tzh74kkpdt5anzz6yqnx3lzt/app.bsky.feed.post/3mimtg5lky22v","did:plc:2jbfyiszraq445ll6rloxfx4","johnyhbar.bsky.social","romanpiso.bsky.social"
"at://did:plc:2ymu7fpalnqwdaiounrlzo32/app.bsky.feed.post/3mimte5dg422f","did:plc:6git6z4ube473bz3dep7s4ps","ldog562.bsky.social","writeright10.bsky.social"
"at://did:plc:qxwxmbcgzs3jxo7xsmh5nlwj/app.bsky.feed.post/3mimtcnqwes2w","did:plc:qxwxmbcgzs3jxo7xsmh5nlwj","qadishtujessica.inanna.app","qadishtujessica.inanna.app"
"at://did:plc:qxwxmbcgzs3jxo7xsmh5nlwj/app.bsky.feed.post/3mimtcnqwes2w","did:plc:fppnea4c3ex46esqj2j4lkzg","janee.bsky.social","qadishtujessica.inanna.app"
"at://did:plc:wk45xh4fuqyuaqwsv3itmt7u/app.bsky.feed.post/3mimtcc3zr22r","did:plc:vacpwrhaq4efsg7em2svau5j","annemiekvanmoorst.bsky.social","chrisjustice01.bsky.social"
"at://did:plc:wk45xh4fuqyuaqwsv3itmt7u/app.bsky.feed.post/3mimtcc3zr22r","did:plc:e4ksd45nrer7meqyobckwfhj","icyvr.bsky.social","chrisjustice01.bsky.social"
"at://did:plc:wk45xh4fuqyuaqwsv3itmt7u/app.bsky.feed.post/3mimtcc3zr22r","did:plc:cq2yzc5jc7anbmw4hhea5toh","fbpe.eu","chrisjustice01.bsky.social"
"at://did:plc:aunpu65mdrhwfie7ynymlzeh/app.bsky.feed.post/3mimt6r45du2z","did:plc:zc7t6j2o6whwhwyq362g3f7i","robert-parker.bsky.social","thebulwark.com"
"at://did:plc:aunpu65mdrhwfie7ynymlzeh/app.bsky.feed.post/3mimt6r45du2z","did:plc:yuws6g76qetdispafeif224c","nurseforlife.bsky.social","thebulwark.com"
"at://did:plc:aunpu65mdrhwfie7ynymlzeh/app.bsky.feed.post/3mimt6r45du2z","did:plc:ygptannusm74zh6wa3flu2j6","klusk.bsky.social","thebulwark.com"
"at://did:plc:aunpu65mdrhwfie7ynymlzeh/app.bsky.feed.post/3mimt6r45du2z","did:plc:x4i72wwlrzdm2jmbiyet2bmt","dummieyblondiey.bsky.social","thebulwark.com"
"at://did:plc:aunpu65mdrhwfie7ynymlzeh/app.bsky.feed.post/3mimt6r45du2z","did:plc:wr2piqui6zspon7f5aia4mjz","paulineach.bsky.social","thebulwark.com"
"at://did:plc:aunpu65mdrhwfie7ynymlzeh/app.bsky.feed.post/3mimt6r45du2z","did:plc:unfuvrp5vpiwmifpxy4765jv","peanut24.bsky.social","thebulwark.com"
"at://did:plc:aunpu65mdrhwfie7ynymlzeh/app.bsky.feed.post/3mimt6r45du2z","did:plc:rw2jkznlro6a7tneolj57pzl","cliffyboy25.bsky.social","thebulwark.com"
"at://did:plc:aunpu65mdrhwfie7ynymlzeh/app.bsky.feed.post/3mimt6r45du2z","did:plc:rvihfrvo7352fxieh7ge7wpy","miamifl.bsky.social","thebulwark.com"
"at://did:plc:aunpu65mdrhwfie7ynymlzeh/app.bsky.feed.post/3mimt6r45du2z","did:plc:qrtnaog7u3tqe4dd6dybzyfa","boncraig.bsky.social","thebulwark.com"
"at://did:plc:aunpu65mdrhwfie7ynymlzeh/app.bsky.feed.post/3mimt6r45du2z","did:plc:pm2qftdgq4fccjr6ryvpdhdh","thedojoyo.bsky.social","thebulwark.com"
"at://did:plc:aunpu65mdrhwfie7ynymlzeh/app.bsky.feed.post/3mimt6r45du2z","did:plc:pgadrhs5ivkstvcem7lx574i","donnasparklees.bsky.social","thebulwark.com"
"at://did:plc:aunpu65mdrhwfie7ynymlzeh/app.bsky.feed.post/3mimt6r45du2z","did:plc:p7r4ftougfvoqx2egigscmq6","mightyfineguy.bsky.social","thebulwark.com"
"at://did:plc:aunpu65mdrhwfie7ynymlzeh/app.bsky.feed.post/3mimt6r45du2z","did:plc:oxb3kmal3netfpfkgkxlragl","denisesf5.bsky.social","thebulwark.com"
"at://did:plc:aunpu65mdrhwfie7ynymlzeh/app.bsky.feed.post/3mimt6r45du2z","did:plc:nuzglh5p7rps6zlgv5f4gnwk","wishfulharmony.bsky.social","thebulwark.com"
"at://did:plc:aunpu65mdrhwfie7ynymlzeh/app.bsky.feed.post/3mimt6r45du2z","did:plc:ncvplq76zapi4nk45ykdlhgp","ronallen54.bsky.social","thebulwark.com"
"at://did:plc:aunpu65mdrhwfie7ynymlzeh/app.bsky.feed.post/3mimt6r45du2z","did:plc:mox72jp7puwfsppxwvkkb22w","munciecat.bsky.social","thebulwark.com"
"at://did:plc:aunpu65mdrhwfie7ynymlzeh/app.bsky.feed.post/3mimt6r45du2z","did:plc:lyi4jetsyonkh6annbutok67","paulallen2018.bsky.social","thebulwark.com"
"at://did:plc:aunpu65mdrhwfie7ynymlzeh/app.bsky.feed.post/3mimt6r45du2z","did:plc:ju2ymrakzqeo4qm2hvqembfz","jillehughes.bsky.social","thebulwark.com"
"at://did:plc:aunpu65mdrhwfie7ynymlzeh/app.bsky.feed.post/3mimt6r45du2z","did:plc:j423xyw2gkluc4pjbye37vfy","3jays.bsky.social","thebulwark.com"
"at://did:plc:aunpu65mdrhwfie7ynymlzeh/app.bsky.feed.post/3mimt6r45du2z","did:plc:ici2lxcvn3sv3digmghhe7fr","crystal159.bsky.social","thebulwark.com"
"at://did:plc:aunpu65mdrhwfie7ynymlzeh/app.bsky.feed.post/3mimt6r45du2z","did:plc:i33mwbcjc5sgiynvdzzc7wnj","gibbee13.bsky.social","thebulwark.com"
"at://did:plc:aunpu65mdrhwfie7ynymlzeh/app.bsky.feed.post/3mimt6r45du2z","did:plc:gcb6y5budheejngkwweqcv3z","waitingforrousseau.bsky.social","thebulwark.com"
"at://did:plc:aunpu65mdrhwfie7ynymlzeh/app.bsky.feed.post/3mimt6r45du2z","did:plc:fm72mgtw24jnmun7mwnbjyfv","growbabygrow.bsky.social","thebulwark.com"
"at://did:plc:aunpu65mdrhwfie7ynymlzeh/app.bsky.feed.post/3mimt6r45du2z","did:plc:djspejuslsjcp3iai3hnt5n6","oliviagoddess.bsky.social","thebulwark.com"
"at://did:plc:aunpu65mdrhwfie7ynymlzeh/app.bsky.feed.post/3mimt6r45du2z","did:plc:dbehjdlnyc67za7ml5nc4fw2","isjerrydeadyet.bsky.social","thebulwark.com"
"at://did:plc:rbzy3issuaqfwgorq22z67aw/app.bsky.feed.post/3mimswh33rs2e","did:plc:zv6q3ycmb5wgwzxafwvgmvlg","epickdani.bsky.social","merovingians.bsky.social"
"at://did:plc:rbzy3issuaqfwgorq22z67aw/app.bsky.feed.post/3mimswh33rs2e","did:plc:ztsua7f5l4boow22l625zium","beckya.bsky.social","merovingians.bsky.social"
"at://did:plc:rbzy3issuaqfwgorq22z67aw/app.bsky.feed.post/3mimswh33rs2e","did:plc:zp5o4wyctqg72aqdru5fiv4x","bradybutler.bsky.social","merovingians.bsky.social"
"at://did:plc:rbzy3issuaqfwgorq22z67aw/app.bsky.feed.post/3mimswh33rs2e","did:plc:zooovobddim5jwyniqltwzpo","silkandstone.itch.io","merovingians.bsky.social"
"at://did:plc:rbzy3issuaqfwgorq22z67aw/app.bsky.feed.post/3mimswh33rs2e","did:plc:zgbld7wlhbsfmbpim3525mhl","oulipien.bsky.social","merovingians.bsky.social"
"at://did:plc:rbzy3issuaqfwgorq22z67aw/app.bsky.feed.post/3mimswh33rs2e","did:plc:ymzyrklvlfnyuazgt4fc5i4s","rosecoloredgirl.bsky.social","merovingians.bsky.social"
"at://did:plc:rbzy3issuaqfwgorq22z67aw/app.bsky.feed.post/3mimswh33rs2e","did:plc:yj5viv5hso2ewnohbnoe3ryi","lucykwiatek.bsky.social","merovingians.bsky.social"
"at://did:plc:rbzy3issuaqfwgorq22z67aw/app.bsky.feed.post/3mimswh33rs2e","did:plc:xfjlu7iu6xl7uyi4wybbgx3z","djinnandtonic.bsky.social","merovingians.bsky.social"
"at://did:plc:rbzy3issuaqfwgorq22z67aw/app.bsky.feed.post/3mimswh33rs2e","did:plc:xetcuvheb7jn3pzm2bfg34my","atpm.bsky.social","merovingians.bsky.social"
"at://did:plc:rbzy3issuaqfwgorq22z67aw/app.bsky.feed.post/3mimswh33rs2e","did:plc:x4f52esrd6udsyqvv6mvimkh","thesoundings.bsky.social","merovingians.bsky.social"
"at://did:plc:rbzy3issuaqfwgorq22z67aw/app.bsky.feed.post/3mimswh33rs2e","did:plc:x25vux4qijov3yhdx5rq4uur","trypax.charityweb.net","merovingians.bsky.social"
"at://did:plc:rbzy3issuaqfwgorq22z67aw/app.bsky.feed.post/3mimswh33rs2e","did:plc:wwqltco5xmlj5fgjexugvupl","highlandsurfer.bsky.social","merovingians.bsky.social"
"at://did:plc:rbzy3issuaqfwgorq22z67aw/app.bsky.feed.post/3mimswh33rs2e","did:plc:woonkiddcjz3uai45e245s5d","darinmckenna.bsky.social","merovingians.bsky.social"
"at://did:plc:rbzy3issuaqfwgorq22z67aw/app.bsky.feed.post/3mimswh33rs2e","did:plc:wlnye2inqqyh2onzpr2qo5mh","katelynsills.com","merovingians.bsky.social"
"at://did:plc:rbzy3issuaqfwgorq22z67aw/app.bsky.feed.post/3mimswh33rs2e","did:plc:vszw3ess46odfhnzdsy4huae","segyges.bsky.social","merovingians.bsky.social"
"at://did:plc:rbzy3issuaqfwgorq22z67aw/app.bsky.feed.post/3mimswh33rs2e","did:plc:vhqugnjlbetilpna3xqe24ks","steveread.bsky.social","merovingians.bsky.social"
"at://did:plc:rbzy3issuaqfwgorq22z67aw/app.bsky.feed.post/3mimswh33rs2e","did:plc:ui2csijyfeyqudthqlhnpzdd","turtlemun.bsky.social","merovingians.bsky.social"
"at://did:plc:rbzy3issuaqfwgorq22z67aw/app.bsky.feed.post/3mimswh33rs2e","did:plc:uev36eqffqzdge2v35abxo4s","matt.giltaji.com","merovingians.bsky.social"
"at://did:plc:rbzy3issuaqfwgorq22z67aw/app.bsky.feed.post/3mimswh33rs2e","did:plc:u7l6co2v5gp2pwauncwutsba","shuabragg.bsky.social","merovingians.bsky.social"
"at://did:plc:rbzy3issuaqfwgorq22z67aw/app.bsky.feed.post/3mimswh33rs2e","did:plc:u5rlvu5qcs6okqd3o42kn3fm","gendergoblinhelen.bsky.social","merovingians.bsky.social"
"at://did:plc:rbzy3issuaqfwgorq22z67aw/app.bsky.feed.post/3mimswh33rs2e","did:plc:t24wfksfkzur23gxyxvvenla","patricksaxton.bsky.social","merovingians.bsky.social"
"at://did:plc:rbzy3issuaqfwgorq22z67aw/app.bsky.feed.post/3mimswh33rs2e","did:plc:sko2id6mcnl6mxxb3h34nvyi","jpgorman.bsky.social","merovingians.bsky.social"
"at://did:plc:rbzy3issuaqfwgorq22z67aw/app.bsky.feed.post/3mimswh33rs2e","did:plc:rrohxnsxija2c3rgso73gawp","davedette.bsky.social","merovingians.bsky.social"
"at://did:plc:rbzy3issuaqfwgorq22z67aw/app.bsky.feed.post/3mimswh33rs2e","did:plc:rjhfncv3jullmpawuic7dvbn","taffycats.bsky.social","merovingians.bsky.social"
"at://did:plc:rbzy3issuaqfwgorq22z67aw/app.bsky.feed.post/3mimswh33rs2e","did:plc:r5fohnmxgsbiktm5wxatfnwr","aidanrf98.bsky.social","merovingians.bsky.social"
"at://did:plc:rbzy3issuaqfwgorq22z67aw/app.bsky.feed.post/3mimswh33rs2e","did:plc:qfn3x6nciscqugwcwgmui7r5","brooklynxman.bsky.social","merovingians.bsky.social"
"at://did:plc:rbzy3issuaqfwgorq22z67aw/app.bsky.feed.post/3mimswh33rs2e","did:plc:ptwfknk5mn2c7mwpvjrfnoay","theophite.bsky.social","merovingians.bsky.social"
"at://did:plc:rbzy3issuaqfwgorq22z67aw/app.bsky.feed.post/3mimswh33rs2e","did:plc:pkct3ilanrl7yen63twrm37x","stylo.bsky.social","merovingians.bsky.social"
"at://did:plc:rbzy3issuaqfwgorq22z67aw/app.bsky.feed.post/3mimswh33rs2e","did:plc:pbd4u46scyeryciwq6uksj7p","thewomandalorian.bsky.social","merovingians.bsky.social"
"at://did:plc:rbzy3issuaqfwgorq22z67aw/app.bsky.feed.post/3mimswh33rs2e","did:plc:p5yoii26kayabauhkym3vtms","ryanlcooper.com","merovingians.bsky.social"
"at://did:plc:rbzy3issuaqfwgorq22z67aw/app.bsky.feed.post/3mimswh33rs2e","did:plc:nxmc4fnvdjrk77pgz3zwygyx","wallymcfly.bsky.social","merovingians.bsky.social"
"at://did:plc:rbzy3issuaqfwgorq22z67aw/app.bsky.feed.post/3mimswh33rs2e","did:plc:nwwjqgbolrjyz2v6mbleguw3","deadlyflowers.bsky.social","merovingians.bsky.social"
"at://did:plc:rbzy3issuaqfwgorq22z67aw/app.bsky.feed.post/3mimswh33rs2e","did:plc:nssbt7wocwcd3nabfbwahnyp","skarfs.bsky.social","merovingians.bsky.social"
"at://did:plc:rbzy3issuaqfwgorq22z67aw/app.bsky.feed.post/3mimswh33rs2e","did:plc:npi74rfbzjj56r6ru3e7gqqi","mirandapitcher.bsky.social","merovingians.bsky.social"
"at://did:plc:rbzy3issuaqfwgorq22z67aw/app.bsky.feed.post/3mimswh33rs2e","did:plc:nj5i2dsbccutuffn3flusdd4","picklesofthecanoe.bsky.social","merovingians.bsky.social"
"at://did:plc:rbzy3issuaqfwgorq22z67aw/app.bsky.feed.post/3mimswh33rs2e","did:plc:mknzue5ozmu4zpnggwu7mq3d","legalist217.bsky.social","merovingians.bsky.social"
"at://did:plc:rbzy3issuaqfwgorq22z67aw/app.bsky.feed.post/3mimswh33rs2e","did:plc:mjjnmsbykpa6ocpwtdkal65w","yourbestdefense.bsky.social","merovingians.bsky.social"
"at://did:plc:rbzy3issuaqfwgorq22z67aw/app.bsky.feed.post/3mimswh33rs2e","did:plc:lyoq4uqh2od3f37uqsinr3r6","pablumopus.bsky.social","merovingians.bsky.social"
"at://did:plc:rbzy3issuaqfwgorq22z67aw/app.bsky.feed.post/3mimswh33rs2e","did:plc:liqzlrfxpth26l6m5gecthzd","countanton.bsky.social","merovingians.bsky.social"
"at://did:plc:rbzy3issuaqfwgorq22z67aw/app.bsky.feed.post/3mimswh33rs2e","did:plc:lct2j3kohyx4fvswggh54zbi","magos-dominus.bsky.social","merovingians.bsky.social"
"at://did:plc:rbzy3issuaqfwgorq22z67aw/app.bsky.feed.post/3mimswh33rs2e","did:plc:lbxihaqtwysouwbaz66fxexd","amande232.bsky.social","merovingians.bsky.social"
"at://did:plc:rbzy3issuaqfwgorq22z67aw/app.bsky.feed.post/3mimswh33rs2e","did:plc:l44i6joylo4vxe5p5sptpbop","ottiliemulzet.bsky.social","merovingians.bsky.social"
"at://did:plc:rbzy3issuaqfwgorq22z67aw/app.bsky.feed.post/3mimswh33rs2e","did:plc:ke3sjingrvdup2sr2pkn5h7b","charles-sumner.bsky.social","merovingians.bsky.social"
"at://did:plc:rbzy3issuaqfwgorq22z67aw/app.bsky.feed.post/3mimswh33rs2e","did:plc:k66bsptqqykcxs6p4i6rt56v","theshawnmorris.bsky.social","merovingians.bsky.social"
"at://did:plc:rbzy3issuaqfwgorq22z67aw/app.bsky.feed.post/3mimswh33rs2e","did:plc:k4p4gxkwkyx2qudk2htdweuf","zvanjali.bsky.social","merovingians.bsky.social"
"at://did:plc:rbzy3issuaqfwgorq22z67aw/app.bsky.feed.post/3mimswh33rs2e","did:plc:k3l4z3ajtrzasymlcalyitlb","greenolivine.bsky.social","merovingians.bsky.social"
"at://did:plc:rbzy3issuaqfwgorq22z67aw/app.bsky.feed.post/3mimswh33rs2e","did:plc:k3fvuhqckmrnab6wpyvst6td","noahdeuce.bsky.social","merovingians.bsky.social"
"at://did:plc:rbzy3issuaqfwgorq22z67aw/app.bsky.feed.post/3mimswh33rs2e","did:plc:jp6o46mzdx75km7rupviq7s6","djmosfett.bsky.social","merovingians.bsky.social"
"at://did:plc:rbzy3issuaqfwgorq22z67aw/app.bsky.feed.post/3mimswh33rs2e","did:plc:iulqq37brtdyngbhpnzyk425","bekatedocrime.bsky.social","merovingians.bsky.social"
"at://did:plc:i6dwv6kjmogfirw4ltdgy6lp/app.bsky.feed.post/3mimsj6idg227","did:plc:zl7sc5n35b3igqx6qoynt56h","eclipzed.blacksky.app","globalextremism.bsky.social"
"at://did:plc:i6dwv6kjmogfirw4ltdgy6lp/app.bsky.feed.post/3mimsj6idg227","did:plc:vogeqovfvi3cizhiawylxvww","thorstenwojczewski.bsky.social","globalextremism.bsky.social"
"at://did:plc:i6dwv6kjmogfirw4ltdgy6lp/app.bsky.feed.post/3mimsj6idg227","did:plc:v4z7hs2c4yv37xx2i64s34rv","twodollars27cents.bsky.social","globalextremism.bsky.social"
"at://did:plc:i6dwv6kjmogfirw4ltdgy6lp/app.bsky.feed.post/3mimsj6idg227","did:plc:pv5pryywsrcz6lnn3trrmeb2","sergioborbolla.bsky.social","globalextremism.bsky.social"
"at://did:plc:i6dwv6kjmogfirw4ltdgy6lp/app.bsky.feed.post/3mimsj6idg227","did:plc:ici2lxcvn3sv3digmghhe7fr","crystal159.bsky.social","globalextremism.bsky.social"
"at://did:plc:i6dwv6kjmogfirw4ltdgy6lp/app.bsky.feed.post/3mimsj6idg227","did:plc:egl4mfr2njrr2br4vhya7yrf","judy-bug.bsky.social","globalextremism.bsky.social"
"at://did:plc:i6dwv6kjmogfirw4ltdgy6lp/app.bsky.feed.post/3mimsj6idg227","did:plc:bimjdt5eh5dmtsipwmexe4fw","globalcmrpt.bsky.social","globalextremism.bsky.social"
"at://did:plc:drjcxo7meyjhk3pbm2cmo6i5/app.bsky.feed.post/3mimshid2l22a","did:plc:ggjdgkhoxzobkincz35px6pf","hermionegingold.bsky.social","mdgarfinkel.bsky.social"
"at://did:plc:dhpbjmu3u75a7o5bqjvezlex/app.bsky.feed.post/3mimsfxkh6z2n","did:plc:fcdpxqgdeqmy7ihn57f6htli","carolinemcmahon.bsky.social","trumpwatch.bsky.social"
"at://did:plc:h7fcxq6223zhow4fpiok3apn/app.bsky.feed.post/3mimrr5kwek2a","did:plc:zzba6vpndxwlyhhcmztgxgsu","huggybare.bsky.social","dianemarie.bsky.social"
"at://did:plc:h7fcxq6223zhow4fpiok3apn/app.bsky.feed.post/3mimrr5kwek2a","did:plc:zyrizy2wybz5pxtfrl6utnnr","carlsbaddave.bsky.social","dianemarie.bsky.social"
"at://did:plc:h7fcxq6223zhow4fpiok3apn/app.bsky.feed.post/3mimrr5kwek2a","did:plc:zqkez5quxz6ssv4me2woryrv","stsuous.bsky.social","dianemarie.bsky.social"
"at://did:plc:h7fcxq6223zhow4fpiok3apn/app.bsky.feed.post/3mimrr5kwek2a","did:plc:zmtifplkbjpoajjvzhgofwe6","kathleenwester.bsky.social","dianemarie.bsky.social"
"at://did:plc:h7fcxq6223zhow4fpiok3apn/app.bsky.feed.post/3mimrr5kwek2a","did:plc:zjqheyqk2z5orevbetauwq6t","sharonls.bsky.social","dianemarie.bsky.social"
"at://did:plc:h7fcxq6223zhow4fpiok3apn/app.bsky.feed.post/3mimrr5kwek2a","did:plc:ziyu3wp6zbzhoqce2ro6wnha","juliadilliard.bsky.social","dianemarie.bsky.social"
"at://did:plc:h7fcxq6223zhow4fpiok3apn/app.bsky.feed.post/3mimrr5kwek2a","did:plc:zgxffu3cmvnqtvrzufcp5u6k","jhernandez712.bsky.social","dianemarie.bsky.social"
"at://did:plc:h7fcxq6223zhow4fpiok3apn/app.bsky.feed.post/3mimrr5kwek2a","did:plc:zgkyjnpsjyyk5vxiulztsdmp","terrykup55.bsky.social","dianemarie.bsky.social"
"at://did:plc:h7fcxq6223zhow4fpiok3apn/app.bsky.feed.post/3mimrr5kwek2a","did:plc:zfigq4iu47ose45toi4p3biu","dmayoraru.bsky.social","dianemarie.bsky.social"
"at://did:plc:h7fcxq6223zhow4fpiok3apn/app.bsky.feed.post/3mimrr5kwek2a","did:plc:zb643i7mkqnuktlqlibvtklq","suzanne137.bsky.social","dianemarie.bsky.social"
"at://did:plc:h7fcxq6223zhow4fpiok3apn/app.bsky.feed.post/3mimrr5kwek2a","did:plc:yxapxhsxxcfsg2dvhrakxipc","carpenter22.bsky.social","dianemarie.bsky.social"
"at://did:plc:h7fcxq6223zhow4fpiok3apn/app.bsky.feed.post/3mimrr5kwek2a","did:plc:yw32pw63qo6ikfkmbx2dgsgg","garyfoskett.bsky.social","dianemarie.bsky.social"
"at://did:plc:h7fcxq6223zhow4fpiok3apn/app.bsky.feed.post/3mimrr5kwek2a","did:plc:yqgujsoubxrltkynkxqww576","shart.blog","dianemarie.bsky.social"
"at://did:plc:h7fcxq6223zhow4fpiok3apn/app.bsky.feed.post/3mimrr5kwek2a","did:plc:ykvfxsnswr6rcwdbwocwqajt","anniegirl.bsky.social","dianemarie.bsky.social"
"at://did:plc:h7fcxq6223zhow4fpiok3apn/app.bsky.feed.post/3mimrr5kwek2a","did:plc:yjg6z6vxfbhuadj6k7dl745s","mermaid1566.bsky.social","dianemarie.bsky.social"
"at://did:plc:h7fcxq6223zhow4fpiok3apn/app.bsky.feed.post/3mimrr5kwek2a","did:plc:yiykf4gzuc7ofsnvmdmee5kz","hope50.bsky.social","dianemarie.bsky.social"
"at://did:plc:h7fcxq6223zhow4fpiok3apn/app.bsky.feed.post/3mimrr5kwek2a","did:plc:yihy2rcoxx3e7jhlqlpksubl","1strangeland.bsky.social","dianemarie.bsky.social"
"at://did:plc:h7fcxq6223zhow4fpiok3apn/app.bsky.feed.post/3mimrr5kwek2a","did:plc:ye4fqsnmhtkby4it4xv2duoi","paulyyc.bsky.social","dianemarie.bsky.social"
"at://did:plc:h7fcxq6223zhow4fpiok3apn/app.bsky.feed.post/3mimrr5kwek2a","did:plc:yco3rugmmperwwzebpxldhro","westcoastwoman.bsky.social","dianemarie.bsky.social"
"at://did:plc:h7fcxq6223zhow4fpiok3apn/app.bsky.feed.post/3mimrr5kwek2a","did:plc:ycdshfsnfrmev7qwwnyxaoex","everyripple.bsky.social","dianemarie.bsky.social"
"at://did:plc:h7fcxq6223zhow4fpiok3apn/app.bsky.feed.post/3mimrr5kwek2a","did:plc:y6zqym66fu7eow23wfb5egld","eddiegranger.bsky.social","dianemarie.bsky.social"
"at://did:plc:h7fcxq6223zhow4fpiok3apn/app.bsky.feed.post/3mimrr5kwek2a","did:plc:y5rrr35emxweolhildhrjlpc","2nd2theleft.bsky.social","dianemarie.bsky.social"
"at://did:plc:h7fcxq6223zhow4fpiok3apn/app.bsky.feed.post/3mimrr5kwek2a","did:plc:y3avmzjcc3mzm33lqohypzda","mama1020.bsky.social","dianemarie.bsky.social"
"at://did:plc:h7fcxq6223zhow4fpiok3apn/app.bsky.feed.post/3mimrr5kwek2a","did:plc:y32m3ao4fafrlvd7hio4fouf","dghowery.bsky.social","dianemarie.bsky.social"
"at://did:plc:h7fcxq6223zhow4fpiok3apn/app.bsky.feed.post/3mimrr5kwek2a","did:plc:y2om4tuhiq7lkmreyw2n3vwe","wtfjusthappened.bsky.social","dianemarie.bsky.social"
"at://did:plc:vbvng765alzjha4b7t2gvouq/app.bsky.feed.post/3mimr5yjwa22j","did:plc:vbvng765alzjha4b7t2gvouq","silvermoonbeam.bsky.social","silvermoonbeam.bsky.social"
"at://did:plc:kd4cyu4rpkgjbym3gckhrivz/app.bsky.feed.post/3mimqucxgg227","did:plc:zk2rzpv2kgfxvfgib3elx3oo","gbama11.medsky.social","charlesgaba.com"
"at://did:plc:kd4cyu4rpkgjbym3gckhrivz/app.bsky.feed.post/3mimqucxgg227","did:plc:zewtykbu4zbcy4esyzziuhfn","muddywater1.bsky.social","charlesgaba.com"
"at://did:plc:kd4cyu4rpkgjbym3gckhrivz/app.bsky.feed.post/3mimqucxgg227","did:plc:st535ku3pt3iqhksgcwtvfvq","kerravon.bsky.social","charlesgaba.com"
"at://did:plc:kd4cyu4rpkgjbym3gckhrivz/app.bsky.feed.post/3mimqucxgg227","did:plc:kd4cyu4rpkgjbym3gckhrivz","charlesgaba.com","charlesgaba.com"
"at://did:plc:kd4cyu4rpkgjbym3gckhrivz/app.bsky.feed.post/3mimqucxgg227","did:plc:evogxxjdimdvge7jh47m6u4r","supersaiyan95.bsky.social","charlesgaba.com"
"at://did:plc:kd4cyu4rpkgjbym3gckhrivz/app.bsky.feed.post/3mimqucxgg227","did:plc:cwl4twh7oqzdx2kulkz7dp6y","elains.bsky.social","charlesgaba.com"
"at://did:plc:llfwlearka67w5ju3dec2oru/app.bsky.feed.post/3mimqrnvqo22l","did:plc:xnpc3y53thtefvyhysz6wlsc","adamfulawka.bsky.social","mathas.bsky.social"
"at://did:plc:llfwlearka67w5ju3dec2oru/app.bsky.feed.post/3mimqrnvqo22l","did:plc:jhm5k7jybt6n4zoxlwkmu57t","wafifi.bsky.social","mathas.bsky.social"
