"uri","author_handle","author_name","text","repost_count","like_count","followers_count","relevance","sentiment_score","sentiment","indexed_at"
"at://did:plc:kdklc3ftxq2zjrnc3kifm4mq/app.bsky.feed.post/3mimuwg7q5k26","polyinkc.bsky.social","polyinkc","Does anyone NOT understand how Trump managed to bankrupt casinos?

Anyone?? ..... anyone??",0,0,2013,1,-5.14850508831938,"negative",2026-04-03 23:31:54.16
"at://did:plc:pak3r4f5v4zu4jzo772y2iep/app.bsky.feed.post/3mimmldqq622c","mattmcneilshow.bsky.social","Matt McNeil Show","Children, the elderly, the disabled, and pretty much all Americans making less than 200K will pay for Trump’s war, not including gas prices and massive inflation. 

Way to screw yourself over Trump Voters! minnesotareformer.com/2026/04/03/r...",1,9,34065,1,-21.9717703598149,"negative",2026-04-03 21:02:38.658
"at://did:plc:llyib2qojznvswvelaiakjfp/app.bsky.feed.post/3miluy2i5yx27","market-ocean-en.bsky.social","marketocean - EN - BETA VERSION","Kevin Dowd's recent call for $10,000 gold and his declaration that the credit market ""is starting to end the party"" landed in the same week that March payrolls shocked forecasters, surging by 178,000—the strongest reading since 2024—while unemployment ticked",0,0,1316,1,-7.66977938227825,"negative",2026-04-03 14:00:07.26
"at://did:plc:h7fcxq6223zhow4fpiok3apn/app.bsky.feed.post/3mimrr5kwek2a","dianemarie.bsky.social","Diane Marie 🇨🇦","When churches host/support this kind of deranged political crap, it's time to end their tax-free status. Similarly, end taxpayer support of separate schools, private schools, and religious charter schools. They are hothouses of hate and division. #cdnpoli #abpoli 
thetyee.ca/Analysis/202...",385,902,3172,1,-6.51232659358721,"negative",2026-04-03 22:35:17.152
"at://did:plc:ymmcdsguuqnsoanaxklxvz7a/app.bsky.feed.post/3migtmtzagc2f","chazzy22.bsky.social","","OUR TAX DOLLARS ARE FUNDING TRUMP’S GOLF GAME WHILE HE ALSO STEALS BILLIONS. www.instagram.com/p/DWg_zWHkZ4...",0,0,364,1,-7.71345444578091,"negative",2026-04-01 13:52:40.954
"at://did:plc:ign2srfqhn3ctchuuziqhngr/app.bsky.feed.post/3mimvjpceq22x","esteraxiom.mom","Ester Axiom 💫","she was absolutely right and being able to identify it so ""early"" (it wasn't early to people in the know) made her very qualified to the changing political climate.

not to say I agree with that woman's general attitudes, but she knew the deplorables were coming.",1,14,379,1,-22.3175355884686,"negative",2026-04-03 23:42:40.551
"at://did:plc:xpx5jtap4y6mpp3rxjfwjv7b/app.bsky.feed.post/3mimwftatj22b","chipcroft.bsky.social","","Hard NO! After she lost she didn't take the lead in going after Trump. She stayed in the shadows till she came out to promote her fucking book! AOC, Newsom, Kelly have been way more active and fought harder. Have personal experience with her in SoCal; can tell you she's just a political opportunist.",0,1,1478,1,-17.709170511584,"negative",2026-04-03 23:58:23.85
"at://did:plc:jvtv4iokurouryog6xi72jco/app.bsky.feed.post/3milwc7gr5c2y","markvmd.bsky.social","Mark Vossler, MD (he/him)","The US is currently blowing $1billion per day on a war with ill defined strategic goals that has resulted in combatant & civilian casualties, an energy crisis, rampant global inflation, and an increase in funds flowing to a tyrannical regime that remains in place. 1/",2,4,2782,1,-13.4579030053682,"negative",2026-04-03 14:23:42.258
"at://did:plc:tcdsocymodbjw566dplajnyk/app.bsky.feed.post/3milwdqihmc2n","rondasmystic.bsky.social","Daily Doze of Ronda 💫","U.S. economy adds 178,000 jobs in March, more than expected; unemployment rate drops to 4.3%

ground.news/article/us-e...",0,0,5724,1,-1.08233140306397,"negative",2026-04-03 14:24:33.659
"at://did:plc:65yv35ea3cozxeeounvgyyxn/app.bsky.feed.post/3mijmgtd3os2x","belcantolaura.bsky.social","Laura Dachenbach","As much as I want to do something about all of those things, defense spending is not actually that much: like 13% of total federal budget share and about 3% of GDP. You could cover daycare and probably do something about the housing crisis, but not Medicaid. Medicaid is a massive amount of money.",2,2,66,1,-18.4123680279974,"negative",2026-04-02 16:22:00.96
"at://did:plc:eudu43jtzn75egnhcgugrsoj/app.bsky.feed.post/3mimqxmeys374","csilverandgold.bsky.social","The Fact of Other Minds Stan Account","But the correct intuition normal voters have of “this is a rich country why can’t we just take the money from rich people and pay for it” is what creates the *political* problem I intended to highlight.",0,2,7669,1,-11.5016175452112,"negative",2026-04-03 22:20:57.323
"at://did:plc:maiw2rfujepnphhrejytvuu5/app.bsky.feed.post/3mimjogkq7s2l","qjurecic.bsky.social","Quinta Jurecic","This is an incredible resource if you're following the ongoing immigration habeas disaster",43,109,86684,1,1.60064516048612,"positive",2026-04-03 20:10:33.152
"at://did:plc:o7547pefasi2h5z3teg5f7ry/app.bsky.feed.post/3mif5xuhn4c2j","diva.zone","blow 🦇","another space mission being launched to the moon whilst there's a housing crisis and cost of living crisis... make it make sense",1,1,1115,1,-15.3239263563391,"negative",2026-03-31 21:52:27.052
"at://did:plc:4emei466s7hjqxogzx5hqhke/app.bsky.feed.post/3mimp5urs522c","alangrofield.bsky.social","Alan Grofield","Probably need to throw in immigration hawkishness and anti-trans zealotry to really just run the table",0,0,1087,1,-5.77711374774175,"negative",2026-04-03 21:48:40.155
"at://did:plc:oq4ri2q4l733g2ykub7bahpc/app.bsky.feed.post/3mimn3bblzk22","mumbly-joe.bsky.social","More like I-ACK","Seriously I do not want to be on a social media site where segregationists and apologists for the Klan's immigration/suffrage positions feel welcome",2,6,4216,1,-12.0278608927798,"negative",2026-04-03 21:11:24.963
"at://did:plc:5hxo44psocr5whuhyn4wjqzj/app.bsky.feed.post/3mie7th5oos2i","antonyillahiwarren.bsky.social","Tony","#VoteGreen to end the housing crisis.",9,20,2692,1,-4.15525331530909,"negative",2026-03-31 12:53:09.866
"at://did:plc:kzx2gue7w3oiiy6mv3se3jfm/app.bsky.feed.post/3mimv33n24222","elnarez.bsky.social","Attend The Tale Of ElNarez","what if every single political flashpoint of the last fifteen years was undergirded by manipulation and fraud, what if the rise of international fascism was done against the will of most people on the planet",0,3,626,1,-18.6154109076046,"negative",2026-04-03 23:34:30.157
"at://did:plc:t5rhwsfwzw73quefjwqnefr4/app.bsky.feed.post/3mimjyfmpx22y","largegecko.bsky.social","TheLargeGecko","So I wanted to post inflation art of my goieta I got for a ych, the ych was form @blimpyliodile.bsky.social  #furry #inflation #goieta #Helluvaboss #oc",8,52,197,1,-5.53376748911002,"negative",2026-04-03 20:16:11.762
"at://did:plc:eudu43jtzn75egnhcgugrsoj/app.bsky.feed.post/3mimbqw7q6pph","csilverandgold.bsky.social","The Fact of Other Minds Stan Account","Once you understand the cognitive load / expectations piece you both understand why the explanations about how wages kept up with inflation fall flat (to say nothing of winners and losers in that distribution) and why the political responses were off-target. They didn’t address the real problem.",0,3,7669,1,-8.79916332961312,"negative",2026-04-03 17:48:46.561
"at://did:plc:tagzypuchlq5q2vrvqluedou/app.bsky.feed.post/3mimrlytdws2z","ianmastersmedia.bsky.social","Background Briefing with Ian Masters","Trump delivers a lackluster victory speech, claiming success in a war set to end soon without clear gains. @democracyprof.bsky.social, professor of political science at Brown University, joins us to discuss this and more.

soundcloud.com/user-8304426...",0,1,1343,1,-21.4178525929941,"negative",2026-04-03 22:32:25.757
"at://did:plc:rlqeiiyrxigl6cxc7pcplc5v/app.bsky.feed.post/3mimpleeijc26","hickenlooper.bsky.social","John Hickenlooper","As governor, we created the law to stop local police from sharing people’s immigration status with agencies like ICE so they could target Coloradans.",1,4,9891,1,-3.91076542152262,"negative",2026-04-03 21:56:13.377
"at://did:plc:m4bpkdk3x6wf5jy7ajfkqzc4/app.bsky.feed.post/3mimkaydat22b","pretenditsasociety.bsky.social","","So we now are getting political/ election gerrymandering , U.S. style private health care, book bans and teachers being policed, government controlled ice style police , higher taxes to go with highest utility and insurance rates and bigoted immigration policy ?",0,0,1012,1,-19.4268220086583,"negative",2026-04-03 20:20:55.755
"at://did:plc:govczfadiqybl5lihpfhviis/app.bsky.feed.post/3mimkyegbnk25","jcollins.bsky.social","Jon Collins","Federal officials have said “Operation Metro Surge” targeted the “worst of the worst,” citing immigrants who were convicted of crimes. But the data shows that just 1 in 3 of those deported from Minnesota had either criminal convictions or pending criminal charges. (6) www.mprnews.org/story/2026/0...",14,23,11482,1,-15.2059147231278,"negative",2026-04-03 20:34:01.78
"at://did:plc:hmmveeuabov5qcxy6ejgxxw5/app.bsky.feed.post/3mimucdl7p22c","miketherealist.bsky.social",NA,"You can do everything in you power Trump war fraud immigration lie cheat steal tank the economy take away food stamps Medicare child care day care library education etc ………

WHAT ABOUT THOSE GAADAMN EPSTEIN FILES WHICH IS THE REASON FOR ALL THE BULLSHIT YOU DOING TO DISTRACT EVERYONE",0,1,3060,1,-17.599896096605,"negative",2026-04-03 23:20:39.554
"at://did:plc:yjzeyrkrq5z35cojg42dxhnx/app.bsky.feed.post/3milfb3eqgs2r","thecrimsonsking.bsky.social","The crimson king","Oil goes up.  
Food goes up.  
Fuel goes up.  

But wages?  
Stay exactly where they are.  

Funny how that works.",0,0,42,1,-12.0923994139174,"negative",2026-04-03 09:18:52.949
"at://did:plc:ecpaxm553okgh65ountlauen/app.bsky.feed.post/3mimjccvqb22j","jimlo-hi.bsky.social","JIM","Read ""Republicans applaud immigrant detention — until it’s in their back yards"" on SmartNews: l.smartnews.com/p-7sTpeVxK/9...",0,0,7017,1,-4.46778042775799,"negative",2026-04-03 20:03:50.949
"at://did:plc:drpp7jxpl3ojz2m3pon2zdpq/app.bsky.feed.post/3mimvrz6cn22c","parforthecourse1.bsky.social","Charlie💙🌊GOP Fascist B**tards Destroys Life Itself","Watching the strange spectacle of Trump committing political suicide
open.substack.com/pub/diplomat...",1,1,5765,1,-8.35733057733408,"negative",2026-04-03 23:47:20.751
"at://did:plc:jiyblfuwanx62jhk3nxwaf26/app.bsky.feed.post/3mimt25m4qc2e","hankusmc.bsky.social","Hank","They are attempting to destroy our military leadership and  traditions and reform a tremendously successful military into a political machine along the lines of what Russia's military has become. Our national leadership is made up of a gaggle of incompetent fools. We are being governed by idiots.",0,1,1376,1,-15.994372083492,"negative",2026-04-03 22:58:10.36
"at://did:plc:mt6hfuqebvp4wbjwowsk4xnq/app.bsky.feed.post/3milcdkxxnc2y","loriagne.bsky.social","","Defense Secretary Pete Hegseth removes top general from Army as US wages war in Iran",0,0,1943,1,-14.7965357156985,"negative",2026-04-03 08:26:32.748
"at://did:plc:lrti4fvhbxgrvk4deyt6pwgk/app.bsky.feed.post/3miggc475qc2p","generalboles.bsky.social","General Boles","If only someone had thought of this, say about 13 years ago www.theguardian.com/world/2026/a...",5,19,13580,1,-2.84591999532533,"negative",2026-04-01 09:54:05.55
"at://did:plc:ekkminfdc3dsujukcpgsf45m/app.bsky.feed.post/3mim7isnzmc25","austinmaine.bsky.social","Austin","I've been trying to stick to a strict budget while grocery shopping due to rising costs. The latest item to be cut from my shopping list? Orange juice. Can't believe how expensive that's gotten...

#money #economy #inflation",0,3,2945,1,-14.6416004144108,"negative",2026-04-03 17:08:25.957
"at://did:plc:mpwvjhczhy7p573edecbikbf/app.bsky.feed.post/3mimhaz6u3s2p","mcraewrites.bsky.social","McRaeWrites","Makes me laugh that the same Southerners who were okay just before 1850 with Americans moving to Mexican Texas & then basically overthrowing the government for US War & Annexation are so anti-immigration now.

Fuckin' rascist white hypocrite imbeciles, the whole Yank country & history.",0,0,1336,1,-12.8588223338473,"negative",2026-04-03 19:27:15.257
"at://did:plc:wrspnws562t54iu3jf4lmhvl/app.bsky.feed.post/3milnkb4ewc25","justplainbob.bsky.social","Robert Moffitt","It takes a few months before we get a clear picture of how we are doing in Minnesota. Not as good as before, it turns out. www.mprnews.org/story/2026/0...",0,1,1219,1,-6.42943893378144,"negative",2026-04-03 11:47:12.954
"at://did:plc:4ny3iz7g4g23a3nbimi56pud/app.bsky.feed.post/3miknayuitk2p","disasterchief.bsky.social","DisasterCheif","Oklahoma government be like, 'We can't put you on unemployment until you get a job because you might be a useless eater but we can leak your social security number'",1,2,74,1,-13.0492835427568,"negative",2026-04-03 02:09:18.251
"at://did:plc:djq7w3fzdvnsnugcafl5brj3/app.bsky.feed.post/3mimr6vj2722n","statereptenorio.bsky.social","Rep. Angelito Tenorio","It was great being at the West Allis Workers vs Corporate Power event where we honored UAW Local 248 and the workers who fought for dignity, fair wages, and safer workplaces. We stand on their shoulders. It was incredible to see our community show up and carry the union’s legacy forward!",0,1,339,1,-7.68665625262619,"negative",2026-04-03 22:25:04.854
"at://did:plc:ovnzu2ezmklbf4kwjdklxzz5/app.bsky.feed.post/3millwhxxqk25","shiralee.bsky.social","Incognita Nom de Plume","So you will just keep supporting it? Providing weapons and finances from your tax dollars. knowing they are being used to murder  innocents whilst your govt pretends you can’t afford social security like health, education, childcare, unemployment benefits? 

You get what you’re willing to fight for.",0,0,4938,1,-30.0288241297035,"negative",2026-04-03 11:18:14.951
"at://did:plc:3wmoziw5smrn6r772rg4lxbf/app.bsky.feed.post/3miltehi25s2f","danielzhao.bsky.social","Daniel Zhao","The unemployment rate improved in March for Black (-0.6pp), Hispanic/Latino (-0.4pp), Asian (-1.1pp) & white (-0.1pp) workers.

For Black & Asian workers, this was married with a slight decline in labor force participation in March.

8/",0,1,3798,1,1.31296308803434,"positive",2026-04-03 13:31:20.459
"at://did:plc:lfn6ada2k5rlihieleouwf3g/app.bsky.feed.post/3mim7gmar4k2y","matthewconnatser.net","Matthew Connatser","For fun I compared my latest electricity bill to the one from last year, and per watt I'm paying at least 10% more. The only reason why I'm paying about the same is because I'm using less power, maybe because of better insulation and because I got rid of my desktop. Inflation at 3% my ass.",0,2,810,1,-12.3406166027837,"negative",2026-04-03 17:07:15.848
"at://did:plc:q77c2cf3uhhpohczviuirouc/app.bsky.feed.post/3miliajgotk22","msmum.bsky.social","","The Iran war is making everything more expensive for us, but some companies are cashing in. Don't think that's right? Sign the petition now demanding they are taxed more on their record profits to help us all with the cost of living. you.38degrees.org.uk/petitions/ra...",0,0,14,1,-50.5839688228109,"negative",2026-04-03 10:12:19.355
"at://did:plc:36j3kkjovahthadtn5foriot/app.bsky.feed.post/3midx3tpwps2w","grimflandango.bsky.social","Grim Flandango","I dunno, I’m nowhere near an expert, but I feel like one aspect of the housing affordability crisis is that it’s considered unthinkable to suggest housing is so critical to a functioning society that maybe people shouldn’t be aiming for obscene profits off it.",0,2,1986,1,-16.4437408526579,"negative",2026-03-31 10:16:44.554
"at://did:plc:qeev77536iocu54khkfan5pb/app.bsky.feed.post/3mik6piue2c2c","smomotion.tv","Smo - Screaming for vengeance","Very tired of NYC Developers decrying a housing crisis then building a 50 story tower to house rich people who are moving from one stable living situation to another. Not people who need shelter.

Just say what you are doing stop pretending it is some altruistic venture. 

You are a cartoon villain.",0,6,840,1,-16.066194334234,"negative",2026-04-02 21:48:58.55
"at://did:plc:w4zxypgjlqp3ml45awcpwzjt/app.bsky.feed.post/3mimvmia2as2v","coollady.bsky.social","New York Party Woman","Oh sure let me just ""Create a positive political culture,"" and ""engage with society in constructive and meaningful ways."" lol.",0,1,86,1,-15.8120505266981,"negative",2026-04-03 23:44:14.85
"at://did:plc:ololcfud76ttofh6opcc2cwo/app.bsky.feed.post/3milw5uxr5k2o","bantayanpress.bsky.social","Bantayan Press","This follows the guidelines of Labor Advisory No. 05, Series of 2026, or the  payment of wages for regular holidays on Maundy Thursday (April 2), Good Friday (April 3), April 9 (Day of Labor), and April 4 a special non-working holiday (Black Saturday).",0,0,11,1,-7.58129573696836,"negative",2026-04-03 14:21:19.785
"at://did:plc:chaaqaufhdbknt5ivcyzb4ws/app.bsky.feed.post/3mf62ilk76k2a","cbuscitycouncil.bsky.social","Columbus City Council","$500 million is a significant investment approved by Columbus voters—and it comes with a responsibility to make every dollar count. Following last week's affordable housing bond hearing, where community members shared their feedback, we’re sharing insights from our recent housing survey.",1,0,165,1,-15.0644151608541,"negative",NA
"at://did:plc:wwkenit4pfxmnykbywxzjokq/app.bsky.feed.post/3mimejdgz3k2l","fancifulily.bsky.social","lilya 🌿 || faustkisser!!","to clarify we have raises in prices like every week cuz of inflation but 25% is really a lot bruh what the helly",0,4,195,1,-8.49313211849314,"negative",2026-04-03 18:38:13.75
"at://did:plc:sthu55iz3mchbjxh2njss5gy/app.bsky.feed.post/3mimi5ctylc2n","empressam.bsky.social","","The Iran war is making everything more expensive for us, but some companies are cashing in. Do you think that's right? 🤬 Sign the petition now demanding they are taxed more on their record profits to help us all with the cost of living. you.38degrees.org.uk/petitions/ra...",0,0,1209,1,-48.4439026593147,"negative",2026-04-03 19:43:10.457
"at://did:plc:427byf5a42udtjumwjwz5sey/app.bsky.feed.post/3mihgzzuq5s2s","joshuaholland.bsky.social","Joshua Holland","And how is consumer spending, which keeps the whole casino afloat, supposed to go with a housing crisis, sky high grocery prices and $5 gas?",1,10,24816,1,-11.6099732646731,"negative",2026-04-01 19:40:05.582
"at://did:plc:xvuyjzujoozlutnoascgjgtm/app.bsky.feed.post/3mij32ffda22b","pete-cookson.bsky.social","Pete Cookson","""Between 2019 and 2023, the lowest-earning 20% of households had to spend an extra 96% for the bare necessities of food, housing, transport and energy...'

www.theguardian.com/commentisfre...",0,0,256,1,-4.74303998021121,"negative",2026-04-02 11:10:51.35
"at://did:plc:ifjzre4ns2ymsp5gtl4niy7s/app.bsky.feed.post/3milslync522u","lonevoice.bsky.social","","This is incredible. Knowing nothing about the Department of Labor, I wonder whether these numbers are credible or ...

finance.yahoo.com/economy/arti...",0,0,231,1,-2.27055585042177,"negative",2026-04-03 13:17:37.455
"at://did:plc:3su2agky7a67ufheiundm5oi/app.bsky.feed.post/3mimti5sjrc2e","laprofmme.bsky.social","Laprofmme","The Biden administration knew it. Thanks to solar panels subsidized by the Inflation Reduction Act and Solarize Virginia, my house produces 2-4 times the electricity it consumes on a normal day and my electric bill is only $8.38 per month, the minimum fee to maintain connection to the grid",0,10,4440,1,-14.7314567435326,"negative",2026-04-03 23:06:00.053
"at://did:plc:2bg4co45g3xnxg4t2sndqwae/app.bsky.feed.post/3mimrnd7t622i","dan-d-land.bsky.social","MaPauvreTete","Free link to an amazing story about this brave congresswoman who put her body on the line to find out -in early 2025 - what ICE was doing.

""House ethics rules dictate that she cannot accept any pro bono legal help.""

*Now* the House has ethics rules. Since when? JFC

www.nytimes.com/2026/04/03/u...",2,4,1620,1,-11.3124694539228,"negative",2026-04-03 22:33:08.553
"at://did:plc:a5nzxoheaq3k7s4hmwgjl4xh/app.bsky.feed.post/3miltfpzesk2h","olderspicier.bsky.social","Becoming spicier the older I get","Is there anyone who believes this number? It’s a typical Trump tactic to throw out a number much higher than reality.
Guesses on what it’s revised to?

US employment growth rebounded in March; unemployment rate falls to 4.3% - www.reuters.com/world/us/us-...",0,1,7151,1,-8.17240823884006,"negative",2026-04-03 13:31:59.758
"at://did:plc:wz53lfstn4yqwevqar5eolvh/app.bsky.feed.post/3milvyefjjs2n","moonmama67.bsky.social","MoonMama","But the march numbers!  Haven’t you heard?  178000 jobs added. Unemployment down. Per Fox News",0,1,20123,1,-4.1268538407874,"negative",2026-04-03 14:18:11.753
"at://did:plc:azdfd5t6m3rf55y52h5pgu7i/app.bsky.feed.post/3mii2fkvu3s2k","rebeccafernandez.bsky.social","Rebecca Fernandez O'Shea","Oh cool, AI slop is also making the housing crisis worse.",0,4,1858,1,-6.57562144395952,"negative",2026-04-02 01:26:30.853
"at://did:plc:y4ljm6morfemkme4ctsy3uya/app.bsky.feed.post/3mimp6ynbuc26","3sides.bsky.social","3 Sides🪶⬛️🍁⬛️🖇️","Accountability with the government?
share.google/enQEBzgur2XK...",0,0,6800,1,-4.63767946455339,"negative",2026-04-03 21:49:19.352
"at://did:plc:dbzfrvok5g2jwmgqsywv22z2/app.bsky.feed.post/3mijbip6avs2b","whitney-farm.bsky.social","Down East Chowderhead","But blaming the housing crisis exclusively on corporate interests is much more fashionable among leftist talking heads.",0,21,509,1,-13.2318336971058,"negative",2026-04-02 13:06:12.964
"at://did:plc:ne7m7b4d5kh6olknylykzsvb/app.bsky.feed.post/3mhis27j5o52s","theage.nzcow.com","The Age (unofficial)","📢 The increased median rents advertised from the March quarter of 2020 to the December quarter of 2025 show an increase of $340 per week in Perth and $300 per week in regional WA.

👉 Report issues, make suggestions ",0,0,634,1,-9.40942285036729,"negative",NA
"at://did:plc:koh6ega53iul5n6qomu6e7an/app.bsky.feed.post/3mim4mi3v2c2o","bathshebablue.bsky.social","Bathsheba in Blue","Declining payrolls, ugh. 

Average wages had already been going down under Trump.",0,10,5858,1,-5.37164863963359,"negative",2026-04-03 16:16:49.156
"at://did:plc:37p4sk6d6bd6onjzh7edqn5y/app.bsky.feed.post/3milsfkyi7227","alonlevy.bsky.social","Alon (they/them)","Idgi, ETA members who work in tech are taking these indirect flights in coach.

And in general, I'm not thinking just about top management (who often do go, and learn nothing) - if the MTA sends a delegation of 200 people, most of them will be earning middle-middle class wages, not exec wages.",0,0,10238,1,-14.2434346087842,"negative",2026-04-03 13:14:01.049
"at://did:plc:wk45xh4fuqyuaqwsv3itmt7u/app.bsky.feed.post/3mimtcc3zr22r","chrisjustice01.bsky.social","Chris⚖️Justice","The biggest problems I've always noticed is that many content providers do not post here. Some major networks & pubs never have. The second is that ALL political leaders use X for their primary posting and interactions. So, they force people in that direction by their own actions. Despite dangers.",3,23,59246,1,-9.95671815391468,"negative",2026-04-03 23:02:44.255
"at://did:plc:tqilwzdiaj7evy3djd6spiau/app.bsky.feed.post/3mimqlbfuek2f","daylightsdnews.bsky.social","Daylight San Diego","Community members pleaded with San Diego Sheriff Kelly Martinez to stop turning over people to Immigration and Customs Enforcement at the annual TRUTH Act forum during a County Board of Supervisors meeting. www.daylightsandiego.org/community-me...",2,4,3247,1,-7.27114080866452,"negative",2026-04-03 22:14:04.354
"at://did:plc:kqrstq4g4hl5a3vgvffyfqaq/app.bsky.feed.post/3mim6p7ufhk25","mikedecillis.bsky.social","Mike DeCillis for Congress (NY-11)","Amazon is big time mad that workers will have a seat at the negotiating table to discuss their rights, safety, and wages. I was proud to be in solidarity with the Amazon Labor Union in Staten Island and the workers in Bessemer, Alabama over the years. Unions power progress and the middle class.",1,8,3753,1,-14.0968311345924,"negative",2026-04-03 16:54:08.558
"at://did:plc:2e34kxtvdqc4xevfx7khqqgi/app.bsky.feed.post/3mimdm2qv7k2r","spotisocks.bsky.social",NA,"The entire world is laughing at America,  the debt is out of control, inflation is up, health care and education cuts are coming,  the Middle East is blowing up and America is in another war

But it’s all worth it to make sure no transgender women are allowed to compete in the hammer throw",0,2,1234,1,-18.2578172681488,"negative",2026-04-03 18:21:51.46
"at://did:plc:ebtn5uwxbtwbyjx25jjqlh7b/app.bsky.feed.post/3milqv6fqak2w","itsafronomics.blacksky.app","Anna Gifty","According to today's #jobsreport, Black women's unemployment is down 1.2 percentage points since last year.

In other words, Black women are STILL experiencing the highest increase in unemployment across ALL groups. #blacksky",27,91,43111,1,-11.8204656984337,"negative",2026-04-03 12:46:56.708
"at://did:plc:cg7c7cxg4q5jnezg4srb2bw5/app.bsky.feed.post/3mims6s5lvc2w","seinenninja.bsky.social","SeinenNinja | 𐑕𐑱𐑯𐑧𐑯 𐑯𐑦𐑯𐑡𐑩 🏳️‍🌈",">Are you part of a political organization?
Yes, and you can in both capitalist and socialist societies. And both restrict, here is restricted by rules, laws, and massive barriers to be registered and be active.",0,1,657,1,-8.9451172422362,"negative",2026-04-03 22:42:52.189
"at://did:plc:2qntuvpt4ad6zqg2twnpyqgh/app.bsky.feed.post/3mim3xsbba22x","phoenixah.bsky.social","Phe Nix","Also ignores the jobs that can and often do have wages lower than minimum wage (there is a surprisingly large number of those)",0,2,212,1,-6.65258248509565,"negative",2026-04-03 16:05:15.45
"at://did:plc:75wi3i76qmrgke5azbqdhzed/app.bsky.feed.post/3mimim7zqg224","superlambbanana.bsky.social","","Ordinary people are made to pay for inflation all the time via rate hikes. it’s reasonable to object to the status quo, as Isabella Weber has done",0,6,183,1,-7.44103984545992,"negative",2026-04-03 19:50:40.861
"at://did:plc:hyjajzh4ysdvdtob63pl56oa/app.bsky.feed.post/3milqjyxdwc2k","mapocoloco.bsky.social","","U.S. payrolls rose by 178,000 in March, more than expected; unemployment at 4.3% www.cnbc.com/2026/04/03/j...",0,0,1547,1,-2.15277281476539,"negative",2026-04-03 12:40:44.458
"at://did:plc:h4f4qdtqobfrfl66qouho5lo/app.bsky.feed.post/3mimpon2ol225","estarianne.bsky.social","estarianne","""We only care about illegal immigration"" was always a lie.",0,0,4539,1,-2.96370303098171,"negative",2026-04-03 21:58:06.487
"at://did:plc:bhcjr2jai5lhbg4e2rfblze4/app.bsky.feed.post/3mimty7iv4c26","snipehunter.bsky.social","Snipehunter","Remember when people cared about politicians ABUSING their power to attack their political rivals?

Remember how most of the people afraid of it were republicans? The ones telling you that the democrats were going to put secret police in the streets, stifle your speech, etc?

Snipehunter remembers.",0,1,510,1,-24.009038453957,"negative",2026-04-03 23:15:00.762
"at://did:plc:2f7etgxx24mns5stqutnjrgh/app.bsky.feed.post/3mimssicfdc2r","briatz.bsky.social","B🎀🎗🇨🇦 🇺🇦 🇵🇸🏳️‍🌈🏳️‍⚧️🇪🇺","These lying con men have made the need for legislation against misinformation and utter BS a mandatory change when their party falls. 

No one should accept these parasites behaving this way. Follow the example of Wales and bring ethics and morality back to politics by demand. 

No more.",0,0,6185,1,-15.0543648250006,"negative",2026-04-03 22:53:52.262
"at://did:plc:oyy52bsbdwvloelytjm257l2/app.bsky.feed.post/3mimedtb5xc2y","jpwkeeper.bsky.social","JPWKeeper","OK, explain how Trump is better for the working class than Harris.  Or Biden, who saw working class wages rise more than any other class.
I can do this all day.",0,0,712,1,-11.1115701609057,"negative",2026-04-03 18:35:08.757
"at://did:plc:2geyars7n4jdyvkhzrv5ywll/app.bsky.feed.post/3mimelxll722m","gladdiegoodevening.bsky.social",NA," We vote until we get what we want and we keep going. On everything. Epstein, healthcare, education, wages, everything.",0,3,3936,1,-12.1290976912538,"negative",2026-04-03 18:39:42.153
"at://did:plc:jp4wkvbihrtedaqw7hc4g42e/app.bsky.feed.post/3milgfcu5z22w","love1another.bsky.social","","The Iran war is making everything more expensive for us, but some companies are cashing in. Don't think that's right? Sign the petition now demanding they are taxed more on their record profits to help us all with the cost of living. you.38degrees.org.uk/petitions/ra...",0,0,11,1,-50.5839688228109,"negative",2026-04-03 09:39:08.455
"at://did:plc:xame5xavq54ih5hffaky5fn6/app.bsky.feed.post/3mijslbdqhc2q","cynthiasaysboo.bsky.social","Cynthia Gómez","Crimson Peak in a housing crisis?

!!",0,2,5530,1,-3.86757124285731,"negative",2026-04-02 18:11:51.652
"at://did:plc:gjp5vflr6ldywhtjplleyvko/app.bsky.feed.post/3mimj35luqc2d","randyepley.bsky.social","Randy Epley","#trump #liberal #democrats #gop #oil #comedy #immigration #comic #conservative #protest #crime #maga #magacult #impeach #oligarchy #fascism #liberals #grift #corruption #nokings #equality #fraud #ice #hegseth #scotus #justice #IranWar‌ #politics #economy #iran #war #military #fight #bondi #blanche",0,2,313,1,-21.5764576231707,"negative",2026-04-03 19:59:47.653
"at://did:plc:xjwepqoi6o6mnqcmx5ssokfa/app.bsky.feed.post/3mimsjeuxbc2n","mikgal1.bsky.social","Mikayla Gallant","I had an incredible time at my first federal @ndp.ca convention 🥰 reconnected with so many labour and political friends and made so many new ones. I thought I was going to relax but ended up leaving as the Atlantic Canada rep for PEI and NB on the Federal Executive 🧡✊🏼",0,5,433,1,-14.5956552023736,"negative",2026-04-03 22:48:49.453
"at://did:plc:5zww7zorx2ajw7hqrhuix3ba/app.bsky.feed.post/3milrus5rmi2j","byteseu.bsky.social","BYTESEU","US economy adds 178,000 jobs, unemployment rate falls to 4.3% in surprise turnaround

https://www.byteseu.com/1915128/

The US economy added 178,000 jobs in March, soaring past expectations, the Labor Department said Friday. Economists surveyed by Bloomberg had expected a gain of 65,000 jobs, …",0,0,1903,1,1.4955132423833,"positive",2026-04-03 13:04:37.159
"at://did:plc:xzbocpwcp2odpbpfq7iietj6/app.bsky.feed.post/3miewp7znls26","sailorgirl2017.bsky.social","a Page in your life 🍁📎","Because we're concerned about the plight of our own homeless, those who can't buy their own home due to our housing crisis, and the 5 million who still don't have a physician, we're Nazis.

Only, USAmericans believe that shit.",2,14,13980,1,-9.18569123670153,"negative",2026-03-31 19:42:22.151
"at://did:plc:jytswffcdhuuipvuriljdcqj/app.bsky.feed.post/3mim5j5prlc2p","kfgrobbins.bsky.social","Kate Gallagher Robbins","In fact, our analysis shows that if today’s unemployment rate matched that of August 2024, more than *150,000* additional women would be working, instead of job hunting.",1,0,1238,1,-7.46660994072656,"negative",2026-04-03 16:32:51.353
"at://did:plc:vbldtvmrabk5zy5kmn2h4m4t/app.bsky.feed.post/3miczqbyccs22","hole1in.bsky.social","","Fuck Reagan, he started the bullshit of trickle down tax breaks! Lost the most money in 401k during Reagan, Bush 1 (10% mortgage interest) Bush 2&3 war and housing crisis, t-1 covid mismanagement, t-2 tariffs and war. Dem pres always repair this country",0,3,238,1,-15.6824662268874,"negative",2026-03-31 01:31:18.858
"at://did:plc:hsvfkrbw3cfunqe32vngtl3j/app.bsky.feed.post/3mikuwioxzk2y","jonathaneby.bsky.social","Jonathan Eby","im just a poster, but ive been reading and posting and telling people about the housing crisis for a decade now. I read ""the rent is too damn high"" in january of 2016. 

it feels so good to finally be getting victories and to see candidates who have a chance to win campaign on a pro housing platform",0,2,532,1,-11.3814623254098,"negative",2026-04-03 04:26:37.26
"at://did:plc:xj6yp4yfremnivw57krwh4r2/app.bsky.feed.post/3mims4eoxic2k","mcgimleteye13.bsky.social","Gimlet  Eye","Political suicide, bring it on.",0,0,2098,1,-6.05474548434003,"negative",2026-04-03 22:41:31.553
"at://did:plc:b6hzo2yzli3voo4oqmsnj6om/app.bsky.feed.post/3mikul4txu224","evandandeleon.bsky.social","","Washington is doing better than Oregon right now, but I don't know if it's worth navigating their housing market.
I've been hearing almost nothing about how anyone in Salem or Portland plans on addressing this crisis.",0,0,722,1,-10.4969757768166,"negative",2026-04-03 04:20:14.256
"at://did:plc:ecwogdffyamje2v4biq4ahlj/app.bsky.feed.post/3mimqbpklyc2d","stephenintheburgh.bsky.social","Van der Burgh","Immigration laws have changed numerous times. Often to serve the purpose of bringing in cheap foreign labor to benefit Capitalists and to undercut American workers. 
 Then there's the ancillary benefit of creating divisions amongst the working class.",0,0,3740,1,-12.2997946082635,"negative",2026-04-03 22:08:43.658
"at://did:plc:3vmzwjc6tmhf7tb75563llju/app.bsky.feed.post/3milckh7vt22c","splootman.bsky.social","Kev🇬🇧🍺","Oh the most experienced are on 74k a year, not exactly starvation wages lol",0,1,4923,1,-5.14850508831938,"negative",2026-04-03 08:30:23.351
"at://did:plc:llg72eynrn7qxdanzhytpz76/app.bsky.feed.post/3mima3zsrps2y","lydiadepillis.bsky.social","Lydia DePillis","Today from me: Job growth has been tepid over the past year. On the flip side, so has labor force growth, keeping unemployment in check. So what's the problem? www.nytimes.com/2026/04/03/b...",7,25,1795,1,-7.15075699130808,"negative",2026-04-03 17:19:13.151
"at://did:plc:rlbwwm4iqolivzsnrprxu5si/app.bsky.feed.post/3m7apffujmk2f","reallydebl.bsky.social","","The answer to that part of the problem is regulating real estate/rental industry. We’ve tried building our way out of it and that’s done nothing 
However, you can’t deny another component of the whole issue is drugs and mental health issues",0,1,3330,1,-15.2059147231278,"negative",NA
"at://did:plc:izowlgy2cewk7glm6ax6mnnf/app.bsky.feed.post/3milucvezhc27","econberger.bsky.social","Guy Berger","10/ The unemployment rate for African Americans fell to 7.1% in March, the lowest since last June.  Still quite a bit higher than it was a year ago.",1,5,54761,1,-6.46580657795232,"negative",2026-04-03 13:48:19.461
"at://did:plc:qfhnr33vm4nrzruupr6fyruq/app.bsky.feed.post/3mimrqhlbrc23","weebtrash.comintern.social","WeebTrash ☭🏳️‍🌈🇵🇸","No, I live in the UK, which is a dictatorship of the bourgeoisie. I get to do a pointless vote every few years that has no real change on society because our political establishment is beholden  to the capital owning class.",0,1,4067,1,-13.5866550723952,"negative",2026-04-03 22:34:51.075
"at://did:plc:tktyhvgeo3nqluw4wpdjzqgo/app.bsky.feed.post/3mim5alplkh2n","bencasselman.bsky.social","Ben Casselman","4. Many economists argue that policymakers should focus on strengthening/modernizing existing tools to help workers deal with job transitions: Unemployment insurance, job retraining, etc. And also to make sure that, for example, when someone loses a job, they don't also lose their health insurance.",3,11,65479,1,-15.2846598860574,"negative",2026-04-03 16:28:06.453
"at://did:plc:bewgr6xys3euxuztrh6r6i77/app.bsky.feed.post/3mimwcaqcuc2q","kenburnside.bsky.social","Ken Burnside","He has ""white guy with a stable income"" blinders. Anything that matches *his* experience is normal, and not political. He's just telling _stories_, yannow, about white guys who Science the Shit out of Everything!

(Hail Mary isn't polemical, but it is political...)",0,2,8119,1,-14.8270975565025,"negative",2026-04-03 23:56:23.655
"at://did:plc:kkergqgbhb56ptpwj2wenkje/app.bsky.feed.post/3mimrqaca5d2o","socpaperbot.bsky.social","Sociology papers (journals + SocArXiv)","Uneven Incorporation: Ethnic Inequality Across Social Domains in Iran Ethnic diversity has long shaped Iran’s political landscape, yet systematic evidence on how material resources and risks are distributed across ethnolinguistic populations remains limited. To account for this v
 #sociology link",0,0,939,1,-18.0500970985546,"negative",2026-04-03 22:34:43.457
"at://did:plc:nuxkwie67px325divhiqwwj5/app.bsky.feed.post/3mim3t4pfrc2q","tiredhottrans.bsky.social","Megan thee Stallion Avenger","Beginning month 4 of unemployment 🫠 The tech industry is a mess right now, my god.",0,0,448,1,-7.65111131520678,"negative",2026-04-03 16:02:35.76
"at://did:plc:hjihrtggmc5hu25w7fx5sjhw/app.bsky.feed.post/3milc22jrnc2c","davidedward.bsky.social","David Bainbridge.","The Iran war is making everything more expensive for us, but some companies are cashing in. Don't think that's right? Sign the petition now demanding they are taxed more on their record profits to help us all with the cost of living. you.38degrees.org.uk/petitions/ra...",0,0,1515,1,-50.5839688228109,"negative",2026-04-03 08:21:16.853
"at://did:plc:ya5jjjmnm4kz2ufpgujnxhti/app.bsky.feed.post/3milv7av2pc2p","pamelamars.bsky.social","Pamela Mars","And none of them have actually done a thing regarding the unemployment crisis even after studies proved there aren’t enough jobs to employ the population. They also can’t force people into jobs they’re not suited for. 

Like I have seizures, so working in a factory is kinda off the table.",0,0,81,1,-24.8635572709426,"negative",2026-04-03 14:04:09.751
"at://did:plc:kdzvyvkqj7ior74rom2j2xkd/app.bsky.feed.post/3milxwhsab22s","paulleach53.bsky.social","Paul","Technically polanski wants to reduce it a double lock, inflation or wages growth",1,1,453,1,-6.68895012926653,"negative",2026-04-03 14:52:57.355
"at://did:plc:5mlzxvwcewmwef2b3ziw3fl4/app.bsky.feed.post/3mimvounoyk2m","grinch67.bsky.social","Michael McKeon","Hegseth's faith is no more genuine than that of Trump.  This scream of yet another political and economic partnership not at all grounded in spirituality.",0,5,11441,1,-7.07639673187201,"negative",2026-04-03 23:45:35.252
"at://did:plc:hk5p6gkryauvc73nczimlzw6/app.bsky.feed.post/3mimcmr7wsk2p","johnrawes.bsky.social","","Absolutely, and we know where the wedge is coming from

I can’t believe how much they paid for him, so nobody will match that or his wages

He’s right in my very long list of bang average players",0,0,950,1,-14.1613696557299,"negative",2026-04-03 18:04:21.754
"at://did:plc:n536vu2xyg3wlrajqluh6kgx/app.bsky.feed.post/3mimmpai3sc2a","spitewinter.bsky.social","Stephen Spitewinter","If I may speak as the resident elderly, pedantic, grumpy & totally banjaxed (but still charming) contributor?  
I'd like to point out that losing track of inflation comes to all of us over time.  When you realise it's got you then it's too late to go back. 
☹️",0,2,1749,1,-11.1603603250751,"negative",2026-04-03 21:04:41.86
"at://did:plc:z4mb76yc4f4tkdqqpbe5iigm/app.bsky.feed.post/3mimo3aqwyk2z","leftistjew.bsky.social","LeftistJew","Dude seriously I spend 100 bucks at the grocery store just by entering it seems like and another 100 for food at this point can’t imagine if I had to feed even 2 children let alone like 6 

No one even talks about raising wages either federal minimum wage is still 7.25 like in my state Indiana",0,1,4823,1,-25.9848710130178,"negative",2026-04-03 21:29:18.466
"at://did:plc:umncueb2ocbv72q76q2xxqov/app.bsky.feed.post/3mb3kflje5k2s","zamafir.bsky.social","Zamafir","Can confirm. Had issues charging, booked appointment next AM, dealer immediately put me in rental, called to say ICCU, fixed it next day, retuned rental, dealer picked me up, back in my IONIQ 5, just drove it 500 miles, love this thing and great service!",0,2,2830,1,-22.9483167449435,"negative",NA
"at://did:plc:65xjaij3z6gyxnmo2zo5pk4e/app.bsky.feed.post/3mimuiiyaa22k","synthminded.bsky.social","Synthminded","Like, forget fucking aesthetics here, like I said: The Institutional power of the Center Left marginalized and castigated those to its left, an admittedly uneasy coalition of progressives and socialists, for three decades to court the right because that has been the ascendant dominant political...",1,1,366,1,-13.3812110981804,"negative",2026-04-03 23:24:06.216
"at://did:plc:hisqswiqf2t7oygtzzftjtzv/app.bsky.feed.post/3midzmkxrv22l","roxy.bsky.to","Roxy 🍎","I happily would if I could. Pretty much one of the few downsides here is the housing crisis. I do encourage migrating to someplace European if you ever consider, much easier to adapt + the healthcare stuff.",0,1,3614,1,-7.55645069697125,"negative",2026-03-31 11:01:53.263
"at://did:plc:kc26uzwzazhts3n4d6n3wh6w/app.bsky.feed.post/3mimuvmaw7k2t","droddman.bsky.social","Dr Oddman  - #AntiFa","Jack Kimble is the Socrates of republican hemlock farming representatives and this term is his 
  ..turn to follow me for free advice in important government stuff!

Finally I can call myself “Political Advisor“

It’s a honor sir, I won’t let you down 

@repjackkimble.bsky.social",1,5,25780,1,-12.5286361806923,"negative",2026-04-03 23:31:30.355
"at://did:plc:qozsrm2n3fbol6ng4xvz2awr/app.bsky.feed.post/3mimck4bjkc2o","ericholdeman.bsky.social","Eric Holdeman","Continuing to track gasoline prices here in Washington and Oregon. Costco has about the lowest prices around. In WA on Wednesday the price of regular was $4.96 a gallon. Up from $3.50 in January in OR. So much for Trump’s promise to cut gas prices in half! #gasoline #trump #prices #inflation #war",0,1,61,1,-18.533076820602,"negative",2026-04-03 18:02:52.155
"at://did:plc:o5wlr3gi4tz23ake7ef23ejs/app.bsky.feed.post/3mimunzip7c2e","socialmedialab.ca","Social Media Lab","While 'waste, fraud, and abuse' suggests a commitment to accountability and responsible governance, they are often used to target political opponents, discredit policies, or undermine public trust in institutions.",2,7,26463,1,-21.657332563628,"negative",2026-04-03 23:27:11.129
"at://did:plc:lmf4y2ycv4oll3af47dn4hdq/app.bsky.feed.post/3mimtfjts6k26","fionanelson.bsky.social","Polly Privacy","Unbelievable. King Charles is STILL set to fly to the US to celebrate with Trump in April. With everything Trump is saying and doing right now - and the hate and chaos he's spreading - this trip must be cancelled. Agree? Add your name to the petition today: you.38degrees.org.uk/petitions/ca...",0,0,53,1,-18.9979821958469,"negative",2026-04-03 23:04:34.355
"at://did:plc:6utgedqtznjw7ntf5aswse5f/app.bsky.feed.post/3mimcbdvwq224","hillhit.bsky.social","Nearby","The Trump administration's actions to date have been solely focused on increasing inflation.

www.timeslive.co.za/news/world/2...",1,1,22968,1,-5.89044243304875,"negative",2026-04-03 16:57:33.509
"at://did:plc:4e2htgs6lcmsahh6oxast42p/app.bsky.feed.post/3mf4akjr7uk2l","throughthestatic.bsky.social","Through the Static","While her speech encompassed some of the greatest and longstanding issues facing Seattle, like homelessness and rental costs, she also tapped into gun violence strategies, immigration enforcement, and surveillance technology.",1,2,1014,1,-6.54722196943782,"negative",NA
"at://did:plc:4pwp4qicof4xnluimircfla7/app.bsky.feed.post/3mimeioz4bs23","castyman22205.bsky.social","CJC <3 🇺🇦🩷💜💙🇺🇦","Accounting for inflation probably not 

Don’t even think we spent so much GDP on the military during the height of WWII here in the United States or in the Soviet Union.",0,2,3806,1,-15.2014603727784,"negative",2026-04-03 18:37:51.954
"at://did:plc:3rw4w6tkshrf5id5hh55cztg/app.bsky.feed.post/3miljbwu7pc2u","wendyjoint.bsky.social",NA,"The Iran war is making everything more expensive for us, but some companies are cashing in. Don't think that's right? Sign the petition now demanding they are taxed more on their record profits to help us all with the cost of living. you.38degrees.org.uk/petitions/ra...",0,0,83,1,-50.5839688228109,"negative",2026-04-03 10:30:55.251
"at://did:plc:7r7oxqovttrrcgzsy24ogise/app.bsky.feed.post/3mimoslfqdc2c","ironeconomist.bsky.social","","If we have a genuine physical shortage then subsidising domestic users is choosing higher inflation and higher unemployment as more businesses face shortage. There is no painless route here.",0,3,4366,1,-4.70221798569096,"negative",2026-04-03 21:42:21.948
"at://did:plc:cvqkqff7tud7fa2xrn4gu7w7/app.bsky.feed.post/3milkyhjqms2j","rosken120.bsky.social","","The Iran war is making everything more expensive for us, but some companies are cashing in. Don't think that's right? Sign the petition now demanding they are taxed more on their record profits to help us all with the cost of living. you.38degrees.org.uk/petitions/ra...",0,0,116,1,-50.5839688228109,"negative",2026-04-03 11:01:27.854
"at://did:plc:zf2j4l652atwhdus6lxc7h5z/app.bsky.feed.post/3ma4btb562c2r","mdnature.bsky.social","","Incompetence one again with the Ford government.  What was the govt thinking??? Only about their own pockets!  This Con government is full of bumpkins with little experience need to be aware of security issues, zoning, security, …  
www.cbc.ca/news/canada/...",0,0,312,1,-15.429058274442,"negative",NA
"at://did:plc:t6dx5diy2vg7anjjooginriv/app.bsky.feed.post/3mikl6einxk2j","sneakersoneill.bsky.social","Sneakers O'Neill","I was doing so well being social-ish, but then the cancer and unemployment hit at the same time and I relapsed big time.",0,1,218,1,-8.76019490374218,"negative",2026-04-03 01:26:10.154
"at://did:plc:nibu4sqcfd7upw7kxgb5nt5g/app.bsky.feed.post/3milrpqi6r227","dave1agar.bsky.social","dave1agar","U.S. employers added 178,000 jobs in March, and the unemployment rate ticked down to 4.3 percent, a robust showing after a run of weakness.
www.nytimes.com/live/2026/04...",0,0,1273,1,-3.56723805285197,"negative",2026-04-03 13:01:47.461
"at://did:plc:ezkp5lcys3dfmtgbk767zadb/app.bsky.feed.post/3mimvvowjnc24","dom-ma.bsky.social","Dominic Meagher","A lot of people claim that Labor doesn’t stand up for workers, but how many workers actually join their union? Because that’s *how* you get people standing up for you

www.smh.com.au/politics/nsw...",0,1,2823,1,-9.19903245221716,"negative",2026-04-03 23:49:24.35
"at://did:plc:ud57p22jqi44kohghz6gm2b7/app.bsky.feed.post/3mim7redrns2l","gpyr56.bsky.social","","I'm not sure why taxing ""the rich"" is so controversial. The US taxes everyone and everything - your wages, what you buy, what you own after you buy it. So why is it such a stretch that there should be a fair, equitable tax on the uber wealthy? Would Bezos might have to sell his f*cking yacht?? No.",0,2,739,1,-18.0138371557421,"negative",2026-04-03 17:13:14.454
"at://did:plc:43fdk46qa5gsokzygzildsaq/app.bsky.feed.post/3milqj7phgz2l","fintwitter.bsky.social","FinTwitter","US Adds 178,000 Jobs, More Than Expected, Unemployment Drops (1)",0,1,17016,1,-1.20011443872036,"negative",2026-04-03 12:40:14.557
"at://did:plc:32k2nqjwtsizr6qmkgugmxo3/app.bsky.feed.post/3mih4cp7mcs22","harbottlej.bsky.social","Steve Lee","Banks create credit when they make loans, functioning as money because the Bank of England backs it. That flows to the wrong places, drives inequality and the housing crisis. Only 6.6% of new lending in 2025 was productive investment in the real economy. positivemoney.org/uk/publicati...",0,0,563,1,-22.9767162194652,"negative",2026-04-01 16:28:05.963
"at://did:plc:jrg3vatfxzaloxoh3vpahiur/app.bsky.feed.post/3milmt2phak2q","josuff36.bsky.social","Joseph","Go where the people are. With gas too expensive and people looking for jobs, go to the unemployment office instead.",0,0,940,1,-10.3526138110067,"negative",2026-04-03 11:34:10.058
"at://did:plc:pkqfzqpxpznp4xlqrawszltz/app.bsky.feed.post/3milz3bwhic2p","maggienews.bsky.social","Maggie News","Getting rid of anyone qualified enough to not go along with their demented ""vision"". apnews.com/article/pent...",2,3,17726,1,-5.90619079001689,"negative",2026-04-03 15:13:33.869
"at://did:plc:ibive47zhpz4fpkqi6yekejf/app.bsky.feed.post/3mimdwziqcc2i","madstash.bsky.social","MadStash","Red knitted 'Melt the ICE' hats raise $650K for Minnesota - Good Good Good 🧶

Older article, don't know how I missed this one. I hope it's gone up. 

apple.news/AVDP8JF1dR8-...",2,10,3528,1,-4.90902511768547,"negative",2026-04-03 18:28:00.865
"at://did:plc:rufgcyhn57hjx6u5ndvlf66e/app.bsky.feed.post/3mim2fjgiyc2c","battalio.com","Michael Battalio","Just treading water is not sufficient.  Flat budgets are actually budget cuts because of inflation.  You liked Artemis II a few days ago.  Give NASA and all of US Science the money it needs to perform these activities in service to US taxpayers.  The return on investment is a  boon for the economy.",0,1,3466,1,-16.1585730991728,"negative",2026-04-03 15:37:10.929
"at://did:plc:7sfwkyuccrzpsbtz723po5bh/app.bsky.feed.post/3miluzao7dt2k","tickertap.bsky.social","TickerTap","🟡 [FED] CPI, INFLATION, SECTOR PERFORMANCE, AND HOME SALES

https://www.etftrends.com/leveraged-inverse-content-hub/cpi-inflation-sector-performance-home-sales/

⚡ Live alerts: https://t.me/MarketNewsDispatch",0,0,223,1,-7.61320903078986,"negative",2026-04-03 14:00:47.553
"at://did:plc:acnc5jcivaaai2zrdytk7nea/app.bsky.feed.post/3mae3lotyic25","nastygrannysz.bsky.social","THE NastyGranny","Since then they've been waffling around about staying in their rental home, Soldier Field.  Finally they bought and tore down a historic horse-racing track out in the suburbs.  They've moved in and out of that idea at least once a year since they bought the property, mostly because of tax issues.",0,0,21413,1,-9.47258868769289,"negative",NA
"at://did:plc:432322xinmexsxye4c6vda4w/app.bsky.feed.post/3mim4ripjsc23","glynllety.bsky.social","Glyn","The Iran war is making everything more expensive for us, but some companies are cashing in. Don't think that's right? Sign the petition now demanding they are taxed more on their record profits to help us all with the cost of living. you.38degrees.org.uk/petitions/ra...",0,0,52,1,-50.5839688228109,"negative",2026-04-03 16:19:40.761
"at://did:plc:z7mxcankrbp6ga62mo427xrf/app.bsky.feed.post/3mieapqkdos2x","corpsepilot.bsky.social","Corpsy","The moral of the story... don't buy new construction, especially if D.R. Horton is involved.

youtu.be/VFnfamZ-p14?...",3,3,35309,1,-7.75857488106138,"negative",2026-03-31 13:08:57.365
"at://did:plc:lqwk3ei3uwemjrvygsc6pjt2/app.bsky.feed.post/3mimofkbaxk2u","americasvoice.bsky.social","America's Voice","Members of Congress and advocates gathered outside Delaney Hall to pray for a pastor detained by ICE last month.

“On this Holy Week, when members of this administration... are going to church on Easter to pray, they will allow DHS and ICE to prey on our communities every other day of the week.""",6,7,26041,1,-12.1864659229565,"negative",2026-04-03 21:35:06.253
"at://did:plc:yr4zlvefvhsacz665l26pf7y/app.bsky.feed.post/3mimffk3mpc2i","pragmaticpolitic.bsky.social","Pragmatic Politic","I am absolutely not for ending birthright citizenship. If your family lives here, regardless of immigration status, a child born here should be a citizen.

On the flip side, I have an issue w birth tourism. A planned trip around a pregnancy due date just to garner citizenship makes me uncomfortable.",1,2,1310,1,-10.0901475109287,"negative",2026-04-03 18:54:00.354
"at://did:plc:muxjzvpy2or3jwxgmfcl46wl/app.bsky.feed.post/3mimhva6okk2t","davidicw.bsky.social","David","That will mean more inflation. cbwrong.blogspot.com/2026/04/on-s...",0,1,48912,1,-6.07276398984271,"negative",2026-04-03 19:38:34.055
"at://did:plc:eknoiydskbh7lxrnwsqrv5ge/app.bsky.feed.post/3mimsd2q6c22z","nctwadumela.bsky.social","Nctwadumela-He who Greets With Fire!","It is with great anticipation that I can announce the coming dismissal of not only the worst political party to occupy Congress in the history of America but soon Trump will be leaving office at the time of my choosing as this great nation focuses on achieving achievements never witnessed before!",0,0,8729,1,-18.5846392489379,"negative",2026-04-03 22:45:15.651
"at://did:plc:224ylleghfteiaw4hgahp3rb/app.bsky.feed.post/3midwy7lfz22f","eu-economy-finance.ec.europa.eu","EU Economy and Finance","As housing shortages and soaring costs grip cities across the EU, @france24.com heads to Barcelona to see what the @ec.europa.eu is doing to help Member States ease the pressure on living.

🎥Watch Talking Europe: www.france24.com/en/europe/20...",0,0,1297,1,-14.8675889178572,"negative",2026-03-31 10:14:45.757
"at://did:plc:glbmigzeu3eslzvqgd2vrze2/app.bsky.feed.post/3mim7bnoxs22d","limbodog.bsky.social","","This is for not taking the TripleSecDef's orders without letting him know they're terrible. Pete Hagueseth is a travesty in human form, and the damage he's doing the the military is extreme. apnews.com/article/pent...",0,1,216,1,-7.93351633055772,"negative",2026-04-03 17:04:29.658
"at://did:plc:65mgfx2oprkdjmautl2as73u/app.bsky.feed.post/3mim5t7agzt2h","sweetwitch2697.bsky.social","SweetWitch2697🔮🎱🪄-MY OPINIONS ARE MY OWN BEASTLY CONCOCTIONS!","The Federal Reserve Bank of Boston confirmed it:
Trump’s tariffs on Canada, Mexico, and China push core inflation up to 2.2 percentage points.
Medicines. Cars. Clothes. Hospital bills.
Everything costs more because of a policy choice he made.
#TrumpsTariffsCostUS",1,2,49762,1,-17.4170340887828,"negative",2026-04-03 16:38:31.255
"at://did:plc:d6fem6f2sqvwuekmdwahquq6/app.bsky.feed.post/3maeexqcozc27","informationbank.bsky.social","","Although I don't live in Washington, I have lots of ideas on how Democrats need to start helping TENANTS instead of protecting landlords! See my Substack for multiple posts on these issues.",0,1,1667,1,-12.7309889623374,"negative",NA
"at://did:plc:slxntma7cutc5c3ev2ckouqd/app.bsky.feed.post/3mimlprt4ek2a","mitildide.bsky.social","Mitildide 🧌","Inflation is terrible. Back in 2018 this kustov guy could have eaten for a year with the exposure of having been cancelled by the progressive mob. Now he'll be lucky to get on a podcast after next week.",6,14,7650,1,-16.4054331771043,"negative",NA
"at://did:plc:7rqa6fz2sshrlilxf26oxtvw/app.bsky.feed.post/3mim53b6ni22g","ogmnews.bsky.social","OGMNews.com","Republican Rep. Jeff Van Drew is under fire after a viral video showed him telling New Jersey residents struggling with inflation to “maybe get yet another job.” #ViralPolitics #WorkHardOrWorkMore",0,0,1852,1,-12.5342321661964,"negative",2026-04-03 16:25:06.16
"at://did:plc:lqmybhmwrun5tzhwy4rxq5ud/app.bsky.feed.post/3mgdcvz6hcs2x","thatirontube.bsky.social","Amfleet-Footed Achilles","While we’re listing issues that are all fixed with money: grade crossings in a dense residential area. I had a client call from a bottom-price rental in Bound Brook and the train horn sounded like it was in the room with him",0,3,1141,1,-7.12258611434139,"negative",NA
"at://did:plc:zybl5jsrhw6ykt6nk4af7npq/app.bsky.feed.post/3mimr776kik2s","alex.antilogik.org","Lustiger Name","It's weird how bluechecks talk about ""powerusers"" as if a poweruser is some random ass political pundit, the type that unironically says things like ""thought leader"", when in reality a poweruser is a 30-post/day shitpost account that forces phrases like ""straight jorkin' it"" into peoples brains",0,9,601,1,-16.482724851406,"negative",2026-04-03 22:25:13.051
"at://did:plc:wrilzb4mr6bzkbfvwyjga7fh/app.bsky.feed.post/3micptjyrc22s","gretchenleigh.zone","Gretchen Leigh 🇨🇦","havin' a housing crisis 🙃",0,1,3472,1,-4.56071842341726,"negative",2026-03-30 22:34:09.855
"at://did:plc:te462bca74usoq54377m3mcl/app.bsky.feed.post/3mimpgxpyvc2e","204queenb0574.bsky.social","🍁 Christine 🍁","Sigh. The problem with immigration cannot simply be laid at the feet of the federal government when most come here via provincial nominee programs that every single province runs. If you do a search, you'll find many provinces were demanding more immigration to address worker shortages.",0,0,4705,1,-12.433326000888,"negative",2026-04-03 21:53:45.865
"at://did:plc:xlhhsgd7us75cjthpcbzhfbw/app.bsky.feed.post/3milavahxks27","paulsettles.bsky.social","Paul Settles #FBPPR #3.5% #DemocraticAlliance","The Iran war is making everything more expensive for us, but some companies are cashing in. Don't think that's right? Sign the petition now demanding they are taxed more on their record profits to help us all with the cost of living. you.38degrees.org.uk/petitions/ra...",0,0,663,1,-50.5839688228109,"negative",2026-04-03 08:00:41.253
"at://did:plc:a53cu5hp5omwp3meqcbglswd/app.bsky.feed.post/3milccpv3fs2l","leecorporal.bsky.social","Lee Corporal","Going back years to recent, the number of stuff-ups in new systems or upgrades has been incredibly costly. I recall an ""upgrade"" to Qld Health's nurses wages by I think IBM. 🤯 Overpayment or underpayment. Plus other Health, Robodebt, and other Centrelink stuffups.  Not to mention *years+cost of BOM",0,5,333,1,-11.740178820328,"negative",2026-04-03 08:26:07.658
"at://did:plc:7jbnqzsjhhu6i6emt2rvstwt/app.bsky.feed.post/3mimiqjxdrc2d","mog7546.bsky.social","Michael O’Grady 🇨🇦","Previous Oil Price Shocks led to RECESSIONS 

Key shocks include 1973 (OPEC embargo), 1979 (Iranian Revolution), 1990 (Gulf War), and 2008, consistently causing demand destruction, high inflation, and significant GDP contraction…

#MOG8
finance.yahoo.com/news/how-the...",2,5,20899,1,-25.4893936661986,"negative",2026-04-03 19:53:51.352
"at://did:plc:wzh4pykzodzzox75i2qzsvle/app.bsky.feed.post/3mimhyi2pp22c","thomasworking.bsky.social","Thomas Keepout","Federal government appealing order releasing 5-year-old from immigration custody
#FelonTrump
A five year old. A five year old. Republicans are evil. 
www.cbsnews.com/news/federal...",3,3,1606,1,-6.14175686132966,"negative",2026-04-03 19:40:23.958
"at://did:plc:govczfadiqybl5lihpfhviis/app.bsky.feed.post/3mimkxgtdvc25","jcollins.bsky.social","Jon Collins","Raha Wala of @immigrantjustice.bsky.social said it's been a struggle to get accurate info from the feds on what they're doing: “The bottom line is this administration is pushing for a maximum amount of deportations with a minimum amount of due process."" (4) www.mprnews.org/story/2026/0...",8,18,11482,1,-7.004803078685,"negative",2026-04-03 20:33:30.58
"at://did:plc:p66jie34yptdjwglyftphkgj/app.bsky.feed.post/3miml4ug2uk2k","christosilvia.bsky.social","Christo Silvia","My slogan would be ""we should issue an immediate amnesty and path to citizenship and dramatically increase immigration""",0,3,4764,1,-2.84591999532533,"negative",2026-04-03 20:36:31.156
"at://did:plc:mixjhsj4zl6rdffvp5mdq5o2/app.bsky.feed.post/3mimuawz6v22t","manuel-royal.bsky.social","Manuel Royal","I didn't used to think of my writing as ""political"".  But everything is.",0,2,1396,1,-12.3238417680463,"negative",2026-04-03 23:19:52.756
"at://did:plc:wr3nnf4rprjaqwepeu3g27gw/app.bsky.feed.post/3milqgmemjc2i","lbno11ffc.bsky.social","𝕃𝔹ℕ𝕠𝟙𝟙𝔽𝔽ℂ","The Iran war is making everything more expensive for us, but some companies are cashing in. Don't think that's right? Sign the petition now demanding they are taxed more on their record profits to help us all with the cost of living. you.38degrees.org.uk/petitions/ra...",0,0,681,1,-50.5839688228109,"negative",2026-04-03 12:37:03.85
"at://did:plc:mgq2agp2byve4x2mfi4klyk6/app.bsky.feed.post/3mim62fhzlc2y","keepthefaithej.bsky.social","JonEEy","Gig billionaires & their purchased policymakers profit. www.unitedforalice.org GOP: Oppose child labor laws. tinyurl.com/46vv5tcs  Deny living wages. tinyurl.com/5dzj5sr
Tell the whole truth ABC-no spin. apple.news/AQUglwTU3QcS... @workingfamilies.org @unitethepoor.bsky.social @democrats.org",0,0,516,1,-22.9469440611316,"negative",2026-04-03 16:42:32.087
"at://did:plc:y4kye4bs6xkpznearhoyibpn/app.bsky.feed.post/3mimiogwkxc2h","zorofab.bsky.social","Zoro Fab","It really comes down to the interplay between the shapes you want and how tethered you want them to be to reality. Like, inflation can just be a sphere if you want but if you're really taking into consideration the way limbs puff up then you might be spending more time figuring out anatomy.",0,2,2957,1,-19.5076544796959,"negative",2026-04-03 19:52:40.051
"at://did:plc:gr2hfeg7ghzjplhxs3lxhdas/app.bsky.feed.post/3milubhsjlc2y","jacksprat39.bsky.social","Jack Sprat","If it's coming from trump's labor department, well....

www.theguardian.com/business/202...",0,0,7015,1,-4.57314094341582,"negative",2026-04-03 13:47:33.255
"at://did:plc:5lctkf2ta7e4haaz4pamrc3o/app.bsky.feed.post/3mimtknrkgs26","eringobraugh46.bsky.social","We are under a dictatorship","Wouldn't it be great if she just burned the whole dam house down. I was hoping MTG would, but she still has some kind of MAGA political ambition. I don't think bondi will have much of a career after this.",1,30,1886,1,-18.6328413507557,"negative",2026-04-03 23:07:25.45
"at://did:plc:sgti3jsgu3luif24tokvth3a/app.bsky.feed.post/3mimnnnlcus23","joshtpm.bsky.social","Josh Marshall","The Inflation Surge Is Just Getting Started talkingpointsmemo.com/edblog/the-i...",57,285,266748,1,-5.07951221683243,"negative",2026-04-03 21:21:43.757
"at://did:plc:5crwi4cylobqjypa3ljgrxer/app.bsky.feed.post/3milxjx5y7k2d","thismachinekillsfascists.bike","Politics of Cars","Republicans realize car dependency is tied to the housing crisis (derogatory).

An opposition party should too.",1,5,1393,1,-4.96618353152542,"negative",2026-04-03 14:45:55.254
"at://did:plc:jldwyrazfdid3c7qyxq2eyyf/app.bsky.feed.post/3mim5ntdfby2d","hbgpalocalnews.bsky.social","Harrisburg & Central PA Local News","Pennsylvania’s unemployment rate decreased to 4.3% in January. The state also reached a record high in total nonfarm jobs, signaling continued economic expansion.",0,0,312,1,-7.24654805594976,"negative",2026-04-03 16:35:28.155
"at://did:plc:52howdn33wtuorijcd3mzzg3/app.bsky.feed.post/3mimm3ions22m","valjurai.bsky.social","J.E. Turcotte, re: Valjurai","But let's cut healthcare, and underfund unemployment coffers leading into a deliberate recession",2,11,382,1,-4.36574574906974,"negative",2026-04-03 20:53:39.255
"at://did:plc:qxwxmbcgzs3jxo7xsmh5nlwj/app.bsky.feed.post/3mimtcnqwes2w","qadishtujessica.inanna.app","Cersei Trannister  🏳️‍⚧️🏴‍☠️🦋","The Has*n Piker discourse isn't anything more than Has*n trying to be the leftist Joe rogan and wants so called centrists railing about him in the political press so he can get more attention. Lucky for him The 3rd way takes check or bitcoin",2,7,4975,1,-16.9106628153662,"negative",2026-04-03 23:02:55.054
"at://did:plc:kkergqgbhb56ptpwj2wenkje/app.bsky.feed.post/3mij627wnjg2l","socpaperbot.bsky.social","Sociology papers (journals + SocArXiv)","How Initial Accommodation Shapes Refugee Integration: Quasi-Experimental Evidence from the Ukrainian Displacement Crisis in Denmark Sudden displacement crises require rapid expansion of refugee accommodation, yet little is known about how different types of initial housing affect
 #sociology link",0,0,939,1,-24.3097660660663,"negative",2026-04-02 12:04:24.651
"at://did:plc:hrhsr46agp2fajlueijl4wql/app.bsky.feed.post/3mim4ivrctc2i","tomdanook.bsky.social","Bijou a wacky Hamster 🏳️‍⚧️☕️","Billions of dollars could of been spent on re-investing in future generations. 

Not 80 year old predatory billionaires with a power fetish.

Our children could have sidewalks, parks, free school food, happier parents with better paying wages.
Cheaper rent, cheaper groceries.

Instead of war",0,2,628,1,-13.8032839426882,"negative",2026-04-03 16:14:48.46
"at://did:plc:375tiijsv3an5v2u6kbp6gs5/app.bsky.feed.post/3miml6lj4tk2u","gbenga-ajilore.bsky.social","Gbenga Ajilore","The President’s budget came out and assumes the unemployment rate will drop to 3.9% in 2026. That’s very optimistic, given the admin’s harsh deportation policy and low-hire labor market. www.nytimes.com/2026/04/03/b... (4/8)",0,1,8463,1,-14.7674078078183,"negative",2026-04-03 20:37:29.956
"at://did:plc:jklgt3iseucesqh2ufdzfzzg/app.bsky.feed.post/3mimv3q6rxc23","tandemabutere.bsky.social","quo usque tandem","tbf even this is partly a curation problem, there's a lot of politics here but it's been fairly easy for me to find non-political community around things like writing, books, transit, food, and cock",0,1,27,1,-9.92594649524792,"negative",2026-04-03 23:34:52.051
"at://did:plc:t4x2ruk2qmob2b2cx55h4v7r/app.bsky.feed.post/3mimqwakphs2q","annabower.bsky.social","Anna Bower","“Three Hundred Habeas Cases in Which the Government Has Defied Court Orders”

An extraordinary database of non-compliance, from @katherinepomps.bsky.social and @benjaminwittes.lawfaremedia.org for @lawfaremedia.org. 

www.lawfaremedia.org/article/thre...",536,1080,291024,1,-3.2513851034335,"negative",2026-04-03 22:20:13.86
"at://did:plc:c5bi2cqd7xaw36gofminr65a/app.bsky.feed.post/3mij6up6f3s24","tofusatyr.bsky.social","Bligeard the Satyr","While hardly something unique to Ireland, this kind of reckless approach to development does feel especially loathsome in a small country so deep in multiple crises as Ireland. Deciding to sprawl a few thousand houses over greenbelt land will do little (or nothing) to ease the housing crisis.",2,3,320,1,-12.9317291046554,"negative",2026-04-02 12:19:12.255
"at://did:plc:jbjqcvzcivnyxms2gyljycf2/app.bsky.feed.post/3mims5ttors23","fwordleproblems.bsky.social","First Wordle Problems","And I remember this clearly as the moment I started to get really horrified. Because that was (at that point) just about the worst, most in-American thing I’d heard an American political figure say. Just beyond the pale. And they cheered. His polling numbers went up.",0,4,4141,1,-15.666096614075,"negative",2026-04-03 22:42:22.554
"at://did:plc:odz3mwx4fyttgracofvm3e5m/app.bsky.feed.post/3mimjdjeaac2p","fredgrott.bsky.social","Fred Grott","3 times amount of jobs added in March with no change in unemployment...how can we say Trump just ordered Dept of Labor to just make up numbers...",0,1,1339,1,-15.636453468788,"negative",2026-04-03 20:04:27.459
"at://did:plc:lqkpbpemly5vyvbeismqmffh/app.bsky.feed.post/3milhsq575c2s","chrisl86.bsky.social","Chris #ChangeEverything #VoteGreen","The Iran war is making everything more expensive for us, but some companies are cashing in. Don't think that's right? Sign the petition now demanding they are taxed more on their record profits to help us all with the cost of living. you.38degrees.org.uk/petitions/ra...",0,0,6398,1,-50.5839688228109,"negative",2026-04-03 10:04:31.957
"at://did:plc:dtivbttzchlmb7iexbbpxowx/app.bsky.feed.post/3mily6j67zc2i","broadbent.bsky.social","Broadbent Institute","Grocery industry real wages grew substantially from 2018-2020, but since then inflation has negated those gains, regressing wages back to 2018 levels. The decline in real wages has been concurrent with an increase in corporate grocery retailer profits.",2,9,3916,1,-18.9184951309818,"negative",2026-04-03 14:57:24.457
"at://did:plc:bpvgzuwnonr6wwp4nx22e4wj/app.bsky.feed.post/3mimtnz3tvk2u","bigladydragon.art","20 Years of Marie the Foxy!","I keep my art free of violence gore and any divisive or political themes, I draw wholesome stuff cuz I enjoy it",0,1,1760,1,-5.93696244868365,"negative",2026-04-03 23:09:16.462
"at://did:plc:vsq2lir4527hv77tlxahhq6i/app.bsky.feed.post/3miknjbdbgk2y","ingridm.bsky.social","Dr Ingrid M🪁","any and every type of rising costs-crisis hits hardest on the lowest income households. That is how the political economy of liberal capitalism works, and is designed to work. Housing crisis? Poorest hit hardest. Fuel crisis? Poorest hit hardest. Pandemic? Poorest hit hardest.",13,38,8001,1,-15.224263861796,"negative",2026-04-03 02:13:56.654
"at://did:plc:67egoqshr4z7zvksrjam4xnl/app.bsky.feed.post/3mild66oh722p","tafodyddraig.bsky.social","Ken Roberts","The Iran war is making everything more expensive for us, but some companies are cashing in. Don't think that's right? Sign the petition now demanding they are taxed more on their record profits to help us all with the cost of living. you.38degrees.org.uk/petitions/ra...",0,0,50,1,-50.5839688228109,"negative",2026-04-03 08:41:28.852
"at://did:plc:dpprex2tp7zfygit64th3epf/app.bsky.feed.post/3mimccqjdic2b","alumni-pred.blacksky.app","King Prediket","Dude single handedly make America look like the weakest nation ever, in its history..lost allies, crashing and burning the economy, pushed inflation twice, and actively making us a third world country..and fighting to not correct the ship.  Shits embarrassing af..",1,0,1137,1,-13.6860889693833,"negative",2026-04-03 17:58:45.153
"at://did:plc:qnbbuhzxydatxkgn3m5lelu3/app.bsky.feed.post/3mdmrcpu7ac27","oktowngirl57.bsky.social","Jana TRUBLU💙","Bonamici can't avoid the real issues pressing our country right now! Mainly ICE secret police military forces amassing all over the country. Getting back ACA credit 4ppl who need it and not the rich 1%ers. Lowering the cost of food & high rental fees. Working2 have free elections this fall.",0,0,3899,1,-19.8651521303861,"negative",NA
"at://did:plc:pwwsxgki23lnbl4fp52ujsi4/app.bsky.feed.post/3mifgn2kskk2j","barbarapocock.bsky.social","Barbara Pocock","Australia’s housing crisis cannot be solved unless we tackle intergenerational inequality. We need solutions to get young people, first home buyers and renters access to affordable and secure housing. That’s why we have secured a Senate inquiry into this.",3,16,7145,1,-18.3253566510078,"negative",2026-04-01 00:27:28.16
"at://did:plc:6wd6s3q5kkmdviqfyfqcodeb/app.bsky.feed.post/3mfsbq4v2vc2o","montanafreepress.org","Montana Free Press","State officials cited ‘intermittent technical issues’ with an online portal ahead of March 1 deadline for landlords, homeowners.",2,4,19641,1,-5.07951221683243,"negative",NA
"at://did:plc:2dt4k435xuhymmjdxuwsijjn/app.bsky.feed.post/3mimggftzlk2z","revolutionnow.ca","RevolutionNow!","An independent B.C. legislator says a Canadian mother who spent three weeks detained at an immigration facility in Texas, along with her seven-year-old daughter, was released from detention on Thursday.
cheknews.ca/b-c-mother-a...",0,0,3666,1,-8.62666351111766,"negative",2026-04-03 19:12:22.561
"at://did:plc:64uzkaydbwywtrvn7ogol22r/app.bsky.feed.post/3mikt4vo76s2o","ari.express","Arika","Final boss of unemployment",0,6,1056,1,-2.28630420738991,"negative",2026-04-03 03:54:23.553
"at://did:plc:h5quiumhpufbtlt5k3w6bf65/app.bsky.feed.post/3milqrfk4l22x","adamc999.bsky.social","Adam_c969","Does anybody believe this jobs report and the unemployment numbers are accurate and believable?

Who believes these numbers are either highly exaggerated or fudged to make the senile old fool look better?",0,3,23168,1,-20.0861158640141,"negative",2026-04-03 12:44:50.452
"at://did:plc:k5gw4742e3idz5ycrv3dnwd6/app.bsky.feed.post/3mih2lnivyi2c","thecanaryuk.bsky.social","The Canary","Worldwide protests highlight how tourism is driving displacement, deepening the housing crisis and fueling climate breakdown",4,6,16509,1,-7.04562507320526,"negative",2026-04-01 15:57:15.162
"at://did:plc:msfb6s4rcoh57szzjmcy5ot6/app.bsky.feed.post/3mimdyqoo2s2h","theelites.bsky.social","Big Money Investigator","Billionaires, Trillionaires trying to bankrupt the middle class already suffering from stagnant wages that helped create their wealth status, now, abuse their power for tax cuts to wage wars to turn against the middle is sociopathic economics.",0,1,527,1,-19.5646362691659,"negative",2026-04-03 18:28:57.056
"at://did:plc:quyye4wt3pjdigb5toaxks5f/app.bsky.feed.post/3mimgab5zf22x","joannamtx2011.bsky.social","Joanna","Apparently a huge portion of that is striking employees in healthcare returning to work. And unemployment dropped because people are giving up looking for a job. Not good.",0,0,859,1,-4.35569541321624,"negative",2026-04-03 19:08:54.754
"at://did:plc:ao2f4sckq7jk53dhywyrb5bl/app.bsky.feed.post/3mimdglnfos2h","cyberwolf.bsky.social","Raytheon Nublinski","Republicans will, without irony, tell you to grow up when it comes to wanting universal healthcare and living wages and electric cars and public transportation

And then turn right around and try to convince you Jesus is real

#Easter",1,1,309,1,-22.9096745681096,"negative",2026-04-03 18:18:47.862
"at://did:plc:2fdihqhlzp2oqegyzgzkvfkt/app.bsky.feed.post/3mimcdfy3322f","keirstitt.bsky.social","Keir Stitt","As I used to say in 2021 when people talked about inflation being transitory, it's the transient that hurts.",0,1,129,1,-7.77751208208113,"negative",2026-04-03 17:59:06.171
"at://did:plc:xzbocpwcp2odpbpfq7iietj6/app.bsky.feed.post/3miezyqixbc2n","sailorgirl2017.bsky.social","a Page in your life 🍁📎","We're looking at millions who want to run here until the problem is solved in the US, putting an enormous burden on our existing housing crisis & our healthcare. 

These are not people with particular skills to fill our needs. 
Thiese are people unwilling to fight for their country.",0,0,13980,1,-10.6137262878587,"negative",2026-03-31 20:41:19.95
"at://did:plc:dld7xgncoaevf3xbrzvofvpv/app.bsky.feed.post/3milgwd7lv22x","raretrack.bsky.social","Raretrack Rob","The CPC464 was my first computer, bought with my first wages when I started working. First thing I did was write a timetable planner for my local station! 😀",0,0,1892,1,-10.3006399446893,"negative",2026-04-03 09:48:37.954
"at://did:plc:qmr4lqbz4e4tqjrs6eoer2xl/app.bsky.feed.post/3mimryaypzc2m","octobermystic.bsky.social","Octobermystic","I know. And all the states around Pennsylvania have raised their minimum wages, even Ohio. It's embarrassing and pathetic.",0,4,3003,1,-6.53479944943927,"negative",2026-04-03 22:39:13.255
"at://did:plc:yru37r2dlvorqn37b6t5euoi/app.bsky.feed.post/3mimokriqz227","eekamouse.bsky.social","Valerie","The shitting will continue until wages improve?",0,0,1697,1,-3.6444276915431,"negative",2026-04-03 21:37:59.352
"at://did:plc:l23dewwndsjir3j4jqfmpup3/app.bsky.feed.post/3mimrbuhwdk2x","jekllnnhide.bsky.social","Mt Pleasant 🇨🇦 🇪🇺","getting pretty fucking tired of watching further-left and conservatives....  supported by journalists/writers... dogpile  'Liberals' like our basic components don't include parts from left(er) and right(er).

Cons I kind of get, but left-er? 

The political tribalism has to stop",0,6,8906,1,-9.46332297329981,"negative",2026-04-03 22:26:40.352
"at://did:plc:hvkhd7ngjpmflbeaoi4qkphh/app.bsky.feed.post/3mil7xhhcyc2a","bearwithme1.bsky.social","@E","My energy bill was a delight to see this month. My wages went up for the first time last year, in over a decade. Tax is still an issue but aware that goes mostly to compensation which stops things from being spent on fixing the problem. We are no longer a global joke and houses are being built.",0,0,366,1,-20.5966973173479,"negative",2026-04-03 07:43:58.95
"at://did:plc:3muqeah77pocck2ldp6owb5v/app.bsky.feed.post/3mimraaxmak26","dizlz.bsky.social","LizPu","Trump Threatens War Crimes Then Targets Political Enemies
open.substack.com/pub/rawstory...",0,0,12429,1,-9.39878445216224,"negative",2026-04-03 22:25:51.55
"at://did:plc:pb2jeyob4s2kjt7qcvwjcv5h/app.bsky.feed.post/3midgkwscp226","rachelxb.bsky.social","Rachel Barney","If Carney actually thinks this will solve our housing crisis, welcome back NDP",2,3,2993,1,-16.2275659706597,"negative",2026-03-31 05:20:57.152
"at://did:plc:qxwqtrdou26zcevtdpkgztkf/app.bsky.feed.post/3mil7nvzq422r","josephine7777.bsky.social","","The Iran war is making everything more expensive for us, but some companies are cashing in. Don't think that's right? Sign the petition now demanding they are taxed more on their record profits to help us all with the cost of living. you.38degrees.org.uk/petitions/ra...",0,0,31,1,-50.5839688228109,"negative",2026-04-03 07:38:43.85
"at://did:plc:scyozezymlbicok26tl3jxni/app.bsky.feed.post/3mim56ns2ek25","t0ussaint.bsky.social","t0ussaint ☭黑人问号脸","S&P Global US Services PMI fell to 49.8 in March, signaling the first contraction in the sector in over three years...weakest growth in new business since April 2024, as firms cited reduced client confidence and softer demand...Input cost inflation accelerated to its highest level this year",0,0,1104,1,-25.3316052959285,"negative",2026-04-03 16:27:05.37
"at://did:plc:7atfw5iz77vwsq5gp3l2itml/app.bsky.feed.post/3mimtebyte22r","thecakeisnotalie.bsky.social","the spooky cake is not a lie","Yup! And this is why they'll get away with all of it. Because they absolutely are going to destroy as much evidence as possible, there is zero political will for throwing them into the fire for doing so, and USians will never in a million years raise enough hell about this to make politicians care.",0,1,3533,1,-23.0844489192681,"negative",2026-04-03 23:03:50.453
"at://did:plc:pwi4fynrowhdjrmexmk5c36k/app.bsky.feed.post/3mimqqqa7vk2a","roarkfineart.bsky.social","🇺🇦 ☸️🕉️PRO-democracy ⚖️ 🗽🎓📚non sibi SED PATRIAE 🟦  צבר","Is he committing political suicide or is he ""firing"" everyone and will only have an absolutely loyal circle then crown himself? 

He's not stepping down and Putin directs his every move.",0,2,33089,1,-18.8077828002521,"negative",2026-04-03 22:17:07.251
"at://did:plc:pswt6gpfm4rkiod6lo7qdfz7/app.bsky.feed.post/3midlhkfrg22n","gavinwhite76.bsky.social","Cllr Gavin White","We have seen 500+ long-term empty homes brought back into use in under 2 years with our empty homes team. Important work to help us tackle the housing crisis and see more homes available for local residents to live in.🏡

Find out more: ➡️ orlo.uk/y2OwZ

www.manchestereveningnews.co.uk/news/greater...",0,0,266,1,-16.5415653514289,"negative",2026-03-31 06:48:36.359
"at://did:plc:p5wluw4ukbqysdm43t7grhfc/app.bsky.feed.post/3mim4ebq2zs2n","tittanksmctits.bsky.social","Lithik The Tittank 🔞","Made quick Avana boob thing with input from a recent poll that had inflation win by a single vote, thus we have taut bean boob balloons! Poor Avana isn't too fond of floating in the air or having her breasts pulled extremely taut...

Also Natalie who's here to cause problems as she usually does.",5,43,984,1,-13.1220188310985,"negative",2026-04-03 16:12:20.56
"at://did:plc:izowlgy2cewk7glm6ax6mnnf/app.bsky.feed.post/3mimaho3aws27","econberger.bsky.social","Guy Berger","Most of the decline in unemployment has come from fewer people with short unemployment spells...

My hot take: the recent decline in layoffs might have something to do with this.",2,7,54761,1,-7.3026375226008,"negative",2026-04-03 17:25:44.958
"at://did:plc:4llyqwdqnd6t7ncyvvjzeih7/app.bsky.feed.post/3mimkdzyes52l","charleskeener.bsky.social","Charles Keener","The Venezuelan immigrant, who is identified by the pseudonym “Johnny Hernandez,” is seeking $56 million in damages. Despite having no criminal record in the U.S. or Venezuela, he was arrested by federal immigration agents and then sent to El Salvador, where he says he was tortured.",4,27,121647,1,-8.30124111068303,"negative",2026-04-03 20:22:37.358
"at://did:plc:e7ws6nfsebjnncxbdjo4adls/app.bsky.feed.post/3mif4xu7af22o","jsb.bsky.social","Enema Bag Jones","This is a cruel & harmful decision that put lives at risk. PHR does life saving work, not only safe consumption services. Cutting funding to organizations when you already can’t keep up with the need is naive, irresponsible, and choosing ideology over people 
www.ckom.com/2026/03/30/p...",0,0,159,1,-24.7018550013514,"negative",2026-03-31 21:34:33.863
"at://did:plc:mf7byfitfseyqjjj72wm2mfn/app.bsky.feed.post/3mimiu34yds2m","middleofroad.bsky.social","","Indictments Reveal $180 Billion in Fraud Under Newsom’s California, From Unemployment Scams to Governor’s Own Chief of Staff

istandforfreedom.com/cali-indict-...",0,0,11,1,-2.69176931549807,"negative",2026-04-03 19:55:50.859
"at://did:plc:6laekojw3whqu64tlaxopvgx/app.bsky.feed.post/3mimk5igks22n","josiahmortimer.bsky.social","Josiah Mortimer","This should be game over for him in his role, but it won't be. 

Reform's policy chief ""was on a panel of two alongside Martin Helme, a white nationalist Estonian politician whose self-professed immigration policy is “if you’re black, go back.”"" open.substack.com/pub/writesbr...",58,109,53964,1,-8.91434558356944,"negative",2026-04-03 20:18:57.858
"at://did:plc:vivbu3hyboxo6lbxqagxblf4/app.bsky.feed.post/3milyrs4gyk2u","levfm.bsky.social","Lev","Also even though it’s all in 2026 $$, it seems like the apartments from the 2000s are more likely to have increased in price than ones from the last few years, which implies an inflation-effect. But maybe there’s some other reason for that trend, like they’re more likely to have been renovated?",0,0,88,1,-10.6415665316599,"negative",2026-04-03 15:08:12.657
"at://did:plc:achymmqe2s6ohffkw7uxjwfn/app.bsky.feed.post/3mimjbylktc2m","richardjfoster.bsky.social","Richard Foster","So...you give people money to deal with inflation, but take it all back via taxation? Genius. 

Would cost money just administering that.

Why not just give the universal support in the first place?

Government support for COL is best targeted at the most vulnerable, not a broad brush to everyone.",0,0,73,1,-19.8374022174332,"negative",2026-04-03 20:03:36.769
"at://did:plc:kkergqgbhb56ptpwj2wenkje/app.bsky.feed.post/3mimuh36t3d2r","socpaperbot.bsky.social","Sociology papers (journals + SocArXiv)","Financial Markets and Mass Political Attitudes: Evidence from the 2022 Brazilian Election How do financial markets affect mass attitudes toward candidates in democratic elections? We theorize that, especially in financially open countries in the Global South, voters respond to fi
 #sociology link",0,0,939,1,-12.6215741763516,"negative",2026-04-03 23:23:17.356
"at://did:plc:djgi7xdk2insvtrazdwlpftm/app.bsky.feed.post/3milzaxbhrk2k","gregoryewilliams.bsky.social","Gregory E. Williams ☭ 🇨🇺 🇵🇸 🏳️‍⚧️🏳️‍🌈","“The unemployment rate dipped to 4.3% in March from 4.4% the previous month, although that was largely because almost 400,000 people dropped out of the workforce.”",0,1,326,1,-6.8814240575245,"negative",2026-04-03 15:16:41.017
"at://did:plc:2w53da5b2gvpzlb3htcghhnn/app.bsky.feed.post/3miewyjqotc2p","rossengineer.bsky.social","Ross","War in the Middle East, oil shocks, supply chains in chaos, housing crisis, millions without healthcare...

But this is Trump's focus -",1,2,4953,1,-10.5074470766838,"negative",2026-03-31 19:47:34.351
"at://did:plc:qbl7vybnnu66ujk6vnhdqs3r/app.bsky.feed.post/3mimteecrks26","harrysargent2.bsky.social","Harry Sargent","I don’t see this a political thing necessarily either: More a product or pressures to secure jobs, grants and publications over the pursuit of truth..",0,2,3671,1,-16.5821587483941,"negative",2026-04-03 23:03:53.757
"at://did:plc:h4f4qdtqobfrfl66qouho5lo/app.bsky.feed.post/3mimstrxrcc25","estarianne.bsky.social","estarianne","""If illegal immigration is all they were worried about until like yesterday why does the president keep talking about shithole countries?""",0,0,4539,1,-8.44434195432371,"negative",2026-04-03 22:54:38.753
"at://did:plc:jxx67pf2gkl44tyfqfi72gqf/app.bsky.feed.post/3mihqmrcuu223","progressiveknife.com","Kronos","they're going to skin you alive for than one. there is no housing crisis in Stancil world.",0,0,697,1,-7.26876862451947,"negative",2026-04-01 22:31:34.856
"at://did:plc:3y762nmoam7z2s2ilgoeommp/app.bsky.feed.post/3millyrma5224","biscuits01.bsky.social","","The Iran war is making everything more expensive for us, but some companies are cashing in. Don't think that's right? Sign the petition now demanding they are taxed more on their record profits to help us all with the cost of living. you.38degrees.org.uk/petitions/ra...",0,0,4,1,-50.5839688228109,"negative",2026-04-03 11:19:39.953
"at://did:plc:kvawye3y5ssbgdmmrhyi6yvf/app.bsky.feed.post/3miltee34sk2v","shaneoliver.bsky.social","Shane Oliver","US March jobs data was mostly solid with payrolls +178k, v mkt +65k. However, Feb was revised to -133k from -92k. Unemp fell back to 4.3%, partly helped tho by participation falling 0.1 to 61.9%. Wages growth slowed to 3.5%yoy from 3.8%.
Nothing to change the Fed from on hold here",0,1,216,1,-11.0088104269479,"negative",2026-04-03 13:31:12.657
"at://did:plc:zjbzbk7hcgs4jgn5gmdxr2wl/app.bsky.feed.post/3mimj4vhks22y","catskillowl.bsky.social","Neonila 🇺🇸🇺🇦","“Americans don’t want foreign wars, they want cheaper health care, groceries, and gas at home.

“As the President wages a war of choice with Iran, he’s now asking for the largest defense budget in history.”

- @crow.house.gov 
Rep. Jason Crow",0,1,4693,1,-26.9942401115581,"negative",2026-04-03 20:00:46.354
"at://did:plc:cqgdt7t6ammnuguovswp6dr6/app.bsky.feed.post/3mimtfii7nk2n","sabu1919.bsky.social",NA,"LOL, that's the best way to stay sane in today's political climate.",0,0,657,1,-10.1490900465621,"negative",2026-04-03 23:04:31.555
"at://did:plc:oyik4pyuyhsqlgqr3qdojmyn/app.bsky.feed.post/3mimuszmeac2o","carlosocampo.bsky.social","Carlos Ocampo","March 30, 2023: political cartoon of David Harris as a member of the Ku Klux Klan.

January 25, 2024: obscenity trial based on how embarrassed Patrick Ross felt with members of the General Assembly of Illinois.

January 28, 2026: Obstruction of justice by Mary Jane Theis.

@ilattygeneral.bsky.social",0,0,101,1,-4.58703573173463,"negative",2026-04-03 23:30:03.477
"at://did:plc:37cvtbhsxthq65ihgpfafjir/app.bsky.feed.post/3mimrakerws2y","willa-oczki.bsky.social","Willa Oczki","Hope we get to hear the comedians opine on tRUmp's latest stupendous stupidity & utter political suicide for THE ENTIRE Republican Congress to say that ""we can't afford Social Security or Medicare, let alone Medicaid"" (cont.)",0,0,4007,1,-15.4065854185899,"negative",2026-04-03 22:25:57.553
"at://did:plc:7phtznre2nmshvjux4rzz6de/app.bsky.feed.post/3mimrnrecns26","callmerux.bsky.social","R. N. Popa (RuxTheAuthor)","OOooo I love me some political intrigue.... ok I'll keep going. Thank you!",0,0,3100,1,-5.2438152681237,"negative",2026-04-03 22:33:20.053
"at://did:plc:4t2avqxrvflqjusevmskfyhc/app.bsky.feed.post/3miknhvo4h22i","torcho.bsky.social","A. Torch","#stl has an affordable housing crisis, both north & south, central/north compounded by McKee, out of town land bankers and last year’s tornado. Other areas by a lack of availability, scum landlords and city agencies who have failed the citizenry. Call the mayor and your alders, put the pressure on.",0,5,2666,1,-13.5195157695575,"negative",2026-04-03 02:13:09.557
"at://did:plc:r73kjlwfdyge5x2laitip3pc/app.bsky.feed.post/3milroeg7m52k","uspol.skyfleet.blue","USpolitics 🇺🇸","US labor market added 178,000 jobs in March ahead of economists’ expectations",0,0,7133,1,-2.13702445779725,"negative",2026-04-03 13:01:01.36
"at://did:plc:bq6czzprpcspeqnximbukbdt/app.bsky.feed.post/3miljzrglok2e","bse-writer.bsky.social","Barbara Scott Emmett","The Iran war is making everything more expensive for us, but some companies are cashing in. Don't think that's right? Sign the petition now demanding they are taxed more on their record profits to help us all with the cost of living. you.38degrees.org.uk/petitions/ra...",0,0,477,1,-50.5839688228109,"negative",2026-04-03 10:44:14.75
"at://did:plc:iqbjchv7t2cnvydlur3ntssx/app.bsky.feed.post/3mid3beqblc2t","stevewishnia.bsky.social","Steven Wishnia","Before I went to the NYC No Kings on Saturday, I covered this protest by public-housing tenants in East Harlem—against the Mamdani administration continuing to privatize public housing. Photos by Judith Sokoloff. www.work-bites.com/view-all/we-...",0,0,53,1,-3.76221072719949,"negative",2026-03-31 01:58:46.363
"at://did:plc:g3lge5wz6rgzpco56r3wi6v4/app.bsky.feed.post/3mimksuxevc2e","tommasinaresist.bsky.social","TommasinaResist⚜️🦋🐈‍⬛","I remember my sister finishing law school in 1985, and the starting salary with a big law firm here was $42,000-- and that was huge. Poverty wages today.",3,11,81174,1,-5.84165226887932,"negative",2026-04-03 20:30:56.257
"at://did:plc:zqog2zk7megrpxbac27po33h/app.bsky.feed.post/3mil33o2k5s2s","1717pete.bsky.social","Peter Butler","Well written analysis. Governments are always happy to announce that unemployment is down to 4% or whatever, but those 4% are held responsible for their situation. thepoint.com.au/opinions/260...",0,0,2093,1,-4.48352878472613,"negative",2026-04-03 06:16:55.057
"at://did:plc:jvml6z4ivpq4w3ag6izz6eqx/app.bsky.feed.post/3mimtdoiks22h","cellytron.bsky.social","hempen garments of woe","My whole thing where something awful happens whenever I see a bald eagle is still going. I don’t think i’ve kept track of all of it on this account yet. It goes back at least 5 years, and involves shit like my mother and two cats deaths, trump winning in 24, a bunch of other political shit, AND",0,1,362,1,-22.3913017387082,"negative",2026-04-03 23:03:30.049
"at://did:plc:qrztq6l2qgsvs24uh7fbsy4i/app.bsky.feed.post/3militrcja222","stonework1.bsky.social","","I suppose you have to incentivise people to work as some low skill jobs even with the  minimum wage are not well paid. If people are on benefits which are based on basic income to live, then as Gordon Brown did maybe top ups should be added to wages to get them above benefit payments.",0,1,160,1,-5.35177656548159,"negative",2026-04-03 10:22:57.051
"at://did:plc:z7pmf64ibgdrxfevncvd7c22/app.bsky.feed.post/3mimuotthxc2y","redheaddebbie.bsky.social","Debbie","Using Gaza during elections & the new trans hashtag after giving up on ""black people love us"" circa 2020 is so transparent. They blamed the brown community for Trump & wanted us off immigration until white people were killed. Trying to force Ds into a Naziracistrapeisokhomophobicmisogynist candidate",0,2,8813,1,-13.7509581236864,"negative",2026-04-03 23:27:39.651
"at://did:plc:oanbvrxju63kvu6jwe47cdvj/app.bsky.feed.post/3mils5fglck2d","kellzevan.bsky.social","KellzEvan💙🫶🏻","I call BS.  Ever since Trump fired the head of the BLS, their numbers can't be trusted.  And these figures will get adjusted down (just like February) with a fraction of the fanfare as they are getting today...
www.theguardian.com/business/202...",1,8,39159,1,-17.7680110116069,"negative",2026-04-03 13:09:27.552
"at://did:plc:6xt7j6q2g4oedf5b6fdpx7dd/app.bsky.feed.post/3mihexns5ks2n","berkie1.bsky.social","Jonathan Berk 🏠","“Everything that is happening now; the affordability crisis, the housing crisis, the transportation crisis, the utility crisis, is because building good things has become too hard.”",4,15,12386,1,-15.3580238519755,"negative",2026-04-01 19:02:55.257
"at://did:plc:bsb2is6krjv53rackflyqnxj/app.bsky.feed.post/3mimto7udn22o","mishazgreen.bsky.social","Misha Zimatskiy","The fact that the systems of power value decorum and ""niceness"" over kindness was a key factor much more important, but it doesn't mean the political grooming is insignificant to understanding how the far right gained power.",0,0,1150,1,-12.2180602883747,"negative",2026-04-03 23:09:22.954
"at://did:plc:4u3yitz6vyqlaggwwgohyfl7/app.bsky.feed.post/3mimvdep3v22x","dsm1132.bsky.social","David S. Moore","Can't decide what about her time in office was the worst:

Hiding the Trumpstein files and refusing to prosecute ANYONE

Redirecting the DOJ to immigration cases and ignoring many other categories of crime

Attempting to indict the political figures that Trump hates

Collaborating with Stephen

1/2",0,0,924,1,-10.2668730822185,"negative",2026-04-03 23:39:07.55
"at://did:plc:63qzp63fz5q45anhnxhoxhl5/app.bsky.feed.post/3mimojjtbxk2x","michaelkarlik.bsky.social","Michael Karlik","A federal judge in Colorado accused an immigration judge of not reading his orders, treating them as non-binding, and, essentially, disobeying his directive to hold a bond hearing:
www.coloradopolitics.com/2026/04/03/f...",2,4,1377,1,-1.8650907423136,"negative",2026-04-03 21:37:20.551
"at://did:plc:ejmdn5t2qj3eyttzfb5dgqu7/app.bsky.feed.post/3mffhge7e4k2z","safexxi.bsky.social","","It doesn’t say if they were planning to return home via the US. The details are murky. My take away was on the prohibition of entering Canada from the US without the right vehicle, insurance coverage &/or rental agreement.  I had to google to understand potential issues.",0,1,1286,1,-7.29443637126805,"negative",NA
"at://did:plc:awja7lo7gd4kg5htprel4i37/app.bsky.feed.post/3mimoxdg4ic2a","rayhether.bsky.social","RayHether","The Inflation Surge Is Just Getting Started talkingpointsmemo.com/edblog/the-i...",1,1,4831,1,-5.07951221683243,"negative",2026-04-03 21:45:03.45
"at://did:plc:ylcmilnat6zieyxhq64bt7at/app.bsky.feed.post/3mimr3czht223","maryjomuser1954.bsky.social","MJM","Older adults are the fastest-growing #homeless demographic in America, with nearly 1 in 5 #homeless individuals aged 55 or older. Rising rents, a lack of affordable housing & financial hardships contribute to this crisis.                    strategiestoendhomelessness.org/2026/02/24/s...",0,0,4129,1,-12.7085855533412,"negative",2026-04-03 22:23:04.455
"at://did:plc:dxm7scyp3yagncaz3343nqlc/app.bsky.feed.post/3mimnju7tfc22","larrym6732.bsky.social","","I just wrote a @theactionnetwork.bsky.social letter: Urge Senators and Members of Congress to Stop Warehousing Immigrants. Write one here: actionnetwork.org/letters/urge...",1,1,11,1,-8.26202039752975,"negative",2026-04-03 21:19:36.258
"at://did:plc:pgrxdjqpaca7mg64rotxg2h4/app.bsky.feed.post/3milmfcqzi22x","starchaser75.bsky.social","Starchaser 🏴󠁧󠁢󠁳󠁣󠁴󠁿","The Iran war is making everything more expensive for us, but some companies are cashing in. Don't think that's right? Sign the petition now demanding they are taxed more on their record profits to help us all with the cost of living. you.38degrees.org.uk/petitions/ra...",0,0,461,1,-50.5839688228109,"negative",2026-04-03 11:26:30.851
"at://did:plc:wxgrz4rt3uwcnz7t4glmabm7/app.bsky.feed.post/3milub6bhuc23","hs3.bsky.social","Heather Smith FB99% FBALL FBPE","The Iran war is making everything more expensive for us, but some companies are cashing in. Don't think that's right? Sign the petition now demanding they are taxed more on their record profits to help us all with the cost of living. you.38degrees.org.uk/petitions/ra...",1,1,1382,1,-50.5839688228109,"negative",2026-04-03 13:47:21.856
"at://did:plc:6ut3rjxhskbobhvzktd3hsoy/app.bsky.feed.post/3mimlknai5c2a","delarevue.bsky.social","delarevue.wordpress.com","Touching On Immigration Freedom Act:
please refer yourselves to this legal research and development discovery:
""The ONE. The Most Fashionable Exodus Ever.""
Publicized ONLY @ delarevue word of press",0,0,172,1,-6.65258248509565,"negative",2026-04-03 20:44:11.959
"at://did:plc:ddcmdof4k5iklckr2almtwkm/app.bsky.feed.post/3mim5mp3w6222","mattmurph24.bsky.social","Matt","U-6 unemployment rate ticked up to 8.0% in March. Wage growth slowed to the lowest level since 2021.",1,1,3480,1,-6.41701641378288,"negative",2026-04-03 16:34:47.665
"at://did:plc:3bvywrfb7fnbouu6pnn62y2d/app.bsky.feed.post/3mid7l2p7k22c","gregoryjacksonjr.bsky.social","Greg Jackson","Now I've decided to stand up against Trump and continue my journey to serve my community by running for DC Council At Large!  My hopes is to take the best of what we accomplished in the White House, coupled with my organizing, to address gun violence, our housing crisis and education crisis in DC.",1,3,336,1,0.732915995226397,"positive",2026-03-31 03:15:47.059
"at://did:plc:kgqmlzpktggtkccktyhtjosv/app.bsky.feed.post/3mie26ms3dk2q","padempolicy.bsky.social","PA House Majority Policy Committee","Housing is more than just a roof over your head—it’s stability, dignity, and opportunity.

@repkazeem.com brought the committee together last night in Chester for a hearing on the housing crisis.",0,0,1013,1,-7.77959424828546,"negative",2026-03-31 11:12:18.351
"at://did:plc:7it4ny446z5cnpxvgvmkjxbz/app.bsky.feed.post/3miliwc4cds2a","grahamhc.bsky.social","Graham Cawthorne","The Iran war is making everything more expensive for us, but some companies are cashing in. Don't think that's right? Sign the petition now demanding they are taxed more on their record profits to help us all with the cost of living. you.38degrees.org.uk/petitions/ra...",0,0,17,1,-50.5839688228109,"negative",2026-04-03 10:24:25.951
"at://did:plc:pwwsxgki23lnbl4fp52ujsi4/app.bsky.feed.post/3mifgozm2cs2j","barbarapocock.bsky.social","Barbara Pocock","We know tax breaks for wealthy property investors are a key driver of the housing crisis & intergenerational inequality. Labor has an opportunity to fix the housing crisis - but if they keep dodging real reform, they’ll lock a whole generation out of owning a home.",9,34,7145,1,-28.4196148148244,"negative",2026-04-01 00:28:35.558
"at://did:plc:m2cvpszowrv3qpgjuj5wecjd/app.bsky.feed.post/3milxozmze22z","lauraabneymba.bsky.social","Laura Abney, MBA🦋🤦🏼‍♀️🐈‍⬛🐾💙🌈☀️🇺🇸","What I’d like to know is what private sector firm hired Bondi.  Nothing would make me happier than to see her have to file for unemployment and Obamacare.",0,0,2491,1,-10.0819507437245,"negative",2026-04-03 14:48:46.054
"at://did:plc:icsgkevq6mfyuf5c357xc7dm/app.bsky.feed.post/3mimqfoajyf2k","ctvnews-mirror.bsky.social","Unofficial CTV News Mirror","U.S. employers added a surprisingly strong 178,000 jobs last month, rebounding from a weak February",0,1,8926,1,-3.38159065908844,"negative",2026-04-03 22:10:56.054
"at://did:plc:c4nngijk4dwvumf3n67pbnfb/app.bsky.feed.post/3mimhxufwm22q","letsgofc.bsky.social","FC","It’s all (the war, budget, firings, etc) a distraction from the economy - job creation and gdp growth anemic while  inflation is picking up steam.",0,1,189,1,-7.80736504523081,"negative",2026-04-03 19:40:03.151
"at://did:plc:m2zhorzdockrwhcrdztq34wh/app.bsky.feed.post/3mimvl2mj6c2a","stevesmith01.bsky.social","Nobody Listens to Steve Smith","Planned Parenthood sent me an email asking me if I wanted to write an essay about how my healthcare has been affected by the political situation. Since the gender specialist I was briefly seeing was from PP, I went ahead and wrote an essay about my story. We'll see if they publish it.",0,1,2921,1,-8.9169463652695,"negative",2026-04-03 23:43:24.151
"at://did:plc:pboltvj6wr6gaituw2s6mrwq/app.bsky.feed.post/3milsv6u4kc2e","elisegould.bsky.social","Elise Gould","We don't have the inflation data yet to show real wage changes in March, but slowing nominal wage growth coupled with rising prices from the Iran war almost surely means real wages will suffer, contributing to worsening affordability.
#EconSky",5,7,3499,1,-37.0880173905374,"negative",2026-04-03 13:22:45.864
"at://did:plc:pbbrw2hbagz7zbkgmfhxllok/app.bsky.feed.post/3milx6qhhpk2n","survivor41.bsky.social","Michael Penn","The Iran war is making everything more expensive for us, but some companies are cashing in. Don't think that's right? Sign the petition now demanding they are taxed more on their record profits to help us all with the cost of living. you.38degrees.org.uk/petitions/ra...",0,0,213,1,-50.5839688228109,"negative",2026-04-03 14:39:42.453
"at://did:plc:izowlgy2cewk7glm6ax6mnnf/app.bsky.feed.post/3miltquk4v227","econberger.bsky.social","Guy Berger","7/ Continuing claims have been doing so well that I've been wondering if we'd see any improvement in unemployment due to permanent layoff (the worst category) and... we did, finally, in March.  Lowest level since last summer.

Still creeping up over the past year (unlike CC).",1,5,54761,1,3.5259360223387,"positive",2026-04-03 13:38:16.156
"at://did:plc:xm4hedc43ryek6dkvlxmftdr/app.bsky.feed.post/3mimcg4hri22e","saraheminnisphd.bsky.social","Sarah E. Minnis, PhD 🏔️","Veterans' unemployment from last year. No new jobs added & the employment landscape is worrisome. The Dow may be up, but the stock market isn't the true state of the economy.

It's a good time for reskilling or upskilling to better compete for open jobs. Questions? Need direction/help? Let's chat.",0,1,2092,1,-14.1354733114263,"negative",2026-04-03 18:00:38.211
"at://did:plc:u6tsgmnf52hqzfrxoav6laqo/app.bsky.feed.post/3mihaoychhk2m","wats.ink","Dan Watson","yeah it’s described as “treatlerism” because people want to doordash outback steakhouse delivery when really it’s more like, a nationwide housing price crisis where people don’t have enough money left for the rest of the month after they pay their rent",1,4,1039,1,-24.0190887898105,"negative",2026-04-01 17:46:29.355
"at://did:plc:typw4rsi36fs2pkn3ofxzich/app.bsky.feed.post/3mime4dfmrc2s","rchristo0407.bsky.social","Robyn Christofides 🇦🇺🦘","In his dreams. He'd have to get immigration approval first & unfortunately, he's a convicted felon in the USA. Once he's no longer POTUS, approval for an entry visa to many countries might prove a bit tricky.",0,2,1904,1,-22.1498090487258,"negative",2026-04-03 18:30:57.56
"at://did:plc:bfnuhuhoxdbcjslchivpjqhg/app.bsky.feed.post/3mils6gzwg22f","brianromanchuk.bsky.social","Brian Romanchuk","Although having the “breakeven growth rate” close to 0% is good for reducing the unemployment rate, that also means that you need to pencil in “real GDP growth = productivity growth” in the growth projections you pencil in for equity valuations.",0,3,2026,1,-8.25714946729515,"negative",2026-04-03 13:10:00.662
"at://did:plc:4lnvtj6qnejz2c5zozksisld/app.bsky.feed.post/3m6ladifnbk2v","blondie013.bsky.social","","I know right. I'm trying hard not to be all judgemental coz I will never know. Maybe housing fell through or Landlord changed their mind about the dog. Maybe  mental health issues. In my area unless your dog is under 30 lbs and approved breeds  it's next to impossible to find a rental.",0,3,22778,1,-13.7559045476218,"negative",NA
"at://did:plc:sgivaeeoc3t5agztghagboe2/app.bsky.feed.post/3mimgbskucc2l","bobrien.bsky.social","B O'Brien","Given the extreme pressures that Britain was under in the 1070s - low productivity, inflation, high unemployment, industrial decline - spending the North Sea oil and has windfall on the economic problems of the time was not a completey wrong choice.",0,0,177,1,-10.0774963933751,"negative",2026-04-03 19:09:47.154
"at://did:plc:7iixqmrntrfkgljaw7gfp7iv/app.bsky.feed.post/3mijg44plm22q","consumerfed.bsky.social","Consumer Federation of America","CFA and a coalition of national organizations sent a letter to #Congress urging oversight hearings, calling Director Pulte to account for his actions that have undermined the functionality of #FHFA and worsened our #Housing affordability crisis.",2,3,2028,1,-11.6099732646731,"negative",2026-04-02 14:28:38.954
"at://did:plc:qpr4gjglvtxexsaqpbwtna6w/app.bsky.feed.post/3milxalijvs2m","mcopelov.bsky.social","Mark Copelovitch","The inflation under Trump was not caused by Joe Biden’s fiscal policy & it is not evidence that Larry Summers or anyone else was right to ridicule all of us who told you that inflation wasn’t “permanent” in 2021-23. It is entirely caused by new self-inflicted policy own goals since January 2025.",8,50,62992,1,-23.8815951204225,"negative",2026-04-03 14:40:41.453
"at://did:plc:iqe5kpebkmo2lm7zeqtl3awx/app.bsky.feed.post/3mimu4okjic2r","fedprimerate.com","Prime Rate","FEBRUARY 2026 Employment Situation (Jobs) Report

> Nonfarm Payrolls: -92,000

> U-3 Jobless Rate (Headline): 4.4% <

MORE: > economy.fedprimerate.com/2026/03/USA-... <

MORE: > bit.ly/Jobs-Data <

#FedPrimeRate #Jobs #Labor #Unemployment #Wages #Payrolls",1,1,1510,1,-7.80753652769715,"negative",2026-04-03 23:17:27.056
"at://did:plc:kkergqgbhb56ptpwj2wenkje/app.bsky.feed.post/3midyprxltz2t","socpaperbot.bsky.social","Sociology papers (journals + SocArXiv)","How Initial Accommodation Shapes Refugee Integration: Quasi-Experimental Evidence from the Ukrainian Displacement Crisis in Denmark Sudden displacement crises require rapid expansion of refugee accommodation, yet little is known about how different types of initial housing affect
 #sociology link",0,0,939,1,-24.3097660660663,"negative",2026-03-31 10:45:47.051
"at://did:plc:3wvjhhuahjicitydrm6dhvim/app.bsky.feed.post/3mimeycfyxc2n","gioooni.bsky.social","Giooovani","Clothing inflation?",0,1,361,1,-2.4892450513866,"negative",2026-04-03 18:46:35.352
"at://did:plc:fznuar5wgcf7pol6zg5fa3zx/app.bsky.feed.post/3mim54mxnj227","neonnomad.bsky.social","Neon Nomad 🇨🇦","The world will dump the US dollar & US debt will get super expensive. Hope everyone is ready for those apples. Inflation, long term high interest rates, currency crises, lower standard of living.",0,1,1667,1,-18.0540918026917,"negative",2026-04-03 16:25:51.052
"at://did:plc:govczfadiqybl5lihpfhviis/app.bsky.feed.post/3mimkyct5vs25","jcollins.bsky.social","Jon Collins","Of those who were deported from Minnesota, about 45 percent were labeled as collateral arrests, meaning federal agents encountered them in a public place or during an operation targeting another person, rather than targeting them explicitly. (5) www.mprnews.org/story/2026/0...",17,22,11482,1,-6.8349040418896,"negative",2026-04-03 20:34:01.754
"at://did:plc:3oz4i24n23qnu3a6gwjodag7/app.bsky.feed.post/3mimmavng3s2p","hotpaper.bsky.social","Martin Rosner","The new law allowing European countries to open up immigration slave camps operated by third parties shows us that all institutions have failed. 

No government will ever offer you a better life, all we have is each other to save us.",1,32,7722,1,-16.0813834604817,"negative",2026-04-03 20:56:40.854
"at://did:plc:pjx3yhf6b6mtkxs6eix33ksp/app.bsky.feed.post/3mimtez4t222c","rinhugs.bsky.social","Rin, Is Dreaming","Inject the defined experience of the overview effect into every person in a position of social, political, and economic power…",0,0,346,1,-8.86815620110007,"negative",2026-04-03 23:04:16.455
"at://did:plc:an5j4lkbkxyhfxddidjoy22a/app.bsky.feed.post/3miklwdjrd22q","guwonder.bsky.social","GUWonder","Delusional Don of the Trump-Epstein-Maxwell crime family with the 94% unemployment rate and Mercedes-Benz nonsense sounds a lot like the talking points of Swedish neo-Nazis and Sweden’s neo-Nazi adjacent types talking about Sweden’s Somalis.",0,0,989,1,-9.87455554937843,"negative",2026-04-03 01:45:26.763
"at://did:plc:l2qsfwccywz7wstbelokr3ft/app.bsky.feed.post/3mimva67mjk2v","robbraderson.bsky.social","Rob “Pluto Is Not A Planet” Braderson","the paper of record lays down another humiliatingly awful and embarrassing headline that wouldn't pass muster in a 9th grade political science writing assignment.  I canceled my subscription over two years ago and haven't missed it one little bit",0,0,844,1,-12.3085742959155,"negative",2026-04-03 23:37:20.951
"at://did:plc:iqdn45j5p6ug36wcert7vv6j/app.bsky.feed.post/3mimlaex2cs2n","coloradowildflower.bsky.social","Wildflower","Well, right now it's called ""unemployment benefits"". Employers pay them",0,0,1162,1,-7.69193330972703,"negative",2026-04-03 20:38:28.955
"at://did:plc:kvykxwxfjdk6vybbz7ydkboq/app.bsky.feed.post/3mimgrd7uhs27","thmpsnnancy.bsky.social","Nancy Thompson","Local officials warn of ICE arrests at domestic violence courthouse, decry feds violating state law chicago.suntimes.com/immigration/...",0,2,32759,1,-4.45535790775943,"negative",2026-04-03 19:18:33.158
"at://did:plc:htdsafwakqmzvuk2oivijzn6/app.bsky.feed.post/3m5kuk6a3wk2c","nberlat.bsky.social","Noah Berlatsky","rental costs can also affect hiring for certain jobs in certain areas. etc. 

there are very few issues that affect *everyone*; that doesn't mean they don't matter or don't motivate people.",0,10,29597,1,-18.2596013899423,"negative",NA
"at://did:plc:ne7m7b4d5kh6olknylykzsvb/app.bsky.feed.post/3miesw4t5or2l","theage.nzcow.com","The Age (unofficial)","📢 Australia has done this before. The lesson from history is clear: when governments use public land with purpose, they don’t just build more housing, they build a fairer housing system.",0,0,634,1,-15.939883898208,"negative",2026-03-31 18:34:37.354
"at://did:plc:m37w4ujqejiehwi6tzw2k5s6/app.bsky.feed.post/3mimw7la4bc2m","igotnothin.bsky.social","igotnothin","Wages, perhaps?",0,0,321,1,-3.35674561909132,"negative",2026-04-03 23:54:53.45
"at://did:plc:kygy7pzb3gsv6bdnmbwyplcp/app.bsky.feed.post/3mimg3sshdb22","brumus.bsky.social","Gill Kimber","I can’t bear the refusal to call what the Israeli government has being doing in Gaza genocide.  I’m not at all keen on the current Home Secretary’s draconian approach to immigration. But looking at the Labour MPs as a whole, they are an intelligent bunch who *do* care for their constituents.",0,3,560,1,-12.9033296301337,"negative",2026-04-03 19:06:27.059
"at://did:plc:6cvqmnqfd4wwyttt7r6xzf4j/app.bsky.feed.post/3mimejriwkc2u","chrjcar.bsky.social","Christopher-J (aka Eustach the Wanderer)","The pain at the pumps and the expected rise in #inflation is a financial challenge for many as the #cost-of-living continues to climb, but overall, #Canada is not nearly as exposed to the impacts of the #energy crisis as many other countries.
www.cbc.ca/news/canada/...",0,0,1604,1,-10.1671085520648,"negative",2026-04-03 18:38:30.358
"at://did:plc:3ciqbp7boguxzyt5thoo44uk/app.bsky.feed.post/3mifvrfx7m22i","thorntonjones.bsky.social","Thornton Jones","It’s blindingly obvious. Schools are closing across London at an alarming rate - and maybe in other parts of the country too. Why? Housing costs.",0,0,462,1,-6.38064876961201,"negative",2026-04-01 04:58:22.154
"at://did:plc:7nagdvjqrzaquzk7mueohne5/app.bsky.feed.post/3mimjmxpcrk27","mcpli.bsky.social","Michael Li (李之樸)","Greater NYC grew modestly overall last year, but that was due to immigration since the metro region continued to see significant out-migration.

With immigration expected to be much lower this year, a good likelihood the region's growth will turn negative.",0,4,21843,1,-6.4136905768133,"negative",2026-04-03 20:09:45.059
"at://did:plc:ce4husnhf7rwiew65utygr24/app.bsky.feed.post/3mimb3seumc2f","iangedge.bsky.social","Ian Gedge","The Iran war is making everything more expensive for us, but some companies are cashing in. Don't think that's right? Sign the petition now demanding they are taxed more on their record profits to help us all with the cost of living. you.38degrees.org.uk/petitions/ra...",0,0,317,1,-50.5839688228109,"negative",2026-04-03 17:36:58.359
"at://did:plc:werqd4wyhsvyxtrehsqn4j3q/app.bsky.feed.post/3mfagx4y6xs25","levelheadedind.bsky.social",NA,"From 2009 (ish) onward, we didn't need extra labor amid economic factors, plus ongoing housing/rental shortages. Mass immigration burdens the middle class heavily do to these financial issues. That's why we limit legal immigration. Borders serve real purposes, it's not inherently racist or fascist.",0,0,36,1,-7.09886958772407,"negative",NA
"at://did:plc:x7vgttejgjqclblnts7cdoxg/app.bsky.feed.post/3mgrbwgko4k2v","numetalweeb.bsky.social","who up nu scaring they weeb? 𖤐","Also if anyone wants to argue with me on this, just remember that both major parties here don't care to fix the rental raising, domestic violence, supermarket price gouging, limited access to healthcare etc. issues

But nah, gotta age verify yourself online which doesn't do shit to protect minors 👌",5,17,2414,1,-14.5609696443857,"negative",NA
"at://did:plc:qyfk7ddob3xjexpw5wnnqizj/app.bsky.feed.post/3miklvjfxa22n","pyrewyn.bsky.social","🔞🐉 Pyrewyn/Wynter 🤍🔞","Like im gonna be honest i know people have opinions but i Do Not fundamentally believe that scalping and being lazy are worth being threatened with unemployment",2,45,9147,1,-7.16910612997628,"negative",2026-04-03 01:44:59.052
"at://did:plc:alsrjemg3iu6qrhai2ir7b64/app.bsky.feed.post/3mimrq4lmtk2j","nickkellar.bsky.social","Nick Kellar","F trump, he is trimming federal budgets and cutting staff in America.

If you are were working in DC then got laid off, file for unemployment in DC - the benefits are not based on where you live.",0,0,1528,1,-8.6142409911191,"negative",2026-04-03 22:34:39.456
"at://did:plc:37p4sk6d6bd6onjzh7edqn5y/app.bsky.feed.post/3mimqs3mavc2y","alonlevy.bsky.social","Alon (they/them)","Okay, now I want to read your papers on immigration.",0,1,10238,1,-5.08396656718181,"negative",2026-04-03 22:17:53.662
"at://did:plc:h2egmbnh3dqve7kfsmv3bo5p/app.bsky.feed.post/3mile2krtlk2h","hammertime10.bsky.social","HammerTime","The Iran war is making everything more expensive for us, but some companies are cashing in. Don't think that's right? Sign the petition now demanding they are taxed more on their record profits to help us all with the cost of living. you.38degrees.org.uk/petitions/ra...",0,0,20,1,-50.5839688228109,"negative",2026-04-03 08:57:20.053
"at://did:plc:rkg74jmyetjhfmsrjtucbcbr/app.bsky.feed.post/3midnbuj5yk2u","sustainabletall.bsky.social","Philip Oldfield","The affordable housing crisis is perhaps most acute in Asia. 

“The government of the Philippines thinks its cities need 7m more homes; Indonesia is said to be 27m short. In India, estimates go up to 47m”

archive.is/e6XIe",1,5,8195,1,-20.268666018363,"negative",2026-03-31 07:21:10.951
"at://did:plc:ksewki6hptwg3ddwkviq2qqz/app.bsky.feed.post/3mimodfyhus2t","houfek.bsky.social","Give War A Chance","This war could get more popular right quick if (a) Iran has American hostages, or (b) Iran wages a terrorist attack on American soil.",0,0,556,1,-21.5025894373206,"negative",2026-04-03 21:33:52.25
"at://did:plc:aunpu65mdrhwfie7ynymlzeh/app.bsky.feed.post/3mimt6r45du2z","thebulwark.com","The Bulwark","""'You make enough money, it doesn’t matter to you, right?' Trump recently told farmers. The words of a true political empath. But it gets worse.""",33,141,283661,1,-13.8920367219463,"negative",2026-04-03 23:00:44.663
"at://did:plc:m5pilwqlpaxkx4uuwrpt3gyx/app.bsky.feed.post/3mimqfbwozs2w","mom4justice.bsky.social","","I just wrote a @FaithfulAmerica letter: Tell your senator: Do NOT confirm Markwayne Mullin. Write one here: actionnetwork.org/letters/tell...",0,0,790,1,-12.7085855533412,"negative",2026-04-03 22:10:44.856
"at://did:plc:uybkf2awme34ko4lfkezerad/app.bsky.feed.post/3mimexyz622f2","servelan.newsie.social.ap.brid.gy","Servelan","House Democrat Wages a Lonely Legal Fight Testing Congress’s Power - The New York Times

https://www.nytimes.com/2026/04/03/us/politics/lamonica-mciver-immigration-congress-trump.html",0,0,428,1,-10.7345045273192,"negative",2026-04-03 18:46:31.157
"at://did:plc:tepcum5si5obykjcy445pqex/app.bsky.feed.post/3mil74i7pvs2w","philnorris.bsky.social","Phil Norris","Pretty bad, banks need government bailouts to survive, global recession, the UK had worse recession since WWII, mass unemployment.",0,1,516,1,-8.32655891866732,"negative",2026-04-03 07:28:54.252
"at://did:plc:ip22vga7yrqfajebgmfhhrul/app.bsky.feed.post/3milxtsegss2o","retrospecs2020.bsky.social","","Do you happen to know whether these returns are nominal or inflation-adjusted?",1,1,22,1,-4.23221435644522,"negative",2026-04-03 14:51:26.155
"at://did:plc:eixxyaijzj2yrqwzrzijt2vy/app.bsky.feed.post/3mim2iucy2s23","vaporlight.bsky.social","lottie ""frog k"" lovely ⚧️🏴‍☠️","And then Politics happen because of you fucking moronic clapping seals, and most of those 30% just get turfed out by their fucking bosses and there's zero way back in. Like I cannot emphasize this enough, exit ramps from unemployment are the wild west if you're cis & 1980s japan if you're trans",8,61,3254,1,-26.7482547358299,"negative",2026-04-03 15:39:00.151
"at://did:plc:lzdhkivkmtpz3ehmd6u43ffp/app.bsky.feed.post/3mimu5f7cts2t","lovecircle.bsky.social","Circle of Love","And of those who do, they  are either immigration related or other misdemeanor variety.",0,2,22283,1,-4.34999739210161,"negative",2026-04-03 23:17:52.652
"at://did:plc:7422wlmkminudypjv6cywlzl/app.bsky.feed.post/3mimjwtquks2y","djbyrnes1.bsky.social","Dave Byrnes","Chicago Police Superintendent Larry Snelling on the defensive last night as he fielded questions from police oversight commissioners on CPD's interactions with federal immigration agents. 

Community members didn't hold any of their own criticism back.

My latest for @unraveledpress.com:",19,48,10742,1,-9.14991165488221,"negative",2026-04-03 20:15:15.353
"at://did:plc:i4dxcnmfqjupktepdxislau4/app.bsky.feed.post/3mimawspwbs2b","migas7.bsky.social","","As he wages war on Iran, Trump was joined in the Oval Office by Christian pastors. Solemnly, some placed their hands on his shoulder or forearm. They offered blessings. For what? His war crimes? His pedophilia? His criminality? His lack of ethics or humanity? These are not Pastors. They are posers.",19,78,17559,1,-15.1324198899681,"negative",2026-04-03 17:34:11.955
"at://did:plc:cmzrqt2a4adg4ctvzxzjjada/app.bsky.feed.post/3mimoc7hlq22t","bindlestiff.bsky.social","Dan Davis","Yeah, he’s an ass. The Heritage Foundation loved his book on immigration, btw.",0,6,3572,1,-4.3499973921016,"negative",2026-04-03 21:33:11.763
"at://did:plc:wlikgqk4oidqhgq37wf6esdw/app.bsky.feed.post/3mildbtshps27","safemedicine.bsky.social","","The Iran war is making everything more expensive for us, but some companies are cashing in. 
Don't think that's right? 
Sign the petition now demanding they are taxed more on their record profits to help us all with the cost of living. 
you.38degrees.org.uk/petitions/ra...",0,0,44,1,-50.5839688228109,"negative",2026-04-03 08:43:31.152
"at://did:plc:mojhr33bx3rw4dxxpehd32qz/app.bsky.feed.post/3mimwabgdsk2y","governor.ca.gov","Governor Gavin Newsom","California gained over 93,500 jobs in just ONE MONTH this year.

The Golden State accounted for more than 58% of ALL jobs gained across the country in January.",427,1859,260512,1,-11.5170352690138,"negative",2026-04-03 23:55:23.259
"at://did:plc:sye57ecd56pbvf6hj7elcndh/app.bsky.feed.post/3mim3oqq3us27","tanwyn.bsky.social","","Manifesto says it will keep in line with inflation or earnings. 

As I understand it, if either are above 2.5%, then pensions increase. If neither rise above 2.5% then pensions remain the same.

I am a pensioner, & I think that is quite a sensible compromise, when there are other folk struggling.",0,0,1023,1,-16.3000726614465,"negative",2026-04-03 16:00:10.263
"at://did:plc:zddl63ltfl2jhc5ctitkwlfw/app.bsky.feed.post/3mimsdma2ck24","ghostdansing.bsky.social","Ghost Dansing ☠️ 👻👽🐸","House Democrat Wages a Lonely Legal Fight Testing Congress’s Power www.nytimes.com/2026/04/03/u...",0,0,11478,1,-7.26876862451947,"negative",2026-04-03 22:45:34.551
"at://did:plc:q44mxlbs74xalvamvijwpfsa/app.bsky.feed.post/3mimty233lk2v","analiliafornj.bsky.social","Analilia Mejia for New Jersey","Like you, I’m tired of the madness in our political system. I’m tired of the cowardice. I’m running for Congress to fight for ALL New Jerseyans because it’s not about left or right—it's right vs. wrong.",11,29,5612,1,-4.89436860141707,"negative",2026-04-03 23:14:53.957
"at://did:plc:jytswffcdhuuipvuriljdcqj/app.bsky.feed.post/3mim5jjftck2p","kfgrobbins.bsky.social","Kate Gallagher Robbins","So what’s driving women back into the labor force, even when it’s harder and harder to find work? The affordability crisis no doubt plays a role. Rising prices on necessities like groceries, housing and health care are stressing families’ budgets to the brink.",1,0,1238,1,-17.9785034453675,"negative",2026-04-03 16:33:05.66
"at://did:plc:ejmdn5t2qj3eyttzfb5dgqu7/app.bsky.feed.post/3mfetwusaxc2m","safexxi.bsky.social","","Ya, that was odd. Need to wonder what the actual issue was with the rental agreement. they didn’t have an agreement with a company that allowed the car for international travel ? Or that they didn’t take the coverage ? Could this issues be corrected with a phone call & e-signature ???",0,5,1286,1,-8.75037316544368,"negative",NA
"at://did:plc:qwoy5ytjcmle36tq7hbferjy/app.bsky.feed.post/3mimcuk57i22r","miaganga.bsky.social","Miaganga","The only experience he has was when we were all isolated in quarantine, he is creating the isolation, economy, inflation, drama vomit at 1.0. It’s all he knows. He never served anyone or anything. REMOVE THIS HAZARD
LOCK HIM UP",3,3,42204,1,-6.24266302663811,"negative",2026-04-03 18:08:42.052
"at://did:plc:3oklphp2wt5zorjgorhceyxc/app.bsky.feed.post/3mim5kjko5s2j","junglejoan.bsky.social","","[Video] ICE operation blamed for surge in MN unemployment rate 
Source: KARE 11",0,0,109,1,-5.41556787356842,"negative",2026-04-03 16:33:37.153
"at://did:plc:nrc6wl7cjnoxgkhocuenyohl/app.bsky.feed.post/3mifj7wnos226","anticclay.bsky.social","Antic Clay","""Hey guys instead of Universal Healthcare, housing as a human right, no more imperialist barbarity, or any plan to tackle the climate crisis, how about 'Bring back the R- Slur 2028?'""

Truly, liberal solidarity knows no bounds",0,0,378,1,-12.5927537378161,"negative",2026-04-01 01:13:48.766
"at://did:plc:kkergqgbhb56ptpwj2wenkje/app.bsky.feed.post/3mikhnipovc2h","socpaperbot.bsky.social","Sociology papers (journals + SocArXiv)","How Initial Accommodation Shapes Refugee Integration: Quasi-Experimental Evidence from the Ukrainian Displacement Crisis in Denmark Sudden displacement crises require rapid expansion of refugee accommodation, yet little is known about how different types of initial housing affect
 #sociology link",0,0,939,1,-24.3097660660663,"negative",2026-04-03 00:28:54.849
"at://did:plc:nrx4jx72y52zi2gjrmhwdyu3/app.bsky.feed.post/3melofms4dk2g","orygoon.bsky.social","📚Orygoon🚲","I drove to San Francisco from Oregon with friends in a rental car. I left my purse in that car. I had already booked to return by train, instead of flying, luckily. Didn’t recover the purse for an eon, but had no issues getting home by Amtrak!",0,0,630,1,-7.69795025924495,"negative",NA
"at://did:plc:ibuciczjdcfajqygstebv5h5/app.bsky.feed.post/3midicxuuxc2y","sarahhbickerton.bsky.social","Dr Sarah Hendrica Bickerton 🏳️‍🌈","This is just bloody ridiculous. This is literally no way to run a government, let alone creating a precarious & unpredictable policy environment and exacerbating the housing crisis in our biggest city, the powerhouse of the NZ economy.

The prior change had just been passed by the council after …",2,20,4148,1,-15.1165311619931,"negative",2026-03-31 05:52:17.757
"at://did:plc:642zd52d36yxdwshde6edydk/app.bsky.feed.post/3mimdiwt7aj2w","headline-feed.bsky.social","News Ticker","[NYT] HOUSE DEMOCRAT WAGES A LONELY LEGAL FIGHT TESTING CONGRESS’S POWER",0,0,323,1,-7.26876862451947,"negative",2026-04-03 18:20:06.261
"at://did:plc:w65ly26otnb5zto5j5psrhss/app.bsky.feed.post/3mimpdhxnjs2s","nzorach.bsky.social","Nat M. Zorach, aicp","""Wages are only up five cents since 1990, but a house is $560,000 more than it was then. Why don't buyers feel better about the economy?""

www.realtor.com/advice/finan...",0,5,4041,1,-7.26040037484895,"negative",2026-04-03 21:51:48.053
"at://did:plc:uesx4gllrthatdftw6mtwnwu/app.bsky.feed.post/3mimv2rclv22v","maiquitol.bsky.social","Michael","Maybe competing to be the most condescending counter argument to people with the wrong political opinions could be praxis...? (I hope so... it is all I have got...!)",0,0,521,1,-5.56226899924224,"negative",2026-04-03 23:34:18.555
"at://did:plc:c7puzkiu43w5u7sqqe36e4an/app.bsky.feed.post/3mcgra2jeis2w","chive-kancil.bsky.social","Chive Kancil","The articles mention a number of issues: ""too many visitors are leaving litter, overwhelming public transport services, drinking on the streets or disrupting residential districts by partying in rental properties late into the night""
So just don't do those things :3",0,1,268,1,-13.6446789125115,"negative",NA
"at://did:plc:m4t4prusopnk4wjt4ehg22q4/app.bsky.feed.post/3mimu2p36kk2s","explaintrade.com","Dmitry Grozoubinski","I have no idea if competing to be the most vicious online bully imaginable to people with the wrong political opinions is praxis.

I want to say it isn't, but gamergaters managed to use the same tactics to get into their awful agenda to the front page, the White House and the DoD, so what do I know?",1,49,44069,1,-13.2277099799219,"negative",2026-04-03 23:16:22.25
"at://did:plc:ajgq3lkotegvmdxvtlgb3m62/app.bsky.feed.post/3mimgmpjq5c2m","doniellemichielle.bsky.social","Donielle Didelphimorphia Vulpes-Strigiformes (she/her/they/them)","ICE detains president of Wisconsin's largest mosque www.nbcnews.com/news/us-news...",0,1,93,1,-4.67850145907364,"negative",2026-04-03 19:15:52.957
"at://did:plc:jozq6o752fnxptveph4d3zs3/app.bsky.feed.post/3micwpp3cgc23","savannahcat.bsky.social","Savannah Cat","If it wasn't for the housing crisis making a 1 bdrm apartment in Halifax unaffordable, the relationship would have ended long ago.

The housing crisis is a women's rights issue",0,1,2147,1,-11.1170758155615,"negative",2026-03-31 00:37:18.576
"at://did:plc:cwtimnmh5vajruvubztkdcqr/app.bsky.feed.post/3mim5n42xg22z","rebelwithoutaclue.bsky.social","RebelWithoutAClue 🏴󠁧󠁢󠁷󠁬󠁳󠁿🇵🇸 NO DM's without permission","The Iran war is making everything more expensive for us, but some companies are cashing in. Don't think that's right? Sign the petition now demanding they are taxed more on their record profits to help us all with the cost of living. you.38degrees.org.uk/petitions/ra...",0,0,460,1,-50.5839688228109,"negative",2026-04-03 16:35:06.381
"at://did:plc:zfer233i5e3v5ffgykybfofh/app.bsky.feed.post/3mimm7rvvd22l","gojojorn1.bsky.social","Jo Jones","I just wrote a @FaithfulAmerica letter: Tell your senator: Do NOT confirm Markwayne Mullin. Write one here: actionnetwork.org/letters/tell...",0,0,262,1,-12.7085855533412,"negative",2026-04-03 20:56:06.168
"at://did:plc:cv47ogydgn3ypbutrrt7f7s4/app.bsky.feed.post/3milqo6bqo42n","blockchainreport.bsky.social","Blockchain Report","US jobs surge: +178K in March, largest gain since Dec. 2024. Unemployment drops to 4.3% (from 4.4%). A recovery from Feb's loss! Avg. unemployment since '48: 5.66%. Peak 14.8% (Apr '20), low 2.5% (May '53). 📈

#crypto #blockchain #news ",0,2,447,1,-5.54951584607816,"negative",2026-04-03 12:43:00.76
"at://did:plc:ux34py33acvgdoucpha7cxqa/app.bsky.feed.post/3mimfndpjyc25","gentlefighter.bsky.social","Val Olson","I'm attending No Kings's event, “Eyes on ICE: Train-the-Trainer - Immigrants' Rights” - sign up now to join me!  www.mobilize.us/nokings/even...",0,0,3092,1,-9.90020772324984,"negative",2026-04-03 18:58:23.454
"at://did:plc:px2fhfj72wzcrrinfjnbnkmv/app.bsky.feed.post/3mimt6hfwyk26","daurban507.bsky.social","","Let’s keep it real—there’s a difference between honoring a legacy and reshaping it to fit a broader political narrative.

open.substack.com/pub/daurban/...",0,0,9,1,-7.54640036111775,"negative",2026-04-03 23:00:35.667
"at://did:plc:wntfmdnhjbogre6y5tuhm3et/app.bsky.feed.post/3mim25wxros2c","nicktimiraos.bsky.social","Nick Timiraos","UNEMPLOYMENT: At 4.256%, the U.S. unemployment rate continues to exhibit notable stability, fluctuating in a very tight range over the last two years after climbing from a low or 3.5% in 2023.

Permanent job loss edged down in March.",0,8,72049,1,-5.37474587904817,"negative",2026-04-03 15:32:55.139
"at://did:plc:pqfcdrumt3xrqc5oi4y53vzw/app.bsky.feed.post/3mimf2rgca22z","whittierindivchapt.bsky.social","Whittier Indivisible Chapter","Immigration reform to provide a protected and quicker immigration legal process that does not allow arbitrary redesignation by a corrupt fascist executive and arrest by a secret police force outside courthouses while addressing mandated court proceedings.",0,0,607,1,-5.7362917532215,"negative",2026-04-03 18:47:58.555
"at://did:plc:hgb5d3yqdwrqri7266gnhzra/app.bsky.feed.post/3mimscovaiq2s","latinometrics.bsky.social","latinometrics","ARGENTINA | Beef prices fall 12% in March after a 7% increase in February, potentially easing inflation.

(La Nación)",0,0,273,1,-4.43515520044191,"negative",2026-04-03 22:45:02.956
"at://did:plc:qozsrm2n3fbol6ng4xvz2awr/app.bsky.feed.post/3mimatm4uo22o","ericholdeman.bsky.social","Eric Holdeman","The thing about war is that you release total control of the situation. Today, a downed fighter jet; Strait of Hormuz closed; an enemy unwilling to surrender; costly expenditure of weapons and money; oil prices escalating; inflation going up; polls tanking. Trump is in trouble! #trump #iran #war",0,1,61,1,-24.0222243646214,"negative",2026-04-03 17:32:23.759
"at://did:plc:fplvykk3mwjpjrz3brktqmf2/app.bsky.feed.post/3mim2mplbtk24","mohossain.bsky.social","Mo Hossain","US job growth rebounded in March: NFP +178k, strongest since late 2024.
Underlying pace ≈53k = breakeven.
Unemployment fell to 4.3% as participation slipped.
Hiring breadth hit a 2‑yr high, led by health care; construction, leisure, and manufacturing snapped back.
Iran‑war?
x.com/mohossain/st...",0,1,110,1,-14.6221823285537,"negative",2026-04-03 15:41:11.461
"at://did:plc:kdpc2pfwlgjtnzr37svicqli/app.bsky.feed.post/3mim6x3defc24","senigami.bsky.social","Ryan","The layoffs are cutting costs, right? Oracle will fire workers who expect higher wages, and replace them with lower mobility workers who are locked into the job because they’re dependent on a visa. 

These number seem about right for that to me (~2.5k increase over 2023’s numbers) & not close to 20k",2,8,114,1,-17.0536926337574,"negative",2026-04-03 16:58:32.951
"at://did:plc:4uj45xam3nbjkighr4sw3v4n/app.bsky.feed.post/3milxvvqb5c27","tker.co","Sam Ro","""Business activity declines amid higher inflation and war in the Middle East ... Employment down amid weakest rise in new work for nearly two years"" - S&P US Services PMI",3,6,52069,1,-13.5348640465043,"negative",2026-04-03 14:52:37.957
"at://did:plc:3l6h5tayy6vycige2igmorv4/app.bsky.feed.post/3milp7eq6422w","minibubbly.bsky.social","Cheryl in Nova Scotia 🇨🇦🍁🍁","The rot continues with this corrupt government 

U.S. - Pete Hegseth has ousted the U.S. army’s top uniformed officer and two other generals, the Pentagon said Thursday without giving a reason for the departures while the United States is waging a war against Iran.

www.ctvnews.ca/world/mideas...",6,20,51607,1,-18.9554187990581,"negative",2026-04-03 12:16:51.853
"at://did:plc:dnpeoiqepx5ge3dikezoiz7y/app.bsky.feed.post/3milzgfwkec2a","mzak.bsky.social","Zak Taylor","The March job numbers look pretty good. Those of us expecting an economic crisis aren't going to find it there. If inflation remains under 3%, asset markets don't puke, and growth remains stable...then it's a pretty goldilocks economy. Main problem is that its mostly got through deficits & debt.",0,0,1023,1,-0.847722362664665,"negative",2026-04-03 15:19:43.258
"at://did:plc:rhfhffllw2wlg3fsdgfe4tga/app.bsky.feed.post/3mime6vwdp22j","colinthefish.bsky.social","","Its the only way to growth and to cut immigration.",0,0,149,1,-3.65685021154166,"negative",2026-04-03 18:32:24.652
"at://did:plc:w2knop73xmbvkj4oxb6mqovu/app.bsky.feed.post/3miljn6li2k2s","weerower.bsky.social","Jo","The Iran war is making everything more expensive for us, but some companies are cashing in. Don't think that's right? Sign the petition now demanding they are taxed more on their record profits to help us all with the cost of living. you.38degrees.org.uk/petitions/ra...",0,0,51,1,-50.5839688228109,"negative",2026-04-03 10:37:20.651
"at://did:plc:p3qoxbjxbyx7pxc67cddnux5/app.bsky.feed.post/3milwehwxac2s","cajuntaper.bsky.social","Dig","Our economy has become bifurcated. The working class is already in a recession, and has been for months. If you own dividend producing assets (like real estate, stock, etc.) you're shielded from the effects of that recession and unemployment, but only as long as the markets stay afloat.",1,2,817,1,-11.7559271772962,"negative",2026-04-03 14:24:58.259
"at://did:plc:qdqn7mwjtpxzxhjq2gq5zw3a/app.bsky.feed.post/3mimqxn4x4k2s","deadmanrunning1.bsky.social",NA,"And how is someone with no actual political power gonna cut money off holidays?

Get one of Farage's crypto donors bung everyone £45?",0,1,837,1,-11.4584233665459,"negative",2026-04-03 22:20:58.661
"at://did:plc:oi2g6earkvin6jk4bhdunhli/app.bsky.feed.post/3mimu2ikfvc2k","simonjack576.bsky.social","","Weaponizing ice to be a police force was never in the cards. Maybe in your little fascist fantasy that is but in reality they are not the police they have no police training they don't even have training as a mall security guard they are immigration enforcement. They are not police enforcement",0,0,655,1,-12.6117336583608,"negative",2026-04-03 23:16:15.056
"at://did:plc:aceoa6evgi4haz6aww2gq3ie/app.bsky.feed.post/3mimrdsn7ks2t","ravenmagic.bsky.social","🐦‍⬛Raven 🪄Magic ✊🐸","Now that the cat’s out of the bag, if the states are to take on all the citizens’ assistance that the feds used to, then the state MUST REDUCE the amount of taxes they’re sending to the Fed, keep it home for use.",0,0,5023,1,-18.0585461530411,"negative",2026-04-03 22:27:48.755
"at://did:plc:vlb3vmnxz6rqo652iwco7rgy/app.bsky.feed.post/3mimrufy6c32y","cherylrofer.bsky.social","Cheryl Rofer","Getting him out of power is a pressing need for the world.

But we can look at smaller pieces of the world, too, recognizing that they all are distorted by that political/ moral black hole.

Bluesky should be more welcoming. Our mayor is out trying to convince non-Americans to join Bluesky.",0,18,25116,1,-23.3721309917199,"negative",2026-04-03 22:37:06.039
"at://did:plc:6kes6jjmzmn4a6nac4v2btlu/app.bsky.feed.post/3mimkk5wcdz2a","zonecrypto.bsky.social","ZoneCrypto","This situation may complicate the Federal Reserve's decisions, as it would struggle to raise rates without causing a recession, while also being unable to lower them due to ongoing inflation issues.",0,0,404,1,-6.20629538246723,"negative",2026-04-03 20:26:03.718
"at://did:plc:dhpbjmu3u75a7o5bqjvezlex/app.bsky.feed.post/3mimsfxkh6z2n","trumpwatch.bsky.social","Trump Watch 👀","Trump is now urging Erika Kirk to sue a comedian whose viral skit mocked MAGA women. Classic Trump: turning culture clashes into political theater, framing critics as enemies, and rallying his base around outrage—even when the law won’t likely back him. #CultureWars www.huffpost.com/entry/trump-...",2,11,40358,1,-16.1405545936701,"negative",2026-04-03 22:46:53.957
"at://did:plc:vjiw2tlzx2l2ptw6xo6cgb6h/app.bsky.feed.post/3ma7ij6xb6k23","passionriot.bsky.social","jae ⊹ ࣪ ˖","I've got owners leaving gun paraphernalia in vacation rentals, dementia patients causing issues in annual rentals, team members not doing their jobs, rental tenants threatening me...

This week has been a shit show & I'm out of patience. 😫",0,16,231,1,-5.05556709266011,"negative",NA
"at://did:plc:kkergqgbhb56ptpwj2wenkje/app.bsky.feed.post/3mijnc67p6o2e","socpaperbot.bsky.social","Sociology papers (journals + SocArXiv)","How Initial Accommodation Shapes Refugee Integration: Quasi-Experimental Evidence from the Ukrainian Displacement Crisis in Denmark Sudden displacement crises require rapid expansion of refugee accommodation, yet little is known about how different types of initial housing affect
 #sociology link",0,0,939,1,-24.3097660660663,"negative",2026-04-02 16:37:17.462
"at://did:plc:mxryqseaqaw4gc7tvd6rc2jl/app.bsky.feed.post/3mimn64lf3s24","omsetti.bsky.social","Holla","You're telling me that I should simply desire spending time away for my loved ones and personal ambitions and hobbies in exchange for insufficient wages, boredom and often emotional abuse. But if I don't tie my identity and morality to that paradigm, I'm lazy and entitled? Wut.",0,1,55,1,-14.2732875719339,"negative",2026-04-03 21:13:00.456
"at://did:plc:tywukjsdu7wtdkcag724woy7/app.bsky.feed.post/3mimjbz73tc26","musicalchairs.bsky.social","Musical Chairs","... the wafer thin operating allowance and inflation at 3%+ means all agencies/entities scrambling to find savings to cover increasing costs. In fact, my forecast is that we will see some *very large* public service / welfare cuts to close the gap (sending economy into another slump) 😵‍💫  (3/3)",3,19,2880,1,-13.8151660116585,"negative",2026-04-03 20:03:37.497
"at://did:plc:mfryll2q574iga3iuddii6nk/app.bsky.feed.post/3mimhjlc2sk2c","sarahlaughed.bsky.social","Sarah Dylan Breuer","The charges are a joke—but the consequences have been a very heavy lift for this legislator. She’s being punished for doing her job, exercising congressional oversight 

Members of Congress who haven’t stepped up like this should, and this one should have our support.
www.nytimes.com/2026/04/03/u...",0,1,309,1,-6.42943893378144,"negative",2026-04-03 19:32:06.249
"at://did:plc:pc7mfhulf7fa23p2kaaj6xfo/app.bsky.feed.post/3milzurip222v","parkendlydia.bsky.social","Lydia Bleasdale","I'll get them now, to avoid both inflation and shrinkflation",0,1,2289,1,-5.07951221683243,"negative",2026-04-03 15:27:49.86
"at://did:plc:s2c5cob7iolbqmbozzobsjxk/app.bsky.feed.post/3mimrou7afc2l","dfourny.bsky.social","Diane Fourny","The Inflation Surge Is Just Getting Started talkingpointsmemo.com/edblog/the-i...",0,0,2521,1,-5.07951221683243,"negative",2026-04-03 22:33:59.649
"at://did:plc:hv5uqbtlnjynzaehuqcbbst5/app.bsky.feed.post/3mimtmzoqss24","wrecksalot.bsky.social","","So based, means testing is also a huge source of paperwork too. In my state remaining eligible for Unemployment is basically a full time job, which begs the question of how someone can actually land a full time job while doing that.",0,2,4,1,-13.7424307233167,"negative",2026-04-03 23:08:46.449
"at://did:plc:qmn5cpiibwzbxjl4ysgff4g4/app.bsky.feed.post/3mimrinj7ec2q","annatleigh.bsky.social","Anna Leigh 🏳️‍⚧️","No wonder, tankies hate the political compass because it correctly highlights that being economically left/communist doesn't necessarily imply that you don't hate personal freedom.

And they virtually always hate free speech (something that atproto has backed into its protocol)",0,8,1073,1,-10.2742531895161,"negative",2026-04-03 22:30:31.063
"at://did:plc:3tje6nm2w5r3zxihztz3k72h/app.bsky.feed.post/3mims3bsxl22i","kamokuzi.bsky.social","Kamo☆","If the above is not true then the entire lefty political project explodes as something even worth trying electorally, so there are many fights over this otherwise dull sounding bit of strategy. 

(The lefties appear to be very wrong about this afaik)",0,1,503,1,-9.52048138713976,"negative",2026-04-03 22:40:54.779
"at://did:plc:ynfviyhalw72hubeta5234n2/app.bsky.feed.post/3mim6g6urn22i","penncapital-star.com","Pennsylvania Capital-Star","Pa. unemployment rate drops slightly in January, total nonfarm jobs reach record high penncapital-star.com/briefs/pa-un...",0,1,12185,1,-2.39451779203014,"negative",2026-04-03 16:49:07.861
"at://did:plc:klqxtkctxqzxql52vdkeoftm/app.bsky.feed.post/3mimst4unrs2c","flashgordon.bsky.social",NA,"the moveable electorate, in the current political climate, doesn't think about the nuance of affirmative action *at all.* it's not on anybody's (other than dedicated racists) top 15 fucking things right now.",0,3,367,1,-15.1729705674084,"negative",2026-04-03 22:54:15.153
"at://did:plc:2ox7dph42qnofzhmbwrg4jrm/app.bsky.feed.post/3mimtpplnns2t","chudes.bsky.social","","""Perhaps most immediately, it creates a pathway toward voter and political disenfranchisement. Casting doubt on the citizenship status of tribal members, even indirectly, risks undermining their eligibility to participate fully in U.S. elections and civic life."" #Indigenous",1,1,102,1,-8.82733420657981,"negative",2026-04-03 23:10:16.857
"at://did:plc:npzhr4lyf6ckl3t2wwwjtulg/app.bsky.feed.post/3mimhonxwp22e","mandateofheaven.bsky.social","Eri!!!!! :03 ΘΔ","Question for artists that draw generally excessive sizes like Hyper/WG/Inflation etc but how do you guys like, end up constructing your shapes from something? Do most of you guys start with a standard body gesture sketch and then futz with making it more anatomically extreme once you have your pose?",0,13,3861,1,-10.9292486041117,"negative",2026-04-03 19:34:53.959
"at://did:plc:npvggl2doei3vfndvuom4ll7/app.bsky.feed.post/3mijddvkmhs2s","neighborswelcomeri.bsky.social","Neighbors Welcome! RI","@bobdasilva.bsky.social is leading the way in welcoming new housing development to meet the needs of East Providence! Local leadership is critical to moving the needle on the housing crisis. Check out his interview with @iandonnis.bsky.social:
www.oceanstatemedia.org/one-on-one-w...",0,3,147,1,-11.2453301510852,"negative",2026-04-02 13:39:18.957
"at://did:plc:cy2j3ulztfeooybvis5celyt/app.bsky.feed.post/3milzxplyek24","mtolman.bsky.social","Mark Tolman (he/him) 🏳️‍🌈 🖖","Have trump’s tariffs worked, one year after ‘Liberation Day’? US foreign direct investment is lower; US factories employ 89,000 fewer people; US goods trade deficit is UP 2%; The government collected a lot of money but has to give it back; Inflation remains elevated.",0,1,3396,1,-16.5539878714275,"negative",2026-04-03 15:29:24.351
"at://did:plc:z7jaa45ibmraes5sjrd346gm/app.bsky.feed.post/3mil73wien22e","midge2332.bsky.social","Maureen Wicks","The Iran war is making everything more expensive for us, but some companies are cashing in. Don't think that's right? Sign the petition now demanding they are taxed more on their record profits to help us all with the cost of living. you.38degrees.org.uk/petitions/ra...",0,0,263,1,-50.5839688228109,"negative",2026-04-03 07:28:37.556
"at://did:plc:bj6a7q7sbqu2vil6bviysjgg/app.bsky.feed.post/3mimiwemhg22b","lawfaremedia.org","Lawfare","What does it look like when the government violates court orders in 300 separate immigration habeas cases?

@katherinepomps.bsky.social and @benjaminwittes.lawfaremedia.org announce a new database which tracks government non-compliance with court orders around the country.",294,605,170209,1,-8.2211984030095,"negative",2026-04-03 19:57:06.854
"at://did:plc:rnvcexpbjo5ex6nthbjax3wi/app.bsky.feed.post/3milwip3lvs2w","funnyfeminist.bsky.social","FunnyFeminist","Not only that, but massive job growth during the Biden presidency raised concerns about inflation. The guy couldn’t win.",0,12,224,1,-9.9439650007506,"negative",2026-04-03 14:27:19.758
"at://did:plc:e3muwdrmcwi33ogiwys3y2gd/app.bsky.feed.post/3mim3kmomzs2c","pidgeinn.bsky.social","hi","In all honesty this unemployment period is incredibly depressing it's almost been a whole ass year 💀 I feel like ill make progress but be dropped like a hot potato and it's So frustrating",0,1,1768,1,-10.0819507437245,"negative",2026-04-03 15:57:54.157
"at://did:plc:lfb5poo5czffnuvfeyvy2nry/app.bsky.feed.post/3mim7nguyys2s","calelectricrail.org","Californians for Electric Rail","This is the source. It is from 2022 and the cost of CAHSR has escalated since then. We are in a period of high construction costs inflation.  escholarship.org/uc/item/3xq7...",0,3,5305,1,-10.0981156805779,"negative",2026-04-03 17:11:05.672
"at://did:plc:l7rywk5z66kvp7upmyak6ajn/app.bsky.feed.post/3mim2j2piyc2o","jasonwilliambuck.bsky.social","Big Idea Bhuda","It’s pretty obvious that they use pricing as propaganda. Wal Mart profits were through the roof during the 2024 election. It was never inflation. It was always market manipulation. The CEO of Pioneer energy was caught red handed closing with OPEC to keep the prices high. No meaningful justice.",0,1,861,1,-14.2882513074416,"negative",2026-04-03 15:39:07.365
"at://did:plc:i6dwv6kjmogfirw4ltdgy6lp/app.bsky.feed.post/3mimsj6idg227","globalextremism.bsky.social","Global Project Against Hate and Extremism","A new GPAHE report finds Project 2025 is expanding beyond a governing blueprint into a global political project. Its Christian nationalist ideology is shaping policies targeting LGBTQ+ and women’s rights, while U.S. foreign policy and international alliances help export these policies worldwide.",7,12,9871,1,-19.309380794916,"negative",2026-04-03 22:48:42.049
"at://did:plc:p2fwhyh2sdgsnb46wbwdm2dt/app.bsky.feed.post/3mimu5tcyx225","charleswmaynard.bsky.social","Charlie Maynard","If it doesn’t solve a meaningful problem for the UK, but opens up a major debate and political problems around border control and alignment with EU frameworks, then it’s not really a neutral change. Why would any government anywhere sign up for such a deal?",0,0,301,1,-13.014143996474,"negative",2026-04-03 23:18:08.453
"at://did:plc:ta5ver67jf4zbu5swz7su6pc/app.bsky.feed.post/3miljkqrvac2d","bizbln.bsky.social","BizBLN","AI creates highest paying jobs UBTech offers 18 million chief scientist role driving humanoid robotics future #AI #Robotics #TechJobs #Innovation #UBTech #FutureTech",0,0,152,1,-5.44860968076971,"negative",2026-04-03 10:35:49.955
"at://did:plc:wmr6nx6bl2biemfsvbm3y54i/app.bsky.feed.post/3micxo3onur27","smhaustralia.nzcow.com","The Sydney Morning Herald (unofficial)","📢 Some of the rising costs are obvious – like housing – but others are harder to spot, and could risk putting the country in recession by the end of the year.",0,0,759,1,-11.2169306765635,"negative",2026-03-31 00:54:16.855
"at://did:plc:j62e4ujyid6thwi6x2hyozzh/app.bsky.feed.post/3mimr5tzeas2k","batsnoozy.bsky.social","_bat🔞","Nah its a political disaster.",0,2,175,1,-3.16437372644387,"negative",2026-04-03 22:24:27.674
"at://did:plc:flbwkumtiiwwknajutkabq67/app.bsky.feed.post/3mimrgy6pws2m","nightnoelle.bsky.social","🔞 Noelle [COMMS OPEN 6/7]","been thinking about throat inflation because of burp. i present the logical conclusion of that thought",4,19,832,1,-9.53849989264244,"negative",2026-04-03 22:29:37.057
"at://did:plc:ddq5cepvmfgaobd34276ia4z/app.bsky.feed.post/3mijumbz3xs2w","azkellyk.bsky.social","KellyK🌺","Trump isn’t fixing the housing crisis — he’s blowing it up.

❌ Reckless tariffs that jack up 
building costs.

❌ Gutting HUD.

❌ Rolling back civil rights protections.

❌ Turning ICE loose in neighborhoods.

Families are paying the price for his chaos and destruction.
#TrumpsTariffsCostUS",36,56,71710,1,-30.4209648689619,"negative",2026-04-02 18:48:17.962
"at://did:plc:64ayqksk5fbk36gkuw4cbvav/app.bsky.feed.post/3milevgighc2z","smdillon1975.bsky.social","Stuart Dillon","That programme is a joke, the other day Emma Barnett attacked a government minister for raising the so called minimum and living wages",0,12,1475,1,-14.7190342235341,"negative",2026-04-03 09:12:19.452
"at://did:plc:p5kttswbae6cwi65z3kwvjq2/app.bsky.feed.post/3mimr3syjdk23","falo2.bsky.social","Dr. Olaf Bachmann","You by now have a structural problem, not only a political one.
Police and purged military are not loyal to the Constitution, institutions starved to death, trust in rule of law undermined, solidarity and trustfulnes, and a sense of belonging between 40% to 60% of you eroded to the bones.",0,2,11933,1,-13.5502874282243,"negative",2026-04-03 22:23:19.449
"at://did:plc:rffp2adb3kq5hx4jxujfgrvw/app.bsky.feed.post/3mime73pkhc2a","garymhartmam.bsky.social","Gary M. Hartman","The Trump Regime coddles criminals.

Trump’s Justice Department Dropped 23,000 Criminal Investigations in Shift to Immigration 
www.propublica.org/article/trum...",0,0,886,1,-7.16340810886164,"negative",2026-04-03 18:32:31.552
"at://did:plc:ns4wf3i52hvevoprdckcni25/app.bsky.feed.post/3mims55aecc2g","jflem2.bsky.social","jflem2.bsky.social","world's most powerful capitalists, financiers, political leaders, celebrities, and criminals exploited offshore tax havens to stash their money.",0,0,17883,1,-10.9222799347956,"negative",2026-04-03 22:41:57.319
"at://did:plc:jdc23mz7lf6ofxjsoedhdzp7/app.bsky.feed.post/3mimsvfb7o22k","radliftist.bsky.social","Monstro ElisaDrew","centrism is so funny because it’s like, both political parties are bad so i’ll adopt features from both",0,5,12299,1,-6.74789266489998,"negative",2026-04-03 22:55:31.149
"at://did:plc:4xnxoo7qbl623oppsrllrhoj/app.bsky.feed.post/3mimvwt2cyk2l","roddsdad.bsky.social","Rod,Tia & Lola's dad"," Wealth inequality, It is a feature of our political system.🤔😠

www.dailykos.com/stories/2026...",2,2,48735,1,-4.26298601511198,"negative",2026-04-03 23:50:00.461
"at://did:plc:a6xtile6lrph6qsbpphdyqyp/app.bsky.feed.post/3milgy6o5ps2c","petershort.bsky.social","","The Iran war is making everything more expensive for us, but some companies are cashing in. Don't think that's right? Sign the petition now demanding they are taxed more on their record profits to help us all with the cost of living. you.38degrees.org.uk/petitions/ra...",0,0,34,1,-50.5839688228109,"negative",2026-04-03 09:49:42.453
"at://did:plc:74v4wm52ffpqdhtx2h6fyn6c/app.bsky.feed.post/3milwqyg74s2w","fcracoalitionep.bsky.social","FCRACoalitionEP","Historically the DOL has stopped counting when the unemployment rate reached 4%.  America has become the quintessential scam, but it's gotten worse, now there's no accountability.",9,74,8561,1,-6.22649808978475,"negative",2026-04-03 14:31:58.756
"at://did:plc:5r2aigla7mq6gktsocqi5k3g/app.bsky.feed.post/3mimk5ucb6k2y","joemama104.bsky.social","Jj |  | 🔞🔞 | COMMS OPEN","Cw: inflation, full body

That one pikpokit concept,,",11,29,220,1,-4.0986829638207,"negative",2026-04-03 20:19:14.652
"at://did:plc:dzohep3wsek2yifca5eozwsv/app.bsky.feed.post/3mimlogxxg22q","dailyrotation.bsky.social","Daily Rotation"," “Under Ms. Bondi, the Justice Department had all but stopped doing its job of prosecuting crime... almost certainly a result of Ms. Bondi’s leadership. ...Instead of charging actual criminals, Ms. Bondi’s Justice Department... [took up ] Trump’s disastrous immigration enforcement practices.”",0,2,1653,1,-20.1757280227038,"negative",2026-04-03 20:46:21.562
"at://did:plc:ijwpzn3ghv7tuptxv5kdgu5d/app.bsky.feed.post/3milvfb44os2d","felipedlh.bsky.social","Felipe De La Hoz","Oh, unemployment is staying low not because of strong hiring but declining labor force participation? Well, do I have a message for you",7,25,15543,1,-3.79038160416618,"negative",2026-04-03 14:07:34.158
"at://did:plc:vaigucmggp4u6wsyh3sqtoif/app.bsky.feed.post/3mimujzmwok23","doenj.bsky.social","Doe Andrews","www.militarytimes.com/news/your-mi... Article from July 2024. The plan from Project 2025 was to get rid of multiple General officers. This was planned years ago. Trump and his cronies are just puppets of a bigger evil that needs to be stopped.",1,1,529,1,-6.69340447961591,"negative",2026-04-03 23:24:57.46
"at://did:plc:f2ati5k2zfefmmmq323nb3qa/app.bsky.feed.post/3mim3ygc52223","bikerlady22k.bsky.social","","Trump administration—Tuesday exempted oil and gas drilling in the Gulf of Mexico from the Endangered Species Act after Defense Sec. Hegseth said environmentalists' lawsuits against the industry threatened to hobble domestic energy supplies as U.S. wages war against Iran.

www.pbs.org/newshour/amp...",0,0,664,1,-16.0005085200244,"negative",2026-04-03 16:05:40.155
"at://did:plc:yuhmo23d4m2jmhwenopn2ssk/app.bsky.feed.post/3mim5ycr4722o","gmnair.bsky.social","G.M. Nair - Author Ordinaire","And I don't think boats should have to pay $34 for burgers, either. It's all this runaway inflation. 

That's for hot air balloons.",0,5,2595,1,-16.4015192777832,"negative",2026-04-03 16:41:17.951
"at://did:plc:l3ycxyifhglvjrxbnt3jzvzc/app.bsky.feed.post/3mimd4sw6ak22","mi-swim.bsky.social","State Wide Indivisible Michigan","Unions stand up for what's right: improved wages/benefits, safer work environments, a stronger voice.

Democrats support workers' rights to unionize.

@bluevoterguide.bsky.social shows which candidates on your ballot are union endorsed.

#BlueVoterGuide #Voterizer social.fieldteam6.org/s/wBKm2u6H",5,6,20595,1,-7.53082514933228,"negative",2026-04-03 18:13:21.85
"at://did:plc:kkergqgbhb56ptpwj2wenkje/app.bsky.feed.post/3mimlof7vqo2e","socpaperbot.bsky.social","Sociology papers (journals + SocArXiv)","How Initial Accommodation Shapes Refugee Integration: Quasi-Experimental Evidence from the Ukrainian Displacement Crisis in Denmark Sudden displacement crises require rapid expansion of refugee accommodation, yet little is known about how different types of initial housing affect
 #sociology link",0,0,939,1,-24.3097660660663,"negative",2026-04-03 20:46:20.053
"at://did:plc:rdfwaz5db4m57mffz3ozbpdv/app.bsky.feed.post/3milqnbcw522h","thomasjthompson.bsky.social","Thomas J Thompson","Payrolls +178K vs 65K expected while unemployment fell to 4.3%, but the labor force shrank by ~400K. My take is hiring is holding up, as claims suggested, but a smaller labor pool is driving the headline and masking a more constrained market. #econsky

www.linkedin.com/posts/thomas...",0,0,119,1,-8.00250920204467,"negative",2026-04-03 12:42:32.149
"at://did:plc:dzzzvittralkaczt7ret4fle/app.bsky.feed.post/3milpmoq2sk2l","demwarrior.bsky.social","A blue dot in AZ","1. A war of choice by which he's now ""bored""
2. Rising prices and unemployment
3. Threatening war crimes
4. Firing military brass
5. Bovino, Noem, and Bondi out
6. Incoherent speeches and posts
7. Right-wing podcasters bailing out
8. MAGA infighting
9. Massive scale protests
10. Pissed off people
😬😬",0,2,2254,1,-21.8351521587492,"negative",2026-04-03 12:24:17.455
"at://did:plc:yp7uvtyl3lzxgxn5iv4wqsty/app.bsky.feed.post/3mif4q3cgec23","torkar.studio","Daniel","Probably not, but that's not because this road is turned mostly into a canal. It's because all of the Netherlands has a housing crisis. In the last ten years some of the houses have doubled in price.",0,1,297,1,-9.97681882562168,"negative",2026-03-31 21:30:11.753
"at://did:plc:yhtcygbflm37yev344w4tleo/app.bsky.feed.post/3mimtyi3k6c2o","ih8shockjox.bsky.social","IH8SHOCKJOX 🇦🇺🌈 proudly voted YES","In the news department the ABC is trading on past glories. Overall it's had a series of political appointed fools run it into the ground, so much so the current chair thought Alexander Jacob Gutman still relevant and or funny.",1,2,277,1,-7.8986209547071,"negative",2026-04-03 23:15:08.569
"at://did:plc:qwsrz2afq3kspkqukoc5ijpo/app.bsky.feed.post/3mimriyyxw22k","zoocoup.bsky.social","Jason Broccardo","“Five weeks in, the Iran war is not going well. It is particularly not going well for President Trump.” diplomatic.substack.com/p/watching-t...",0,0,724,1,-9.35671878687672,"negative",2026-04-03 22:30:42.451
"at://did:plc:vfie3oq4os3r5bfwfeep3gwi/app.bsky.feed.post/3mimnxd5ykc2j","econtrarian.bsky.social","","In the 3 mos ended Feb, the CPI, no matter how you slice/dice it, was growing at an annualized rate of 3%. The talking heads will ex out the higher energy prices in the coming months. But it will be harder to ignore the higher “core” inflation as energy price increases seep in.",0,1,305,1,-17.8198984151909,"negative",2026-04-03 21:27:06.751
"at://did:plc:2f6dp7vhgeyyprjkga2ds3os/app.bsky.feed.post/3mimv3f4f522x","joelwing.bsky.social","","#Iraq Apr 3 1941 Nazi Germany sent letter saying it supported the Golden Square coup and would lend military aid musingsoniraq.blogspot.com/p/iraqi-hist...",0,0,172,1,-4.92536153700517,"negative",2026-04-03 23:34:39.154
"at://did:plc:vdueaxkpd7ofdkkze4awsnqp/app.bsky.feed.post/3mimjuavguc2d","stitched.bsky.social","Stitched","There’s also the affordability issue. If wages are stagnant for decades and “minimum wage” pushed forward only after decades of not doing so…",0,0,717,1,-5.54154767642898,"negative",2026-04-03 20:13:48.949
"at://did:plc:rffp2adb3kq5hx4jxujfgrvw/app.bsky.feed.post/3mimdxs4yvs2a","garymhartmam.bsky.social","Gary M. Hartman","New: Under AG Pam Bondi, the DOJ has dropped 23,000 criminal cases — including hundreds of investigations into terrorism, white-collar crime and drugs — while prosecuting 32,000 new immigration cases in just the first six months of Trump’s second term. propub.li/4m4Vzmf",0,0,886,1,-16.0044224193455,"negative",2026-04-03 18:28:26.774
"at://did:plc:ji6rdlj3ln7mtudt3kgsbhky/app.bsky.feed.post/3mim57eqgek2r","cshannonpdx.bsky.social","Courtney Shannon","Meanwhile the grocery bill they notice it goes up week to week, month to month and they don't do the inflation math. The gas prices on signs are lit up and everywhere. I simple baseline thinking.",0,0,1501,1,-25.2296383002813,"negative",2026-04-03 16:27:24.022
"at://did:plc:odsdc2f5qxasetzotd4fa7im/app.bsky.feed.post/3mimvc5ozfs2q","aletamg.bsky.social","Aleta G.","Please support her - talks Fast, educates as fast.
buymeacoffee.com/jayjaylegal",0,0,132,1,-2.15277281476539,"negative",2026-04-03 23:38:27.356
"at://did:plc:2geyars7n4jdyvkhzrv5ywll/app.bsky.feed.post/3mimtecnfkk2l","gladdiegoodevening.bsky.social",NA,"Dear Leader also assured us that inflation isn’t real. I’m so relieved. I was really overpaying for gas.",2,80,3936,1,-6.29590754115692,"negative",2026-04-03 23:03:51.062
"at://did:plc:m42mionqb5faufszkynae6ox/app.bsky.feed.post/3mimkvyr44c2z","wilki57.bsky.social","","The Iran war is making everything more expensive for us, but some companies are cashing in. Don't think that's right? Sign the petition now demanding they are taxed more on their record profits to help us all with the cost of living. you.38degrees.org.uk/petitions/ra...",0,0,4,1,-50.5839688228109,"negative",2026-04-03 20:32:42.354
"at://did:plc:2mfuvaixxs72a6fno6wz4le3/app.bsky.feed.post/3mig63n2rw22g","curlewcurlew.bsky.social","Curlew Curlew","We don't have a housing shortage crisis - we have a housing inequality shortage.",2,3,790,1,-8.31022249934763,"negative",2026-04-01 07:27:15.255
"at://did:plc:r65exjqtfa6ghphfudanxoba/app.bsky.feed.post/3mim5nlxlrs2o","mao51.bsky.social","Getting Old","Is this the unemployment rate under differ acceleration in GDP scenarios that you mean? If so, do you think GDP is actually accelerating in that way? In not following what you mean here.",0,0,545,1,-13.6812180391488,"negative",2026-04-03 16:35:19.558
"at://did:plc:m4tpwapn4caujg7mubv7tu22/app.bsky.feed.post/3mimtfmy7322o","pleiades-6.bsky.social","Sue Smith","""I noted yesterday that the oil futures markets currently show the price of oil getting back close to where it was in mid-February by December 2028. Yes, 2028.""",0,0,187,1,-10.5237834960035,"negative",2026-04-03 23:04:36.76
"at://did:plc:hezyzlnv5l6mz2ng2w3dzamg/app.bsky.feed.post/3milxii2sps2r","dewforpolitics.bsky.social","David Earl Williams III","Americans describe Trump’s economy as a disaster, citing rising costs outpacing wages and difficulty saving. March reportedly added 178,000 jobs with unemployment at 4.3%, though revisions are expected after February was revised to a loss of 133,000, now confirmed worse than initially reported.",1,3,4606,1,-21.9393166149651,"negative",2026-04-03 14:45:11.754
"at://did:plc:msve5lvhkeivfe36c6txgqvz/app.bsky.feed.post/3mimlvbcnn22f","molossus-spondee.bsky.social","Molossus Spondee","Immigration spiked during the 90s or so. IDK kind of silly to argue that immigration started to become bad in the USA during the 90s or so. Maybe makes sense.",0,1,523,1,-6.48268344830025,"negative",2026-04-03 20:50:09.551
"at://did:plc:zni6rcbmriv5e3ggiwqs3q3w/app.bsky.feed.post/3m5zbphg62s24","arewetheryete.bsky.social","AreWeThereIsHeDeadYet🇺🇸","Yikes. I know a guy who had to replace the drywall in his rental house where a renter's cat had been peeing on the wall. It's just the worst.

Knocking wood that our current group doesn't have that problem. And wishing our digestive-issues guy would always get to the box in time. 😬",0,0,1439,1,-12.303120445233,"negative",NA
"at://did:plc:qfp272ifczvim5ydduzrtl74/app.bsky.feed.post/3mimhgupz7c2r","budravitz.bsky.social","The Bigger Picture","He started the war.
Now he’s telling our allies to “go get their own oil.”
They might just take him up on the part about not needing America.",0,1,55,1,-13.39781883458,"negative",2026-04-03 19:30:34.45
"at://did:plc:ewfbwelg6i47e6hwfpr5nias/app.bsky.feed.post/3m55ptpldjk22","aukittez.bsky.social","Kittez","The dogs available to rent would depend upon what types of allergy dogs are present for access, at a certain location, or able to be reserved ahead of time.
And if the one #renting the dog wants to get one themselves, but also has cost issues, they too can agree to the rental program for less cost.",0,0,227,1,-22.4658905956992,"negative",NA
"at://did:plc:zdq47y4g7efdvsqd7ln5e73z/app.bsky.feed.post/3mihobutpls2q","lunaticleft.bsky.social","Antifahhh","Would you trust a guy who's paid $2 million to send tens of billions of taxpayer dollars to arm genocide to really care about the housing crisis?",0,0,1631,1,-7.85655528942159,"negative",2026-04-01 21:49:42.96
"at://did:plc:dc6lrdlvden2l2qiilmgfyk5/app.bsky.feed.post/3mihop4atuc27","pressley.house.gov","Congresswoman Ayanna Pressley","As someone who knows the trauma of an eviction notice, I’m proud to introduce the HELP Act to support families during this housing crisis & provide vital resources.

TY @delauro.house.gov, @gomez.house.gov, & our advocates for their partnership.

We must affirm housing as a human right.",23,101,103928,1,0.912042661123833,"positive",2026-04-01 21:57:11.557
"at://did:plc:ntgl6vxskbmofng3elaqqn5j/app.bsky.feed.post/3mij5vh5wh223","nochoicebutaction.bsky.social","no choice but action","This is not safe for people in tents, for the community using trails, and for the Rivanna River and surrounding environment. We need a real solution to housing crisis. This is not it. There was a cleanup recently? I see no change.",0,0,912,1,-10.7007376648484,"negative",2026-04-02 12:01:49.252
"at://did:plc:rwhkwt6sp6asfqo34ngqpuxh/app.bsky.feed.post/3mimwdtgrsk2t","rpanchasi.bsky.social","roxanne panchasi","For over two decades now, my French bff Yahn has been sending me election flyers + bulletins in the mail so that I can share them with my students. I LOVE getting these political care packages.♥️

(He also throws in stickers for various clothing & film brands for the kid/his ""godson"").",0,4,3879,1,-10.4367721190139,"negative",2026-04-03 23:57:24.699
"at://did:plc:2ptpznzgvj5fqwfqoqjg2f6a/app.bsky.feed.post/3maxdqfcakk2x","leehoward77.bsky.social","Goodbye Keir Starmer, you rotten fuck","My local Blockbuster had multiple copies of titles like Pulp Fiction and The Shawshank Redemption, but it was weeks, maybe even a month, before I got a copy of either film, and when I did, the tape was battered to fuck. Online disc rental was no better. With VOD, you don’t get those issues.",0,4,71,1,-11.1115701609057,"negative",NA
"at://did:plc:v4b5krs6zdhmnctvbn3qpply/app.bsky.feed.post/3mil62tapis2c","acemaxx.bsky.social","acemaxx analytics","A model-implied probability that exceeds its historical benchmark (black dashed line) reflects an above-average likelihood for that particular range of #unemployment changes and values, chart #Chicago #Fed 
www.chicagofed.org/research/dat...",0,3,911,1,-4.48352878472613,"negative",2026-04-03 07:10:11.151
"at://did:plc:p2mfl6crjlyqpt3nutlles4y/app.bsky.feed.post/3milzccp3kc26","crimsoncauldron.bsky.social","Crimson_Cauldron","well i hope theres more to your economic plan than a slogan, social care is good thats also something the greens really care about. We have to remember landlords are profiting off of squeezing working people's wages with high rents. Abolishing landlords is just moving towards mass social housing...",0,1,127,1,-5.94117262860085,"negative",2026-04-03 15:17:30.061
"at://did:plc:jlafm6izvgdkspc55swp4hp5/app.bsky.feed.post/3milnpsd7ps2f","louisshalako.bsky.social","Louis Shalako","www.cbc.ca/news/world/h... Questioned lack of end-game, lacked will to #genocide But his biggest sin was his competence, right @PeteHegseth @petehoekstra",3,3,24567,1,-13.1272958881994,"negative",2026-04-03 11:50:15.659
"at://did:plc:uwqemxr5xfec7g4xxxqjpak4/app.bsky.feed.post/3mimnhetyy227","digitalscorpyun.bsky.social","the_lion_of_anacostia 🦁","Britain trained a 5,000-man Jewish Brigade in 1944—giving Zionists combat experience they used in 1948. The same empire that restricted Jewish immigration built the officer corps for the army that would expel Palestinians. History has a dark sense of humor.

#Nakba #Zionism #BritishEmpire",0,0,2951,1,-5.44860968076971,"negative",2026-04-03 21:18:51.155
"at://did:plc:tnyrzmxrklj5zkga5hqoar5e/app.bsky.feed.post/3m6cjac7fpk2d","derangedme.bsky.social","derangedme","We not only saved a bundle on rentals this year (college road trips!), the Costco dedicated team solved a rental issue. deranged.me/1-yr-costco-...",0,0,109,1,-3.53906717588528,"negative",NA
"at://did:plc:3mi2nii4rvs6s2w2mxnuaelo/app.bsky.feed.post/3milbxbzukc23","goi58.bsky.social","","The Iran war is making everything more expensive for us, but some companies are cashing in. Don't think that's right? Sign the petition now demanding they are taxed more on their record profits to help us all with the cost of living. you.38degrees.org.uk/petitions/ra...",0,0,11,1,-50.5839688228109,"negative",2026-04-03 08:19:44.151
"at://did:plc:dfpzrp4ef6vs2gtzruarsgql/app.bsky.feed.post/3milqrx6vss25","dolphan39.bsky.social","","Talk about a delusional and unqualified Secretary of War 😡

Hegseth said he wanted chaplains to focus more on God and less on therapeutic “self-help and self-care.”

www.yahoo.com/news/article...",0,0,1562,1,-9.19811375670009,"negative",2026-04-03 12:45:07.952
"at://did:plc:qdvtarymbetid4y5q7pmscg6/app.bsky.feed.post/3mimtgvkpsk2t","loveblue28.bsky.social","Blue Hulk loves all blue voters!","Any country’s royalty or political leaders visiting America at this point are giving their endorsement of American policies & can’t say they are thinking of the America before the orange moronic dipshit felon.",0,2,14540,1,-19.2087935580109,"negative",2026-04-03 23:05:18.654
"at://did:plc:2bejacqnlm36xsrjvwzzxk2g/app.bsky.feed.post/3mimvlevbok2l","cajohnson-craig.bsky.social","Craig Johnson","been very very difficult to see the positive in anything for several months, personal, professional, or political

what on this planet is getting better that the right-wing isn't actively trying to make worse?",0,14,18486,1,-15.5243684542463,"negative",2026-04-03 23:43:35.559
"at://did:plc:ut24bhoexaye33uqw4427ixt/app.bsky.feed.post/3milteua3rk2i","pluribus-unum.co","Meh Pluribus Unum (Alli) 🏳️‍⚧️🏳️‍🌈","The unemployment figures released by the people who lie like they breathe should be taken with a 10lb block of salt.",0,0,3128,1,-5.08966458829644,"negative",2026-04-03 13:31:30.162
"at://did:plc:gbxtosbboz6kqdjaoenognav/app.bsky.feed.post/3mam4simd222r","zisoregondo.blacksky.app","Ziso Het-Heru Regondo","There should be a standard defined, for how long it should take to fix plumbing issues depending on severity; the city might even define these for standard rental contract terms.

Get the meter reading(s) and keep pushing based on the options I suggested earlier.",0,1,191,1,-10.5883220171411,"negative",NA
"at://did:plc:kkergqgbhb56ptpwj2wenkje/app.bsky.feed.post/3miej3gyn722l","socpaperbot.bsky.social","Sociology papers (journals + SocArXiv)","How Initial Accommodation Shapes Refugee Integration: Quasi-Experimental Evidence from the Ukrainian Displacement Crisis in Denmark Sudden displacement crises require rapid expansion of refugee accommodation, yet little is known about how different types of initial housing affect
 #sociology link",0,0,939,1,-24.3097660660663,"negative",2026-03-31 15:38:37.959
"at://did:plc:piiax4gwiroh7bqcekknruqa/app.bsky.feed.post/3mimfttych226","palabrasdeabajo.bsky.social","Jeff Abbott","In 2015, I was crossing the border from Mexico to Guatemala. The president, Otto Pérez Molina, had resigned a few days prior because of proven connection to high levels of  corruption. Immigration into Guate always had a photo of the president, but this day a coat hung over OPM's photo. P.1",0,4,2377,1,-9.93599683110142,"negative",2026-04-03 19:02:00.45
"at://did:plc:kkergqgbhb56ptpwj2wenkje/app.bsky.feed.post/3mifctxoean2t","socpaperbot.bsky.social","Sociology papers (journals + SocArXiv)","How Initial Accommodation Shapes Refugee Integration: Quasi-Experimental Evidence from the Ukrainian Displacement Crisis in Denmark Sudden displacement crises require rapid expansion of refugee accommodation, yet little is known about how different types of initial housing affect
 #sociology link",0,0,939,1,-24.3097660660663,"negative",2026-03-31 23:19:44.356
"at://did:plc:ilsqditsxrq54qstgl6ldf5g/app.bsky.feed.post/3mighrpt4622w","mmch.bsky.social",NA,"They will do anything to avoid tackling the housing crisis.",0,1,1427,1,-7.04562507320526,"negative",2026-04-01 10:20:39.749
"at://did:plc:t5deuiv7hqtfzakiqobaozdx/app.bsky.feed.post/3mimffpag5c2s","csaulnier.bsky.social","Christine Saulnier (she/her)","This! Understanding marginal tax rates—

When the government says that tax cut will put an average of $1,400 in your pocket. (Nova Scotia)
Or how adjusting brackets for inflation helps everyone the same? 
NM all the tax breaks that the highest income also get -the Effective tax rate which is lower.",2,5,2094,1,-24.948162030324,"negative",2026-04-03 18:54:05.779
"at://did:plc:dknhimq4nyht3ibg634vnxyp/app.bsky.feed.post/3mimihps66c2d","jjoe44.bsky.social","","At the Court, We Carried Light
open.substack.com/pub/peoplepo...",0,0,61,1,-2.15277281476539,"negative",2026-04-03 19:48:56.751
"at://did:plc:asfo73u5cmltsteiujrouhjt/app.bsky.feed.post/3m775zcskgc2b","gusmoyer.bsky.social","Gus Moyer (梅子超)","On Nov. 25, the U.S. Embassy in San Jose, CA, issued a security warning for Costa Rica, citing a spate of recent crimes against tourists, including robberies and home invasions. “Tourists have reported break-ins and armed robberies at Airbnbs and other rental properties.”",0,2,28441,1,-9.89517483658117,"negative",NA
"at://did:plc:qfhnr33vm4nrzruupr6fyruq/app.bsky.feed.post/3mimrazl7ek23","weebtrash.comintern.social","WeebTrash ☭🏳️‍🌈🇵🇸","Voting in a dictatorship of the bourgeoisie is pointless. Our ""vote"" is nothing, we have no actual power. Being a member of a political org is valid both in a capitalist or socialist country. Petty bourgeoisie are part of the problem, I'm anti-business ownership.",0,2,4067,1,-9.96676848976818,"negative",2026-04-03 22:26:13.058
"at://did:plc:6bqt7vgetvs3httpylegut4z/app.bsky.feed.post/3mimrp2icxk2a","normiewrites.bsky.social","Normie Writes","It is a sad fact that despite all the revelations and political wrangling and blaming not a single one of the victims has received justice yet.",0,0,474,1,-11.0653807784363,"negative",2026-04-03 22:34:02.651
"at://did:plc:ftci5xvagtcm4dec2equhj35/app.bsky.feed.post/3mimtymqbws2n","woodenstares.bsky.social","Pro-Democracy Indiana Resister 🇺🇸 🔄 🆘 🟦","Meanwhile, in Northwest Indiana, the BP refinery in Whiting is on strike/locked out. BP execs are trying to cut union wages.",0,1,31173,1,-4.33757487210305,"negative",2026-04-03 23:15:12.761
"at://did:plc:l3cxfj63236ocve6utdmq33z/app.bsky.feed.post/3miesoeb5bc2o","sapofrog101.bsky.social","Frogzombie","There are 1 million empty homes in the UK.  Why is there a housing crisis when there are empty homes?",0,0,2460,1,-6.64015996509709,"negative",2026-03-31 18:30:18.652
"at://did:plc:rmnqfmvkizfrqjfumkg5jhin/app.bsky.feed.post/3milf6y6qn22e","meanderlust.bsky.social","Gabe","You mean second jobs you need because employers aren’t paying living wages?",0,1,390,1,-9.22710129357334,"negative",2026-04-03 09:17:41.659
"at://did:plc:x5uvkfpa6qjii2six6ymnybs/app.bsky.feed.post/3mije4pe5552l","fagstein.bsky.social","Steve Faguy","How do you solve the housing crisis? La Presse went to New Zealand (!) to find some solutions www.lapresse.ca/actualites/l...

But also Switzerland www.lapresse.ca/contexte/la-... and Vermont www.lapresse.ca/actualites/l...",0,0,1194,1,-0.977199484961148,"negative",2026-04-02 13:53:12.358
"at://did:plc:pqts4mhog5473nqizbx2auf6/app.bsky.feed.post/3mimtp3wmqs2q","drdiongeorgiou.bsky.social","Dr Dion Georgiou 🇨🇾❤️🇬🇾","So where I land is on a sober but uncynical relationship with party politics, engaging in good faith, making the best available choices, but also rejecting the abstraction or personification of political causes and marginalised groups in the guise of identifying with politicians and parties instead.",0,0,7554,1,-12.8346673918123,"negative",2026-04-03 23:09:58.356
"at://did:plc:vzrybkcyfpp3xwpittm75vkz/app.bsky.feed.post/3mimvhwmrl22i","mommabeee.bsky.social","Momma Bee","its so hard to explain to people as someone who's also grew up with the start of the internet, its so fucking tragic to see how its become, where back then we had so much freedom, and it was used for its purpose, now its being controlled and monitored for political/religious bullshit.",0,10,535,1,-10.5545551546703,"negative",2026-04-03 23:41:38.352
"at://did:plc:hwfrfgjcxao2gmansj3gpu72/app.bsky.feed.post/3mimf3iqyr22b","rootbeercutie.bsky.social","Rootbeercutiebooty","I have zero sympathy for Pam Bondi. The woman was vile and gleefully supported the Orange Menace. I won't cry for her or pray for her. I hope she enjoys unemployment",2,7,1233,1,-3.55481553285342,"negative",2026-04-03 18:48:24.562
"at://did:plc:mrmplzxlpqet3tt43ru4qddw/app.bsky.feed.post/3milwydwty22x","neilksethi.bsky.social","","Employment Situation (NFP) - March 2026
Another volatile NFP that sees strong job growth w/unemployment falling a tenth, but internals were weaker with a drop in the workweek w/mild wage growth seeing real incomes fall back

neilsethi.substack.com/p/employment...",0,0,134,1,-6.34915205567573,"negative",2026-04-03 14:36:06.858
"at://did:plc:2otejz54xcx5es6hskvuv34u/app.bsky.feed.post/3mimndm2jyc24","miami.thesocial.news","Miami News","US employers added a surprisingly strong 178,000 jobs last month, rebounding from a weak February",0,0,123,1,-3.38159065908844,"negative",2026-04-03 21:16:04.657
"at://did:plc:6utgedqtznjw7ntf5aswse5f/app.bsky.feed.post/3mimcbdvvqs24","hillhit.bsky.social","Nearby","Short-term inflation brings more cash into the budget.A 20% tax on a$100 purchase would be $20. With 10% inflation,$100 would become$110,&the tax would be $11. Salaries would remain the same, but $1 more would be paid in taxes.If you spend $2000 a month, you would pay $220 in taxes instead of $200.",0,0,22968,1,-20.3086420614172,"negative",2026-04-03 16:57:33.479
"at://did:plc:syhds43thslo3wouw4d46bac/app.bsky.feed.post/3mimnq677jc24","lauraapollo.bsky.social","Laura","Absolutely ridiculous BS.

""Atta said 12 vehicles were involved in the arrest, and Sarsour was loaded into a van before being told he was being taken by federal immigration officers.""",2,7,5067,1,-6.42943893378144,"negative",2026-04-03 21:23:07.562
"at://did:plc:2h3ypue2n7ze7fu7lzbp3wf7/app.bsky.feed.post/3mimthcqktc2y","json95.bsky.social","Jackson","You just... Proved my point though. A campaign wielding political power won, not individuals being nice. The left has never had that power yet we're expected to be nice",0,0,292,1,-14.5719386757563,"negative",2026-04-03 23:05:33.353
"at://did:plc:htqlqkynhupi6fw4c7x26qti/app.bsky.feed.post/3mimlkxhhz22c","peoplesfabric.bsky.social","Steve Held","“There’s no law like that,” Snelling wrongly stated. “There’s no law that says that immigration enforcement can’t happen around particular locations. That’s not a law.”",12,35,12522,1,-12.2101824495738,"negative",2026-04-03 20:44:26.358
"at://did:plc:whkrrahr3qb45zsui7giyjxh/app.bsky.feed.post/3milrmzw65223","prestonmui.bsky.social","Preston Mui","So about that youth unemployment rate...?",1,4,5658,1,-2.41983560001443,"negative",2026-04-03 13:00:20.851
"at://did:plc:lasgvbo7jcfyijogockdshvc/app.bsky.feed.post/3mihfzoz4ws2u","zexapu.bsky.social","Zex Rat","After 4 years in power the government's plan to address affordability and housing crisis was to just tell you it's going to get worse every 3 months without actually doing anything. The only major change has been the fuel crisis ramping the schedule up to things getting worse every 3 days.",0,0,282,1,-27.5049253643172,"negative",2026-04-01 19:21:59.856
"at://did:plc:poxjhj2qms4xxhem2kl5wjvr/app.bsky.feed.post/3mimvv2ytfc24","mrdetermined.bsky.social","","She actually lost due to inflation- and the voters that didn't care about anything else.

It wasn't due to Gaza, though the people that choose not to vote over that didn't help.",0,2,1030,1,-9.99308579808555,"negative",2026-04-03 23:49:01.153
"at://did:plc:ztwcbj2qlwglr7ccjo5aiy6a/app.bsky.feed.post/3mimiu7tbw22d","astro-yub.bsky.social","yub","Inflation is taken into account for these values. Cost of living has nothing to do with this. Let me know when you actually have a point to make.",0,0,113,1,-15.3964330471259,"negative",2026-04-03 19:55:38.856
"at://did:plc:gr63zokwytkg54m2wio4dkzj/app.bsky.feed.post/3miltbdo53c2u","stevethdemocrat.bsky.social","stevethdemocrat","Does anyone in their right mind believe ANYTHING coming from the cabal!?🤥",1,9,87075,1,-7.17665333561166,"negative",2026-04-03 13:29:33.953
"at://did:plc:fammzy5o2wdksfw3u2qkls7m/app.bsky.feed.post/3mimkhhcj5s2m","katherinepomps.bsky.social","Katherine Pompilio","We just published an interactive database of 300 immigration habeas cases in which the government failed to comply with court orders.  

The project documents patterns—not anecdotes—of noncompliance across jurisdictions.

www.lawfaremedia.org/article/thre...",32,97,9305,1,-4.57314094341582,"negative",2026-04-03 20:24:35.156
"at://did:plc:r4vc5hcviuh5i7erp2s6qoxm/app.bsky.feed.post/3mim3wogezs2n","pingl.bsky.social","Democracy Watchdog ❌ 👑🌮🐔","Americans who voted for him didn’t care about
- inflation 
- price of oil
- no more wars
- Medicare and Medicaid 
- deficit",1,2,973,1,-10.1587403023943,"negative",2026-04-03 16:04:37.557
"at://did:plc:appechurwv3xmlldgsm3hcsz/app.bsky.feed.post/3milsjby4wc2r","mmyrick29.bsky.social","Marcel Myrick","#BREAKING THIS MORNING: Economy here in the US has adding in the March #JobsReport rose to 178K Jobs with Unemployment Rate dips.",0,0,624,1,-3.44945501719559,"negative",2026-04-03 13:16:04.952
"at://did:plc:utncxp64doodk3pmctcmhp7n/app.bsky.feed.post/3milt43mg622u","nbcwashington.com","NBC4 Washington","JOBS REPORT: U.S. employers added 178,000 new jobs last month, rebounding from a dismal February. Here’s how much unemployment changed.",0,0,6037,1,-10.7466984497628,"negative",2026-04-03 13:26:37.652
"at://did:plc:hmmveeuabov5qcxy6ejgxxw5/app.bsky.feed.post/3mimvqfwsrc2c","miketherealist.bsky.social",NA,"Immigration crackdown correct and birthright citizenship ohhh my",0,0,3060,1,-3.2513851034335,"negative",2026-04-03 23:46:24.554
"at://did:plc:llyib2qojznvswvelaiakjfp/app.bsky.feed.post/3milyds2jff2m","market-ocean-en.bsky.social","marketocean - EN - BETA VERSION","since there is less urgency to deliver relief cuts. The trade-off, though, is not gone—it is deferred. Strong job growth can itself feed into wage pressures that keep inflation elevated, which would eventually force the very rate decisions the Fed is currently able to postpone.",0,0,1316,1,-14.7959952646702,"negative",2026-04-03 15:00:22.559
"at://did:plc:go6p2mdh73lkqxcznyzld2n5/app.bsky.feed.post/3mimghzoczc2u","giggil-scents.bsky.social","GIGGIL_Fragrances","Dont worry Pres. Macron we know that Orange felon is just jealous of your real marriage and wonderful love story, unlike his marriage all transactional. Always updates her prenuptial share to increase as if theres an inflation in prenuptial share every other year. 🤣🤣🤣🤣🤣",0,1,2210,1,-11.2493844214132,"negative",2026-04-03 19:13:16.465
"at://did:plc:o5ziv3z3drxvqgvm37szp5al/app.bsky.feed.post/3mijer6jkns22","lmmw.bsky.social","","I've been telling people from day 1 Carney is a fascist. He went to Israel for indoctrination. He does nothing about genocide in Palestine, ethnic cleansing and genocide in Syria, Israel attacking Lebanon, Israel and USA attacking Iran, investments in housing causing crisis, and he MOCKS NATIVES",2,2,1773,1,-17.9323140628982,"negative",2026-04-02 14:04:34.658
"at://did:plc:iuyxetkbig3ouncdpttvczcg/app.bsky.feed.post/3milulyp43s2f","morchdr.bsky.social","","The #Iran #war is making everything more #expensive for us, but some #companies are #cashingin. Don't think that's right? Sign the petition now demanding they are #taxed more on their record #profits to help us all with the #costofliving. you.38degrees.org.uk/petitions/ra...",0,0,377,1,-45.5470162203973,"negative",2026-04-03 13:53:25.052
"at://did:plc:okpywxadoqdqzuxpboa7dopo/app.bsky.feed.post/3milrf25ylc2w","europeanspod.bsky.social","The Europeans","A speech by the EU's Energy Commissioner, Dan Jørgensen, last week. The guy's got a point: 

substack.com/home/post/p-...",1,9,2062,1,-5.85407478887788,"negative",2026-04-03 12:55:46.15
"at://did:plc:xvcfq6mmgymcmqsrqaehkutd/app.bsky.feed.post/3millm2mfgs2i","rmn-india.bsky.social","Raman Media Network RMN","📉 India Report Warns of Systemic Collapse Amidst Graduate Unemployment and Capital Flight

#IndiaEconomy2026 #GraduateUnemployment #EconomicCrisis #ElectoralAutocracy #FDI #RMNFoundation #DataIntegrity #RamlilaMaidan #GlobalCapital 🇮🇳📊🛑

RMN News Service: www.ramanmedianetwork.com/india-report...",0,0,108,1,-6.1575052182978,"negative",2026-04-03 11:12:22.054
"at://did:plc:ru55eyk6bq5uyrq7ggvckgs2/app.bsky.feed.post/3mimtlhfugs2q","anna26458.bsky.social","Anna26458","www.sbs.com.au/news/datelin...",0,0,1146,1,-1.45962563420544,"negative",2026-04-03 23:07:52.555
"at://did:plc:jmsu2l6iq5ufs6ay4cxe4b6i/app.bsky.feed.post/3mimgjrs7rc2j","thewritingchef.bsky.social",NA,"For most of the time this has been a country -- and at the time when many nativists' ancestors arrived here -- you just had to have no visible signs of serious disease. The rules and systems that have made legal immigration basically impossible for many (with decades of backlog) are a racist choice.",0,1,739,1,-13.2065158891215,"negative",2026-04-03 19:14:18.468
"at://did:plc:jzq6wvramcauiwnxdwjg32bo/app.bsky.feed.post/3mimrla34unnv","honorabledoofus.bsky.social","solavattam","These guys usually are not waiting for political campaigns to speak to them in a way that makes them feel excited about politics or the future of the country. They usually hate politics and want nothing to do with it.",0,2,331,1,-15.861171324033,"negative",2026-04-03 22:31:55.552
"at://did:plc:3w75iygkvtcrqvu4x4ux2hzv/app.bsky.feed.post/3milcqaaujv2w","chriso-wiki.bsky.social","ChrisO_wiki","4/ Those who refuse will remain on the job with reduced pay (2,648 rubles ($33) per day instead of 4,000 ($50)).

AvtoVaz has already moved to a four-day week, cut wages, and implement mass lay-offs, but it is still producing too many vehicles to sell.",3,151,44491,1,-12.433326000888,"negative",2026-04-03 08:33:37.929
"at://did:plc:p5prwsg56o5ei2l54unm2pbc/app.bsky.feed.post/3mimwbxlduc2z","kevinhewett.bsky.social","Universal Basic, Inc.","same would apply to any other racial or ethnic group. 

However, the real problem is impoverished, White people voting for the political party of the Rich people--which is stupid. 
So, if we could eradicate stupidity--either generally or from the polling process--we'd get better electoral outcomes.",0,1,1514,1,-11.0429079225842,"negative",2026-04-03 23:56:13.249
"at://did:plc:dwasl4lncy23y5ij2slmz4n6/app.bsky.feed.post/3mimpetoj7c2p","mndfl56.bsky.social","MN DFL Senate District 56","#IceOut in #Minnesota",1,0,285,1,-1.45962563420544,"negative",2026-04-03 21:52:35.46
"at://did:plc:skj6s2zwuqf4g5fqz6tapnbh/app.bsky.feed.post/3mimf5xicwc2q","charluv.bsky.social","Charlotte “Pure True Love”","Worth another Read Trump is reportedly receiving millions of immigration applications, pocketing the hefty fees & never processing the applications.
It's collected over $1 billion in fees so far. #FlashbackFriday www.independent.co.uk/news/world/a...",0,1,4799,1,-6.36490041264387,"negative",2026-04-03 18:49:47.854
"at://did:plc:gfwtz5o6bcagfir3bkea2y3q/app.bsky.feed.post/3mils6wfnrc27","adriennebo.bsky.social","Adrienne Bodnarchuk","""Like many of those other firings, Pentagon officials are not offering a reason for George's departure, which comes nearly five weeks into U.S.-Israeli attacks on Iran and with no clear timeline from U.S. President Donald Trump on when the war may end.""

www.cbc.ca/news/world/h...",0,0,371,1,-19.571604938482,"negative",2026-04-03 13:08:08.654
"at://did:plc:kkergqgbhb56ptpwj2wenkje/app.bsky.feed.post/3mievqfty5n2k","socpaperbot.bsky.social","Sociology papers (journals + SocArXiv)","How Initial Accommodation Shapes Refugee Integration: Quasi-Experimental Evidence from the Ukrainian Displacement Crisis in Denmark Sudden displacement crises require rapid expansion of refugee accommodation, yet little is known about how different types of initial housing affect
 #sociology link",0,0,939,1,-24.3097660660663,"negative",2026-03-31 19:25:06.756
"at://did:plc:6p5dqvxegmuyqcrunzuzbl6n/app.bsky.feed.post/3mimwcdlxi22h","woeelvesuponye.bsky.social","Villain-coded lesbian","Like the first space race during the 1960s, you cannot divorce the current one from the current American Political climate",0,0,220,1,-14.8675889178572,"negative",2026-04-03 23:56:25.957
"at://did:plc:vy6iyhvi435lhyha4coaowmd/app.bsky.feed.post/3mijefaewas24","harvard-jchs.bsky.social","Harvard Joint Center for Housing Studies","In the podcast Harvard Thinking, host Samantha Laine Perfas talks with Ed Glaeser, Jason Furman, and our former graduate research assistant Amy Tomasso about factors driving the housing crisis — and their prescriptions for fixing it.

news.harvard.edu/gazette/stor...",1,1,4083,1,-11.0346091197695,"negative",2026-04-02 13:58:04.955
"at://did:plc:of6w3g34gfewl67axwbokqyd/app.bsky.feed.post/3milsaaka2s2e","joans24.bsky.social","","Longest Low-Rate Stretch: The unemployment rate stayed below 4% for 27 consecutive months from February 2022 through April 2024, the longest such streak since the 1960s. But 4.3% is great for Trump?  Lol",0,0,438,1,-16.6079574412158,"negative",2026-04-03 13:11:01.853
"at://did:plc:43fdk46qa5gsokzygzildsaq/app.bsky.feed.post/3milqaiutbx2g","fintwitter.bsky.social","FinTwitter","U.S. MARCH UNEMPLOYMENT RATE 4.3%; EST 4.4%",0,0,17016,1,-2.57398627984169,"negative",2026-04-03 12:35:22.258
"at://did:plc:htdsafwakqmzvuk2oivijzn6/app.bsky.feed.post/3mimmwbmfv225","nberlat.bsky.social","Noah Berlatsky","the left has been completely sidelined on immigration debates for literally decades.",4,29,29597,1,-1.17194356175366,"negative",2026-04-03 21:08:38.857
"at://did:plc:mwagtmvsxuqlgte5iqk3fndm/app.bsky.feed.post/3mijrzvzwo22z","lalegault.bsky.social","Arrête Mark Carney ⚜️","Carney’s bill C3 could potentially see a flood of MAGA  into Canada 🇨🇦, why are we doing this during a housing crisis? #cdnpoli 

edition.cnn.com/2026/03/30/t...",2,5,25444,1,-7.16340810886164,"negative",2026-04-02 18:02:09.861
"at://did:plc:kd4cyu4rpkgjbym3gckhrivz/app.bsky.feed.post/3mimqucxgg227","charlesgaba.com","Charles Gaba ✡️","My own political awakening didn't happen until I was in my 30's, when I was ""inspired"" by Howard Dean (prior to then I voted but that was it).

I admit that I was indeed a bit cultish (we were called ""Deaniacs"") & took it hard when his campaign collapsed...HOWEVER...

www.youtube.com/watch?v=l6i-...",7,57,75695,1,-8.01640399036348,"negative",2026-04-03 22:19:08.256
"at://did:plc:hiiid5oy6gxuvonqymq7ogdt/app.bsky.feed.post/3me75sqetzk2n","edibleflowers.bsky.social","pam the vegetarian zombie","Wow, that is wild. I assume the rental laws are stricter there, but dang. Yeah, here it's only if there have been problems, which there were in my last place due to the old cat and certain issues he had. So all I can do now is wait and see.",0,1,329,1,-12.0278608927798,"negative",NA
"at://did:plc:os62debd3zqwfk5ayqnzlucr/app.bsky.feed.post/3mimfss5aak2a","cateismilesaway.bsky.social","Caters Gonna Cate","I went to a private college and all-in for me was $21k/year at that time (2004). If the school (which is now defunct) had followed inflation rates, that number would now be $36k/year. 

$98k is an absolutely insane price for one year of college.",0,1,1357,1,-11.4400742278777,"negative",2026-04-03 19:01:31.852
"at://did:plc:werhsi47bu52angzytclytuc/app.bsky.feed.post/3mimmpcawsq2z","army777666.bsky.social","Army","DHS reports the parents of Ann Mary & Alen Zheng were arrested by ICE. The siblings are connected to the attempted attack on March 10 at MacDill Air Force Base involving an IED.",1,2,4012,1,-5.59033784059842,"negative",2026-04-03 21:04:43.752
"at://did:plc:57wp6airz5nyrizkgp43iajl/app.bsky.feed.post/3mimtnlwmfs2f","sbarlster.bsky.social","sbarlster","Most MPs are highly attuned to being political animals and chasing votes.

Not looking after their constituents.

In my constituency the MP looks after the minority who drive through the area and when you ask about active travel, points at the narrow pavement.

Health, costs, inclusion. Nah!",0,2,1380,1,-14.3725116510594,"negative",2026-04-03 23:09:03.553
"at://did:plc:lsdv2cbmncgzzgnv7nwldnit/app.bsky.feed.post/3mbfgfc5znk2m","jas-gar.bsky.social","James Garman-8647","Here is a chance to listen to what the surprise Mayor of NYC and his human rights based rental issues etc, making the rich pay for the benefit of all.  This is how it SHOULD work.  The rich have gotten away with murder for years, needs to end.",0,8,32353,1,-1.89544143696657,"negative",NA
"at://did:plc:pboltvj6wr6gaituw2s6mrwq/app.bsky.feed.post/3miltpvzos22e","elisegould.bsky.social","Elise Gould","The household survey shows a slight drop in the unemployment rate due to more people leaving the labor force rather than gaining employment. The prime-age employment to population ratio—the share of the population 25-54 years old with a job—remains resilient in the face of some softening.
#EconSky",0,4,3499,1,-7.43284307825574,"negative",2026-04-03 13:37:42.158
"at://did:plc:spfkgsqetnnmj6fvdaupsccj/app.bsky.feed.post/3mimnx6lc7k2i","yehmenmudpuppy.bsky.social","Y. Mudpuppy","I know people in big pharm who routinely get laid off every five years like clockwork for no apparent reason, and then six months later, get rehired into the same job for the same salary they had when they started five years prior. It's just a scam to keep wages down.",1,1,2495,1,-15.5119459342477,"negative",2026-04-03 21:27:03.256
"at://did:plc:ls2coruzaregrhngarcouqal/app.bsky.feed.post/3miky3pw3vc2f","djtsurugi.bsky.social","DJTsurugi","now she can be part of the ever increasing unemployment rate.  ~<3",0,1,170,1,-8.01825755901281,"negative",2026-04-03 05:23:11.551
"at://did:plc:emzf26m67pwxypzprx6gsur6/app.bsky.feed.post/3mim3hyorcs27","phillydraws.bsky.social",NA,"rinse and repeat for crime, inflation, economy, etc.",0,0,311,1,-3.18239223194654,"negative",2026-04-03 15:56:25.257
"at://did:plc:otc3vesf5koehwig5tabwqyl/app.bsky.feed.post/3mimi32e67c2c","wpln.bsky.social","WPLN News - Nashville Public Radio","An expansion of Tennessee's school vouchers could have consequences for undocumented students
wpln.org/post/an-expa...",1,3,7853,1,-2.84591999532533,"negative",2026-04-03 19:41:50.362
"at://did:plc:wf7ostcivsnv7r25l5ozht6i/app.bsky.feed.post/3miknag66e22k","jrdolan01.bsky.social","Radical Middle","I think Karoline is nervous that she's on the Pam Bondi unemployment train, so she's kicking up the absurd praise of the orange king.",0,2,184,1,-5.86982314584602,"negative",2026-04-03 02:08:59.65
"at://did:plc:fggv6gfmjok2jy7ue63vn6jq/app.bsky.feed.post/3mim5rfqps22y","allison-dog.online","Very Fat Golden Retriever Alert 🎂 14 DAYS 🔞","Charlie Kirk is Fat and Inflation",0,4,727,1,-2.4892450513866,"negative",2026-04-03 16:37:28.158
"at://did:plc:2ygvwonvkgj3goxce23tpyvx/app.bsky.feed.post/3mimuyvcapk2e","mutantsmichael.bsky.social","MutantsMichael ☭","the most ambitious former CIA agent in a political party basically run by ambitious former CIA agents will likely fail in their coup attempt and get summarily shot but you KNOW Mayor Pete is biding his time like fuckin Littlefinger",0,2,1160,1,-12.4108531450359,"negative",2026-04-03 23:33:15.259
"at://did:plc:namifrcorf6hzy45phd4shvt/app.bsky.feed.post/3mimihnbfso2d","newsanalysis.com","News Analysis","US jobs report shows strong hiring in March, exceeding expectations. The unemployment rate ticked down to 4.3%. The health care sector added 76,000 jobs.  #economy #News",0,0,606,1,-9.24262105298648,"negative",2026-04-03 19:48:51.852
"at://did:plc:4pgbd43dq7bjxgiguziumdqc/app.bsky.feed.post/3mimrhewkps25","mickeymarxclub.bsky.social","5th Iranian White Van Regiment 🇵🇸","Check out Schwalbe Marathon Plus. Haven't had a puncture since I've had them (2 years Vs 4 in 2 years previously), but beware they are quite heavy and stiff. You can't check inflation by feel on them",0,3,3778,1,1.56760335328483,"positive",2026-04-03 22:29:47.657
"at://did:plc:nwwxtil277iswwlkls76m2lt/app.bsky.feed.post/3mimfk5wpac2h","sarahcycles.bsky.social","no one of consequence","John Roberts’ grandfather was a birthright citizen born to two immigrants who weren’t citizens at the time 

youtube.com/shorts/HZLsA...",0,0,1512,1,-5.04314457266155,"negative",2026-04-03 18:56:35.849
"at://did:plc:luhf5n5nivm6ahyrorccst32/app.bsky.feed.post/3mimquopvc22a","aconcernedcitizen2.bsky.social","","Could This Finally Be The Nail In The Coffin For Trump?

flip.it/yTeRcW

OLD SENILE BASTARD.  THERE IS ONLY SO MUCH YOU CAN STEAL.  HOW LONG YOU CAN GRIFT.  HOW EVIL YOU CAN BE.  THEY NEVER LEARN THAT.  WANT EVERYTHING. GIVE NOTHING.
@housedemocrats.bsky.social @ms.now @aclu.org @cnn.com",0,0,666,1,-15.7475120055605,"negative",2026-04-03 22:19:20.854
"at://did:plc:wcn7zqiltsrhmwxvk3vgoxrs/app.bsky.feed.post/3mimemhk3522c","kcoxdc.bsky.social","Kate Cox","This got me curious so I looked around for adjustments-for-inflation. I think the ""modern"" is mostly to get around the most bonkers couple years of WWII. www.davemanuel.com/us-defense-s...",4,8,9219,1,-6.14175686132966,"negative",2026-04-03 18:39:57.155
"at://did:plc:ja7z7k7unpm35l7on5tbvlsj/app.bsky.feed.post/3mimpryfhns2h","gayfolk.bsky.social","Online.gaymen","Lawyers alarmed by immigration judge's 'atrocious' questions for gay asylum seekers

HEADLINES  -  FOR GAY MEN
flipboard.com/@noosafoto/g...",0,0,257,1,-3.2513851034335,"negative",2026-04-03 22:00:03.859
"at://did:plc:5tkamyjsjyn3n6sslfywsqvj/app.bsky.feed.post/3mimmzrt2bk2z","uniteforchange.bsky.social","A return to normal","The #Greens Hannah Spencer speaks eloquently about the deprivation facing many people and how Labour is without a solution.

What's missing isn't that we need a  reduction in the cost of living it's that we need to tackle low wages & excessive corporate profits.

www.theguardian.com/commentisfre...",0,0,592,1,-14.8185545832556,"negative",2026-04-03 21:10:42.057
"at://did:plc:p47dpw3eycwe4a75crgrntyi/app.bsky.feed.post/3mimheex6rk2m","chrisrichards97.bsky.social","Christopher Richards","I just wrote a @FaithfulAmerica letter: Tell your senator: Do NOT confirm Markwayne Mullin. Write one here: actionnetwork.org/letters/tell...",1,1,4560,1,-12.7085855533412,"negative",2026-04-03 19:29:09.951
"at://did:plc:427byf5a42udtjumwjwz5sey/app.bsky.feed.post/3mimq7izz2c2l","joshuaholland.bsky.social","Joshua Holland","The problem was that they portrayed it as a media cover-up when Biden’s age was the hottest topic of his presidency—or among the hottest along with inflation and his shitty polling. And Alex Thompson hadn’t exactly earned the benefit of the doubt with his consistent hackery.",1,15,24816,1,-21.8860721004463,"negative",2026-04-03 22:07:28.85
"at://did:plc:ap5gpowypdnbuddfk5sl2by2/app.bsky.feed.post/3mij6mvsmkk2y","smtuffy.bsky.social","Tuffy","Anyway, it turns out that many of the same people who complain about apartments being built also think that the solution to the housing crisis is reviving apartments above shops",0,3,7355,1,-9.96676848976818,"negative",2026-04-02 12:14:52.053
"at://did:plc:xbhixrxzew4v54tztd742p44/app.bsky.feed.post/3mimsooytek2p","newlimecrush.bsky.social","NewfsLimeCrush","First time I went to Las Vegas I lost my passport. On the way back I had to go through immigration. They started asking me questions and then started laughing when I answered and just waved me through because I have a THICK Newfie accent.",0,2,960,1,-11.740178820328,"negative",2026-04-03 22:51:49.651
"at://did:plc:pcmzn3lb3n6vha766ajfsee6/app.bsky.feed.post/3mim32kq3xs25","democratswin.bsky.social","Democratic Activists","The White House is seeking roughly $1.5 trillion for defense as part of a fiscal 2027 budget request – a proposal that would boost military spending to its highest point in modern history as the Trump administration wages its war with Iran. cnn.it/4v9a38B",6,7,37650,1,-18.1853105773621,"negative",2026-04-03 15:48:57.056
"at://did:plc:kvvv7bhauhnalxlpqyhdwwxj/app.bsky.feed.post/3mimdrnuv222c","taxlawcenter.org","The Tax Law Center at NYU Law","It proposes to slash the IRS base budget by over 10% on top of recent cuts, a nearly 50% reduction from 2010 levels, adjusted for inflation. It would lead to further staffing losses, even though the IRS CEO recently defended current staffing levels.",0,1,458,1,-7.628957387758,"negative",2026-04-03 18:25:00.68
"at://did:plc:llyib2qojznvswvelaiakjfp/app.bsky.feed.post/3mimk7slb6n2s","market-ocean-en.bsky.social","marketocean - EN - BETA VERSION","The regulatory frameworks governing central bank independence were designed for domestic trade-offs, not for a world where geopolitical shocks rewrite the inflation calculus in real time. Market reaction to the March payrolls was notably muted, and the reason is telling.",0,0,1316,1,-12.9115263973379,"negative",2026-04-03 20:20:16.15
"at://did:plc:ilqi7e63gqhlfxcjpooc6ata/app.bsky.feed.post/3mimhl5tfos2o","tontonlagaffe.bsky.social","","House Democrat Wages a Lonely Legal Fight Testing Congress’s Power www.nytimes.com/2026/04/03/u...",0,0,115,1,-7.26876862451947,"negative",2026-04-03 19:32:58.365
"at://did:plc:drz2hljsad4qe7tlfid5htxd/app.bsky.feed.post/3mimvwkx6yt24","ergopraxis.bsky.social","ergopraxis","If anyone can participate in a movement, that movement would incoherently include fascists, MAGA cultists, cons etc. We all know such people need to be excluded on ethical, electoral grounds and grounds of political efficacy. But it's the center that flirts with their politics!",0,1,1620,1,-11.7668267618109,"negative",2026-04-03 23:49:51.901
"at://did:plc:vkgc7hteoa7hgwv2do74nvzv/app.bsky.feed.post/3mimbx7mjlc2l","muskisatotalpos.bsky.social","muskisatotalPOS","Diesel prices are soaring. 6 states have hit record highs in the last couple days (CA,WA,HI,FL,AZ,NV). 13 states are within 5% of their all time highs and 14 additional states are within 10%. Last time diesel hit these highs was June 2022. Inflation was 9.1% that month. Highest rate since 1981.",0,0,2361,1,-30.7141911229445,"negative",2026-04-03 17:52:18.152
"at://did:plc:mgag4aeag7cc6xz7p4uuxoew/app.bsky.feed.post/3miind4pib22w","carlbrowne17.bsky.social","Carl Brown","Reform UK's housing spokesperson Simon Dudley speaks to Daniel Gayne about navigating nimbyism, getting pension funds to invest in affordable housing, and reassessing the post-Grenfell consensus on building regulation
www.housingtoday.co.uk/in-focus/i-w...",0,0,42,1,-10.9168260841131,"negative",2026-04-02 07:05:14.356
"at://did:plc:fcpaw2jpyzrb7tcaqtpfalno/app.bsky.feed.post/3milufrbdcc23","briansager79.bsky.social","BrianSager79","Wait until they see how much Social Security they get on untaxed wages.",0,3,1128,1,-6.94026455754743,"negative",2026-04-03 13:49:54.255
"at://did:plc:7p5rtelhbrwib3znwbxdlvbl/app.bsky.feed.post/3mimjwjnltk2v","immdef.bsky.social","Immigrant Defenders Law Center","💗 At ImmDef, our attorneys don’t just represent children, they stand beside them with compassion, courage, and unwavering hope.

They ensure young people in the immigration system are heard, protected, and fiercely defended.

Support our work 💙 www.immdef.org/support",6,17,13442,1,-6.63010962924359,"negative",2026-04-03 20:15:12.863
"at://did:plc:km4m4j3wfpl2swgak4q3ittf/app.bsky.feed.post/3mim3vdloq22i","neverseemecoming.bsky.social","","wage ""gains"" compared to very real cost of living isn't a gain with honest math, unemployment, convenient you left out the numbers way up who have to work two jobs. Don't expect to be taken seriously or seen as honest when you neglect that. keep writing fiction, you have a knack for it",0,0,2000,1,-19.6077439850978,"negative",2026-04-03 16:03:52.357
"at://did:plc:mpfb6szed2o4tldqp7orcnrj/app.bsky.feed.post/3mim2dmhkd22i","scottishox2.bsky.social","Prairiesunshine","#TrumpTariffs are increasing US Inflation",0,1,16461,1,-3.18239223194654,"negative",2026-04-03 15:36:05.252
"at://did:plc:rwelblzzbvrikupo6vcylzgu/app.bsky.feed.post/3mimhp63yek2z","purpledog64.bsky.social","Dave Farmer","I always thought it was ""work 'till you're musclebound or sign on"" - some kind of comment on unemployment that I never quite understood 😅  #totp",0,2,21,1,-5.43904022975356,"negative",2026-04-03 19:35:10.658
"at://did:plc:y77izru2kb4rv4y3hdutomul/app.bsky.feed.post/3mimrw2dybc26","amstermom.bsky.social","","SO recruiters tell young people that enlisting can help with their parents' immigration status.  Yet ICE held a man who was the father of three marines in detention for weeks. So undocumented folks on the street are still in danger even if their kids have enlisted.",4,62,2363,1,-14.1564232317946,"negative",2026-04-03 22:37:58.153
"at://did:plc:pyzdcludzgzkktlx657emvwf/app.bsky.feed.post/3mijlrixt6c2t","atilacore.bsky.social","Atila, Harvest Heffa 🍁","When i see a post thats like “everyone is so skinny in NYC now they look bad” as if we aren’t literally in a housing, income, gender ideology, war crime, anti vax, literacy, mental health, and food insecurity crisis as we speak!!!!!!!",1,13,1162,1,-16.2236520713386,"negative",2026-04-02 16:10:04.659
"at://did:plc:x665rmy2mu5i5plofd5x3nbl/app.bsky.feed.post/3milds45iq223","mcmh44.bsky.social",NA,"The Iran war is making everything more expensive for us, but some companies are cashing in. Don't think that's right? Sign the petition now demanding they are taxed more on their record profits to help us all with the cost of living. you.38degrees.org.uk/petitions/ra...",0,1,1487,1,-50.5839688228109,"negative",2026-04-03 08:52:47.754
"at://did:plc:rbzy3issuaqfwgorq22z67aw/app.bsky.feed.post/3mimswh33rs2e","merovingians.bsky.social","the abbot of unreason (an archaeologist)","really I think it should be remembered by more people that if Yglesias and the Welcome set had their way Kilmar Abrego Garcia would still be rotting in CECOT and wonder fairly about both their political savvy and moral boundaries.",86,582,12035,1,-11.3430125150346,"negative",2026-04-03 22:56:06.157
"at://did:plc:p2fwhyh2sdgsnb46wbwdm2dt/app.bsky.feed.post/3mimncnnvnc25","charleswmaynard.bsky.social","Charlie Maynard","I don’t think that comparison works. Hawaii and Alaska are part of the same country, with the same legal and immigration system. The UK and EU are separate jurisdictions. Schengen is about removing controls between different states, which makes sense on the continent with heavy land-border traffic.",0,0,301,1,-11.922500377122,"negative",2026-04-03 21:15:33.06
"at://did:plc:j3tbv6ekrxs5d3hijbh6wqsa/app.bsky.feed.post/3mimjjhc6es2b","shoehead.itch.io","🜏 Machine Saint 🜏","I watched my goverment spend all last year talk about how they needed to build data centres during the housing crisis and knew this day was coming. Im just glad it's coming before we have a heap of derelict football field sized data centres all over the island",0,2,2760,1,-17.8370038830938,"negative",2026-04-03 20:07:46.855
"at://did:plc:nktrcbmsw6ugpwb3hk55kfho/app.bsky.feed.post/3mimcoehgoc2a","chlorofluff.bsky.social","🍵ChloroFluff🥬","Ooooo tempted to do a inflation tome % speedrun of this game hehehehehe! Lovely size! So silly!",0,2,1917,1,-3.18239223194654,"negative",2026-04-03 18:05:14.951
"at://did:plc:msoo6i6mqwrs43l6ye37bbwl/app.bsky.feed.post/3mimikv2nic2w","williamhumphrey.bsky.social","William Humphrey 🏴󠁧󠁢󠁳󠁣󠁴󠁿","A man who supports a team which often plays only one Scotsman, sometimes none, complaining about immigration ! Living in Glasgow, what are chances he's never been inside an Indian, Italian or Chinese restaurant ? Pretty slim I'd say.",3,6,1593,1,-8.1930275260428,"negative",2026-04-03 19:50:43.056
"at://did:plc:aguuva4kn5jovl3hgqdvmswk/app.bsky.feed.post/3mifhmr4hwc2p","andymboyle.bsky.social","Andy Boyle","I have a simple solution to the housing crisis: build more shit and make it tall and if anyone disagrees show them this new sherry you keep down in these here catacombs",0,3,3086,1,-11.1399696354274,"negative",2026-04-01 00:45:11.469
"at://did:plc:jldwyrazfdid3c7qyxq2eyyf/app.bsky.feed.post/3mgrngfvvmo2r","hbgpalocalnews.bsky.social","Harrisburg & Central PA Local News","Homeowners’ associations in private communities actively manage short-term rental issues to maintain neighborhood standards & protect property values. They address disruptive behavior independently.",0,0,312,1,-7.58016722358856,"negative",NA
"at://did:plc:xrk5iqxf5va3y72y4q5wv5ys/app.bsky.feed.post/3mijxbz5eps2j","helprehumanize.bsky.social","The Rehumanization Project","Understanding #homelessness, the #housing crisis, and housing insecurity can come from more than just current events:

Learn more at the link: bit.ly/4bL8DcY",1,1,27,1,-11.6507952591933,"negative",2026-04-02 19:36:13.559
"at://did:plc:tfqqsuthz6bqi6b7xovtute2/app.bsky.feed.post/3mimvrk6f7k25","sueoconnell.bsky.social","Sue OConnell","Political commentator Sue O'Connell says the Pentagon's removal of senior military leaders during combat ""raises serious questions about stability in the military chain of command and what message it sends to our troops, our allies and our adversaries.""

www.nbcboston.com/video/news/p...",0,1,2014,1,-12.0053880369278,"negative",2026-04-03 23:47:05.773
"at://did:plc:g52nhf3c72k35e74gzqduvf4/app.bsky.feed.post/3mijevol7h22t","urbannico.bsky.social",NA,"What bothers me as well is that Delft has a massive housing crisis yet they use their land so inefficiently. Still building expensive sprawling non walkable row house neighborhoods instead of building something actually urban for a growing population of a university town",0,2,16,1,-29.3483280666971,"negative",2026-04-02 14:07:08.666
"at://did:plc:fvqtpn5xua5sobf2s4nr2jf3/app.bsky.feed.post/3mihmr7x4sk2e","deanbuckley.bsky.social","Dean Buckley","I was just thinking about how FFG maintain us in a permanent state of crisis through which they justify the ""necessity"" of ""hard choices"" that always end up prolonging the crisis rather than resolving it. they cite the urgency of the housing crisis to justify basically anything except resolving it",2,10,1096,1,-12.8547680635193,"negative",2026-04-01 21:22:29.465
"at://did:plc:fb3royociml6n3ku2l2vs2hd/app.bsky.feed.post/3milwq6oths2o","jkshields.bsky.social","jks (she/they)","sounds like they had less of a housing crisis then

(not glorifying Feudalism though, slave-holding societies are bad, and indenture is only slightly better... depressed wages are bad enough in this world of enclosure & gig-accelerated death spiral of common goods)",0,0,844,1,-10.1591403824156,"negative",2026-04-03 14:31:30.957
"at://did:plc:qakvaly2sy7dqeav7xcebrap/app.bsky.feed.post/3mimftk4g2c2e","robinjohnson.bsky.social","Robin Johnson","20 years ago, I was afraid to walk through some parts of town. I still get nervous when I see groups of boys. Then I hear that they're not speaking English and I calm down. Immigration rocks",0,8,2064,1,-7.81573329490133,"negative",2026-04-03 19:01:49.751
"at://did:plc:mvw7btcxe6jgznss25lcmus7/app.bsky.feed.post/3mimwg633lk2r","christinaayiotis.bsky.social","Christina Ayiotis","“Lower immigration has brought labor supply in line with shaky demand, but economists worry that such a slow-moving job market is at risk of toppling over.” www.nytimes.com/2026/04/03/b... @nytimes.com",0,1,1032,1,-5.5663927164261,"negative",2026-04-03 23:58:35.656
"at://did:plc:375tiijsv3an5v2u6kbp6gs5/app.bsky.feed.post/3miml4l2ykk2u","gbenga-ajilore.bsky.social","Gbenga Ajilore","The March #JobsDay numbers show the labor market rebounded from last month with payrolls up by 178K and unemployment falling to 4.3%. But the labor market data are fluctuating wildly, with last month’s job losses revised down from 92k to a loss of 133K. (1/8)",2,6,8463,1,-14.0551864333206,"negative",2026-04-03 20:36:21.361
"at://did:plc:etc3mdbwwvbeiuvdpsny66i7/app.bsky.feed.post/3mimswktlas2z","wdunc594.bsky.social","","Trump complains about ‘93 per cent bad publicity’ - and takes aim at member of his own administration""

I wonder what the percentage would be if the actual truth was told...",0,0,171,1,-9.47841572185424,"negative",2026-04-03 22:56:11.154
"at://did:plc:jidjavvtfrjqnssmvizf7pe3/app.bsky.feed.post/3mijxuqhc3c2w","advocate.nyc.gov","Office of the Public Advocate Jumaane D. Williams","With the city's resources and the energy of tenants fed up with dangerous conditions and rising rent, we can overhaul the system and address the housing crisis.

We were proud to join East Harlem's Rental Rip Off Hearing, sharing tools and shedding light on the #WorstLandlordsNYC.",1,1,2782,1,-7.45109018131342,"negative",2026-04-02 19:48:50.851
"at://did:plc:lzqfqce6ibgfczyw5ljgijro/app.bsky.feed.post/3midcs26zi22b","howlingbluewolf.bsky.social","Luna","You're not alone in that - I just checked on our local Irish stats: ""Migration from the US to Ireland has surged, with roughly 9,600 US citizens moving to Ireland in the year ending April 2025, nearly doubling the 4,900 from the previous year."" We have a housing crisis...v expensive to rent or own.",0,1,1685,1,-10.4215046468831,"negative",2026-03-31 04:13:21.663
"at://did:plc:yya4qitvsl5e6qqjjdxvromm/app.bsky.feed.post/3mimfpxm3b22y","liassur.bsky.social","Liassur 🌗","Despite the looming threat of unemployment over my head, at least my illnesse seems bit more manageable lately, maybe  one step in the right direction.",0,0,439,1,-8.22647546011034,"negative",2026-04-03 18:59:49.851
"at://did:plc:wwjz5i3jm3bbspvhkg7rhzkh/app.bsky.feed.post/3mimgwstmis2a","ohyl.bsky.social","Phyl","Trump introduces a grim FY 2027 budget. In additon to the barbaric reductions he is proposing, he is using bogus budget assumptions including 5-6% increase in GDP and big reductions in unemployment and interest rates.  Savage, harsh, grievious. 👇👇",0,0,5014,1,-10.3853811731444,"negative",2026-04-03 19:21:33.863
"at://did:plc:225ye7dykffy6bpc2ppyud37/app.bsky.feed.post/3mimrsxjh3s2r","mariosrichards.bsky.social","Marios Richards","FWIW, I get that a lot of slipped into the delusion that this *is* how democracy works - that if a major political party fails, well the voters will simply step in tell the party they are drunk and take their car keys off them.",0,1,2299,1,-11.4945624131618,"negative",2026-04-03 22:36:14.883
"at://did:plc:xese3kzutxx5lie7wdo7kkzj/app.bsky.feed.post/3mimc4hnzns2d","gabzaffari.bsky.social","Gabriel Zaffari","At the core, what is the difference between sellers inflation and conflict inflation?",0,0,346,1,-4.2120116491277,"negative",2026-04-03 17:55:14.355
"at://did:plc:hjh7wpndatewctnranzum2dd/app.bsky.feed.post/3mim7i22ra22z","chapu.sheath.church","Mana is stored in the balls","Cum inflation is fun because like yeah a HUGE cum gut that shoots out the other end is hot and all, but so is a more subtle amount that's just barely noticeable.

Kinks that are great both at their extremes AND less but more tasteful amounts 👌",2,31,3356,1,-12.7573757175106,"negative",2026-04-03 17:07:59.366
"at://did:plc:w447a3rsclmlgm5aezvix2zo/app.bsky.feed.post/3milw4fabbc2l","fresh72.bsky.social","🜲","It's a catch 22, you're more likely to see corruption in the public sector if you pay them less.

www.sciencedirect.com/science/arti...",0,0,1087,1,-6.48268344830025,"negative",2026-04-03 14:20:28.358
"at://did:plc:scmcyemdposb4vuidhztn2ui/app.bsky.feed.post/3mimue5cgzk2c","kayin.moe","Kayin","Also definitely not saying social media shouldn't be political but there is a difference between Personal Politics and News Politics. Not even necessarily in the content or severity, but one is intrinsically more social, and one exists merely to react to.",1,6,7190,1,-18.6337600462728,"negative",2026-04-03 23:21:39.25
"at://did:plc:pboltvj6wr6gaituw2s6mrwq/app.bsky.feed.post/3milu7re5ps2e","elisegould.bsky.social","Elise Gould","With a depressed hires rate, I've been concerned about young people having opportunities to break into the labor market. This year so far it appears that the unemployment rate for workers 16 to 24 years old has shown some improvement (even as their employment rate held steady).
#EconSky",1,3,3499,1,-8.19830896727222,"negative",2026-04-03 13:46:34.222
"at://did:plc:eayxwe55utze4fme3o6alszl/app.bsky.feed.post/3mimt2nseps2d","dehydration.bsky.social","dehydration.bsky.social","This… do you even know what we are talking about??? It seems like you’re just responding to political posts with centrist talking points regardless of context. I agree that Trump is bankrupting America but that has literally nothing to do with this beyond him being a fascist",0,2,1017,1,-13.8379695006761,"negative",2026-04-03 22:58:27.159
"at://did:plc:7njnq3sgcq3uz5nbtrbeyzcb/app.bsky.feed.post/3mimuydnt6s2g","janndc.bsky.social","","Exactly, this latest job numbers and unemployment  percentage is all a HOAX.
Just like the Covid deaths, this administration is hiding the truth because his favoribility numbers are in the toilet.",0,0,1931,1,-11.0752025167348,"negative",2026-04-03 23:32:56.962
"at://did:plc:gtz3hwwplljvijuowufmntqb/app.bsky.feed.post/3mimislxzac2r","pattistoll.bsky.social","Question Everything They Do","Personally I'm so pissed off, still, at all the people who were so cruel to him and blamed him for the pandemic inflation. If we had not had the experience Biden brought to the table, and if trump had been there when the inflation started to rise, he would have caused a global depression.",0,5,10399,1,-13.5946232420443,"negative",2026-04-03 19:54:59.559
"at://did:plc:vdjxl72vvb4wlmdle7vi2nto/app.bsky.feed.post/3mim4ge4qc22b","closetotheedge.bsky.social","Andrew Long","that's inflation for you!",0,3,1748,1,-4.50414807192886,"negative",2026-04-03 16:13:23.751
"at://did:plc:jldwyrazfdid3c7qyxq2eyyf/app.bsky.feed.post/3mimt6wsn5d2t","hbgpalocalnews.bsky.social","Harrisburg & Central PA Local News","A bishop discusses growing church attendance & youth interest in faith, potentially linked to political figures. He also addresses the role of religion amid current conflicts & political divisiveness, urging for calmer rhetoric.",0,0,312,1,-11.51291155183,"negative",2026-04-03 23:00:51.162
"at://did:plc:u4zpayhf7kfwk4yfhpbe4hpy/app.bsky.feed.post/3mimu3kjzm22o","m31author.bsky.social","M31🍁","A Canadian woman and her seven-year-old daughter, who were held for nearly three weeks in a notorious detention center by US Immigration and Customs Enforcement (ICE), were released on Thursday evening after posting a bond of $9,500 She also has an ankle monitor.",1,2,15628,1,-9.13748913488365,"negative",2026-04-03 23:16:51.957
"at://did:plc:rfk3s26wvw4trwkqbsgodkaj/app.bsky.feed.post/3mimrww5mzc22","chomper88.bsky.social","","Obama was so right, but Americans are so ignorant and racist they elected Trump anyway.

youtube.com/watch?v=kG8W...",0,0,2880,1,-10.7320013971011,"negative",2026-04-03 22:38:28.85
"at://did:plc:npqrk4r3t37pxzgnwbvcdtwj/app.bsky.feed.post/3millszfuyk2d","suemassam.bsky.social","Sue Massam","The Iran war is making everything more expensive for us, but some companies are cashing in. Don't think that's right? Sign the petition now demanding they are taxed more on their record profits to help us all with the cost of living. you.38degrees.org.uk/petitions/ra...",0,0,63,1,-50.5839688228109,"negative",2026-04-03 11:16:17.754
"at://did:plc:2gkti74z2oq2m7e55ycx7kya/app.bsky.feed.post/3mif6kvd5rc2b","housinghumanright.bsky.social","Housing Is A Human Right","We need more elected leaders to hold Big Real Estate accountable -- and end its predatory business practices, which are fueling the housing affordability crisis.",1,2,677,1,-12.6316245122051,"negative",2026-03-31 22:03:07.049
"at://did:plc:pj4d2tjfeqsabaht47wihyxj/app.bsky.feed.post/3mimitql3ts2p","soapiethesoap.bsky.social","Jules/COMMS OPEN","this is literally the best part of helium inflation why is it so underappreciated😔",0,2,151,1,0.283343670853182,"positive",2026-04-03 19:55:38.153
"at://did:plc:3bqc5ydwsb7fq7kb2a6eevjz/app.bsky.feed.post/3milsfdqgrp2m","amerecona.bsky.social","AmerEcona","US employment growth rebounded in March; unemployment rate falls to 4.3% - Reuters
www.reuters.com/worl...",0,0,30,1,-0.900009846270018,"negative",2026-04-03 13:13:52.053
"at://did:plc:x2gdfml7ixtnk6jdrrepwcmc/app.bsky.feed.post/3migstkjels2n","nicolajoy01.bsky.social","Nicola Joy","this polycrisis. (As in multiple crises, not a polycule in crisis...although...🤔)

Australia would be economically, environmentally, financially, mentally and emotionally better off if:
💚 Everyone had a stable housing situation 
💚 Every house was powered by solar
💚 And had its own food garden. 2/3",0,0,67,1,-9.16588860940535,"negative",2026-04-01 13:38:31.076
"at://did:plc:wqzz6jvotqwdz5fscsy7gmcz/app.bsky.feed.post/3mimvvldqs226","domvito61.bsky.social","Democratic Domvito","NEW POLL: Drunken Pete Hegseth’s Approval Rating Hits Rock Bottom Amid Iran War 
Source: Mediaite
share.newsbreak.com/hzhvsjmh",0,0,2223,1,-15.2822877019123,"negative",2026-04-03 23:49:19.551
"at://did:plc:zjbzbk7hcgs4jgn5gmdxr2wl/app.bsky.feed.post/3mimjb4j2us2y","catskillowl.bsky.social","Neonila 🇺🇸🇺🇦","A database of 300 immigration habeas cases in which the government has violated court orders.",0,0,4693,1,-2.96370303098171,"negative",2026-04-03 20:03:06.75
"at://did:plc:ibive47zhpz4fpkqi6yekejf/app.bsky.feed.post/3mimfb7sl5c27","madstash.bsky.social","MadStash","‘Craftivism’ makes a comeback as local knitters spin yarns about ICE resistance - VTDigger 🧶

Resistance needlework is my favorite needlework (see profile page). 

apple.news/AJSU07qYOSUS...",2,13,3528,1,-4.39081938662186,"negative",2026-04-03 18:51:36.014
"at://did:plc:d6fem6f2sqvwuekmdwahquq6/app.bsky.feed.post/3m5wrm4qct227","informationbank.bsky.social","","Go after junk fees imposed on renters.  See my substack for other posts on landlord tenant issues!",0,0,1667,1,-2.15277281476539,"negative",NA
"at://did:plc:dwela3qelnc5jdh5qcx6iapx/app.bsky.feed.post/3mimhietyis2u","th3mav3rick.bsky.social","It's Britt","There's various ways to get the future I see in my head. Standard liveable wages for every job, or remove the cost of basic necessities, or have it funded thru government, etc. It really doesn't matter how. My point is that it can & should happen.",0,0,667,1,-18.7894336615839,"negative",2026-04-03 19:31:22.855
"at://did:plc:sho65umi6t4ohqyaijutbdcr/app.bsky.feed.post/3ma6lwk54ms2p","bobbylewis.bsky.social","bobby","looking back on my rental history, i think my apartment with the fewest maintenance issues was also the illegal rental that wasn’t up to code and had mice toward the end",0,18,42068,1,-8.50888047546128,"negative",NA
"at://did:plc:sgrfajm3vlyawwrz3pd777bd/app.bsky.feed.post/3mimvywgg4c2d","wendyzski.bsky.social","Wendy-Lady","I was trying to remember which of those spikes were what events but my brain has ceased keeping track of time. I remember when it went invite only, when the Brazilians showed up,and a couple of political things, those must have caused serious spikes in new folks coming on board",0,0,602,1,-14.7779767591675,"negative",2026-04-03 23:51:10.254
"at://did:plc:tvn7kv2fscthastahby45zvm/app.bsky.feed.post/3mimb6ufpjc2h","datatrekresearch.bsky.social","DataTrek's Nick Colas & Jessica Rabe","Yesterday morning’s US Initial Claims for Unemployment Insurance report came in at 202,000, the 14th lowest reading since the start of 2022 and in the 6th percentile of all observations over this period.",0,1,34660,1,-6.71712100623322,"negative",2026-04-03 17:38:40.856
"at://did:plc:eivcdwzujmmd2o6kqetbznau/app.bsky.feed.post/3mimseokip22w","biffwhipster.bsky.social","Biff Whipster","Their unified hatred supersedes any and all philosophical or political disagreements",0,3,675,1,-3.85752090700381,"negative",2026-04-03 22:46:10.16
"at://did:plc:6ezgglx72vafsn6oxkmsvdgt/app.bsky.feed.post/3mimbpjflm22l","nephologue.bsky.social","Tim Garrett","A really odd thing about existing Integrated Assessment Model descriptions of climate damages is that they imply (as we describe) absurdly low rates of economic inflation even for catastrophic warming egusphere.copernicus.org/preprints/20...",1,5,513,1,-7.18712463547896,"negative",2026-04-03 17:48:05.753
"at://did:plc:r32kfwo2prfmf4iyz5yqxtue/app.bsky.feed.post/3mimr7oojlk25","drwordperson.bsky.social","Dr. Word Person","Political dramas tend to assume at least some level of competent systems or individuals, while families can easily populate themselves with unmitigated incompetence.",0,0,555,1,-8.82733420657981,"negative",2026-04-03 22:25:29.783
"at://did:plc:r2owttdhsjn5joqywu4jusbb/app.bsky.feed.post/3mifgej54d22z","jeffreon.bsky.social","Jeffy 🌿","Maybe we should fix the housing crisis because people should have access to shelter, and not because of some weird birth rate moral panic that inevitably devolves into Grand Replacement conspiracies.",0,7,1038,1,-8.88390455806821,"negative",2026-04-01 00:22:42.853
"at://did:plc:muejpvxhk3wke4xecscdtnod/app.bsky.feed.post/3mimsvvee222c","curtismilam.bsky.social","Curt Milam","Curious what this has done to the national debt:

1 Iran war
2 Tax cuts
3 Tariff reimbursements
4 Energy prices

I'm guessing it's pretty bad...like national insolvency bad

But then Treasury will just print money to fix it

Say hello inflation

Say goodbye 401k

Elections have consequences",0,1,678,1,-28.2129480538368,"negative",2026-04-03 22:55:47.253
"at://did:plc:miwbdv2sxdkitav3e3v5vpl2/app.bsky.feed.post/3milyaar3ts2o","misendems.bsky.social","MI Senate Dems","Utility costs are up 13% — outpacing inflation.
Our latest hearing made it clear: federal energy decisions are driving higher bills, and leaving Michigan residents to pay the price.",0,0,940,1,-11.8410849856365,"negative",2026-04-03 14:58:26.053
"at://did:plc:dhq2c7oslxogu6yfdh4ig6ij/app.bsky.feed.post/3mimnhobra22j","matt600000.bsky.social","Matt","I understand that some things will take time. However there are short term things (such as stopping tax drift and giving well above inflation public sector pay rises) that would help those who are 'just about managing' with their cost of living. But the govt has chosen not to.",0,0,473,1,-28.4550288061707,"negative",2026-04-03 21:18:22.753
"at://did:plc:4eek2wpfefikwq7ensvnrj4b/app.bsky.feed.post/3mimu5licic2w","lorrainemiller7.bsky.social","Lorraine Miller","ICE broke into their homes without a proper warrant. Now, they’re suing. www.newsfromthestates.com/article/ice-...",0,0,2111,1,-6.75794300075348,"negative",2026-04-03 23:18:00.452
"at://did:plc:drjcxo7meyjhk3pbm2cmo6i5/app.bsky.feed.post/3mimshid2l22a","mdgarfinkel.bsky.social","Mark D. Garfinkel, Ph.D.","Which NSF “leadership” wrote this budget proposal of self-immolation? Was it Trump/Vought/Musk-approved political hacks, or apolitical career Federal Civil Service personnel?",1,6,709,1,-9.80816345959154,"negative",2026-04-03 22:47:44.366
"at://did:plc:yhoa44rmckhwstnqmwra55pj/app.bsky.feed.post/3milucjapoc23","terriqui.bsky.social","","and y'all voted him in
Get in the streets and correct you lethal error
Culling the poor
costs, jobs, wages, supports...all fighting against those who have already pulled themselves up by their bootstraps to no avaiL
DO NOT GO QUIETLY INTO THIS DARK AND VERY EXPENSIVE NIGHT
RESIST
REVOLT
NEVER RELENT",0,0,733,1,-13.5587364827108,"negative",2026-04-03 13:48:04.954
"at://did:plc:jldwyrazfdid3c7qyxq2eyyf/app.bsky.feed.post/3mimnuixssk2v","hbgpalocalnews.bsky.social","Harrisburg & Central PA Local News","Rising mortgage rates—now averaging 6.46%—are increasing borrowing costs & threaten to dampen the spring homebuying season. Global events & inflation concerns are contributing to the upward trend. Shopping around for rates is advised.",0,0,312,1,-11.1273185178738,"negative",2026-04-03 21:25:32.258
"at://did:plc:mcpbzkfajm2sukzd2mze7qkx/app.bsky.feed.post/3mimcyguozc2s","smithmichaelw.bsky.social","Michael Smith","When they started with this I got a long lecture from one of the nameless/faceless posters that MMT meant they could just pay for all the support by getting the BoE to give them money and we wouldn't have to worry about inflation, markets or any of the boring stuff other people have to think about.",0,6,423,1,-14.5029458042693,"negative",2026-04-03 18:10:53.057
"at://did:plc:67fsteajrv6owfqzy75ty3wx/app.bsky.feed.post/3mimdw43i6k2f","rubebait.bsky.social","RubeBait","100% inflation in one month.",0,0,797,1,-6.29590754115692,"negative",2026-04-03 18:27:29.862
"at://did:plc:4h2jgl33hqkkzdjupzqikv5u/app.bsky.feed.post/3mim6k63drjl2","axiosnews.mastodon.social.ap.brid.gy","Axios [National News] 🤖","U.S. economy adds stronger-than-expected 178,000 jobs in March https://www.axios.com/2026/04/03/jobs-march-unemployment-trump
#axios #news #usnews",0,0,6988,1,-1.79609787082665,"negative",2026-04-03 16:51:32.356
"at://did:plc:mc3qnpa66wo7fzncxqp2h3gp/app.bsky.feed.post/3mdjqx6wwrs2o","swuskydiaries.bsky.social","~☆•Ajahli•☆~","Retreated to a Linden Home again because I don't have the time or money to maintain a rental. But mannnn the sim is so laggy :') If I could actually find a low prim skybox with garden I actually LIKED, that might solve some of my squirming issues",0,1,665,1,-13.4623573557176,"negative",NA
"at://did:plc:hb5o2tn6meau5p4pqd5jqkas/app.bsky.feed.post/3magyn2yi2s2w","anodynesix.bsky.social","Anodyne","""[E]viction rates are tied to high rental prices that far exceed local wages ... [T]he state also has no rental cap, meaning that landlords can increase rents at will. Compounding [issues] further, more than 99% of [those] facing eviction have no legal representation, which exacerbates home loss.""",5,9,5002,1,-13.4299036108678,"negative",NA
"at://did:plc:t7f2vh5a3kuz2skwq6r3e745/app.bsky.feed.post/3miggjbk3gs2b","lchupacabra.bsky.social","L Chupacabra: The Pope Of Chili Town","Tired: sub prime housing crisis

Wired: losing your retirement for ai",0,4,2509,1,-4.56071842341726,"negative",2026-04-01 09:58:00.555
"at://did:plc:usml4wj7z5dcd3fa6hmrqmed/app.bsky.feed.post/3mimvy4xebf2a","nunyabiznews.bsky.social","Nunya Business","He reported unemployment dipping to 4.3 percent. More: thenextgenbusiness.com/fact-check/#...",0,0,77,1,-3.38491649605802,"negative",2026-04-03 23:50:43.355
"at://did:plc:abt5tpb7lqr7vopkrkwfswwq/app.bsky.feed.post/3mim23a56yq27","canadareport.org","Canada Report","US Jobs Gain of 178,000 Tops Forecasts, Unemployment Falls

Read more on CanadaReport.org (Updated every 30 mins)

#cdnpoli #Canada #News #Business #Economy 
Read Original Article 🔗",0,0,265,1,-4.77121085717791,"negative",2026-04-03 15:31:22.756
"at://did:plc:quqahlkz4d4hateoixt6au2h/app.bsky.feed.post/3mim5qdrlpc23","mikecalma.bsky.social","MikeCalma","Americans still reeling from higher gas prices and inflation due to the Orange Menace's war on Iran will now pay higher prices for drugs as well. Tariffs are taxes on the American people something this moron cannot seem to understand",0,0,87,1,-24.786180576908,"negative",2026-04-03 16:36:53.76
"at://did:plc:y2rlzpav6ir7vbanoumjmjvt/app.bsky.feed.post/3mimettru7s2v","jeanrene62.bsky.social",NA,"""The plaintiffs are represented by attorneys from the nonprofit Protect Democracy, the American Civil Liberties Union and the law firm of Dorsey & Whitney."" minnesotareformer.com/2026/04/02/i...",0,0,2455,1,-14.6136737078763,"negative",2026-04-03 18:44:08.253
"at://did:plc:fqtvmoodifbyoauhonb43jxu/app.bsky.feed.post/3midilq4npc2o","socklessinseattle.bsky.social","Amy Probably","Motivated to fix the housing crisis so that cities can have local weird dudes again. You can’t have that one guy who carries around two jugs of orange juice everywhere with rents this high. I love him",0,3,457,1,-14.4358065014317,"negative",2026-03-31 05:57:11.752
"at://did:plc:qthd3dsbgpumfnpyduen2dfv/app.bsky.feed.post/3mimsw2h3322o","robertemmett.bsky.social",NA,"All this because Mitch McConnell wouldn’t fulfill his constitutional responsibility and whip the votes to convict Trump following his impeachment after January 6…. and he didn’t whip the vote for the flimsiest, stupid, craven, partisan - and fictive - political advantage. That’s why we’re here.",0,5,314,1,-7.14093525300958,"negative",2026-04-03 22:55:52.851
"at://did:plc:xshda7cyzualk5brfienlo3c/app.bsky.feed.post/3milglag3f22o","lazytitan258.bsky.social","","People are starting to feel the impact, or were until Trump decided to blow up the world. Inflation was falling, as were interest rates, energy bills were going down, wages growing above inflation & they had the biggest January surplus in 33 years. It’s a 5 year term & they haven’t even had 2 yet!",0,1,1434,1,-15.2730540259654,"negative",2026-04-03 09:42:25.256
"at://did:plc:gvpjr374suegnm4yvu32jyjq/app.bsky.feed.post/3mimvzixza22n","timothyhansen.bsky.social","Tim Makes Things (Coms Open)","Mundane Horrors — Me, 2026, Digital
[My first attempt at a comic!]

#art #illustration #comic #nokings",0,1,13,1,-3.2513851034335,"negative",2026-04-03 23:51:35.255
"at://did:plc:3osdn5pgw4pntgwso2qxhvtg/app.bsky.feed.post/3mimueokxos2s","ysr1729.bsky.social","","Interesting pastors and interesting times.

From the New York Times:

The Women Who Believe That Women Should Lose the Right to Vote",0,0,139,1,-14.6313732849757,"negative",2026-04-03 23:21:59.953
"at://did:plc:7ncfhg7ahdahb7ys7acimcql/app.bsky.feed.post/3mimj2efpuc2m","daniel-a-villar.bsky.social","Daniel Villar","The last of her points is basically “what if Reform were another party”. The entire edifice is built around Brexit and immigration, asking what Reform would be without them is like asking “what if Labour tried to abolish trade union” or “what if the Greens were pro fracking”",0,0,3048,1,-8.62666351111766,"negative",2026-04-03 19:59:20.555
"at://did:plc:yw65aj2clqt5ju6oyr7hknne/app.bsky.feed.post/3mimuatwlmc2e","rafferty-bs.bsky.social","Rafferty","This government is introducing a slightly watered down version of Denmark's immigration policies, I'm sure that will be popular with the let's copy the Nordics crowd",0,2,335,1,-9.20202765602122,"negative",2026-04-03 23:19:48.662
"at://did:plc:lfigqajdyp4lfjzfwozjtlot/app.bsky.feed.post/3mimv6zqcz22k","expandingfrontiersresearch.org","Expanding Frontiers Research","Rachel Nelson @rachelnevada.bsky.social shared with the book group a 1906 article authored by Arnold Kruckman, a newspaperman & political activist involved in the early days of NICAP. Rachel observed how Kruckman seemed unconvinced of the validity of airship sighting reports.",0,4,421,1,-9.80816345959154,"negative",2026-04-03 23:36:44.985
"at://did:plc:wd3erudg663tgt576zwubnxj/app.bsky.feed.post/3mimilfbiys2e","riontwist.bsky.social","Bobbie Poe","After weeks of trying I finally got ahold of unemployment this morning. Things are moving at last. Turns out they had a question about the paperwork I submitted months ago that was easily answered by the paperwork itself. Instead they never notified me and held the case awaiting my response. WTF NY.",0,1,23,1,-11.3628845891866,"negative",2026-04-03 19:50:55.749
"at://did:plc:5utrficmmiyj3wo4umvrvvgc/app.bsky.feed.post/3mim2mjiy2s2t","1800000burn.hyper.wang","WolfWireless","A flustered incineroar 🔥💦
@chocohyena.bsky.social #1800Woof #Fatfur #Inflation",252,1301,15930,1,-2.4892450513866,"negative",2026-04-03 15:41:05.961
"at://did:plc:ur6durbwuyjz3h7wjxbkhwu6/app.bsky.feed.post/3mimuoy5gyk2k","jeidiri3003.bsky.social","Angry Ginger","Losing war in west Asia 
Purging military for political loyalty 
Unstable cast of characters 
Mad rambling leader at the head of dying empire……

Welcome back Ottoman Empire",0,0,62,1,-12.7591598393041,"negative",2026-04-03 23:27:42.759
"at://did:plc:hmmveeuabov5qcxy6ejgxxw5/app.bsky.feed.post/3mimvhsquq22c","miketherealist.bsky.social",NA,"Here’s the catch no name calling ,,,,, everytime you and a question with a question or inadvertently ignore or twist the question -50 points nor can you bring up anyone ( ie biden or Obama ) Trump prove to your followers you’re about this political life and factual about everything you say",0,0,3060,1,-23.755123243976,"negative",2026-04-03 23:41:36.351
"at://did:plc:v2hwad5y6dpqg3whisrfkllw/app.bsky.feed.post/3mimjyf2osc2l","networkjones.bsky.social","Thurman"," Surprise: The unemployment rate dipped to 4.3%. Forecasts had it holding steady at 4.4% or even rising to 4.5%.
Health care and social assistance was once again the workhorse sector, accounting for half of the month’s gains; however, job growth was the most widespread across industries.",0,0,390,1,-11.3910554661533,"negative",2026-04-03 20:16:07.864
"at://did:plc:gf24kgy6n56bjmkidjgiimnj/app.bsky.feed.post/3mimrwkgmxxd2","ronsupportsyou.mastodon.social.ap.brid.gy","@RonSupportsYou","Rep. Jason Crow: ""Secretary of Defense Pete Hegseth is recklessly firing some of our most dedicated military leaders. These are folks with hundreds of years of combined experience, being pushed out with no notice. Hegseth’s political purges are endangering our national security.""",0,3,952,1,-15.6421514899027,"negative",2026-04-03 22:38:21.858
"at://did:plc:3uhqdozmzfjsv7j6fjs4vq22/app.bsky.feed.post/3mimr7a75hk2o","whirlingdervish.bsky.social","Whirling Dervish","His phrasing gives the cooked books game away.

Unemployment is only 6 months. Then you're off the rolls. 

6 Months from the massive September Fed Firing, is March!

The 186,000 are not new private sector jobs, its all the folks who just ended unemployment, hence, no longer counted as unemployed",0,5,507,1,-26.6811154329923,"negative",2026-04-03 22:25:13.753
"at://did:plc:ezecnr3gkp2bkxwphsonbvc6/app.bsky.feed.post/3mimshmdto22p","davidjohansen.bsky.social","Gluten-free Seitan","a movement of elites who want everyone else to believe, for political reasons",0,0,2155,1,-8.23954754167769,"negative",2026-04-03 22:47:48.257
"at://did:plc:vvcq4js6gsnz7vi7k3i7lnhf/app.bsky.feed.post/3mimnn64zik2f","braidonnourse.bsky.social","Braidon Nourse","Colorado Rapids availability report for tomorrow's match @ Toronto FC:

-Reggie Cannon OUT (ankle)
-Ted Ku-DiPietro OUT (shoulder)
-Connor Ronan OUT (leg)

I'm told Kosi Thompson and Georgi Minoungou will NOT make the trip for visa and immigration reasons.",2,8,295,1,-12.3155429652316,"negative",2026-04-03 21:21:25.758
"at://did:plc:2qukmscomon7tfxfz7rvbkwn/app.bsky.feed.post/3mim4jdoqqc2i","pastelponylady.bsky.social","Pastel Ponylady","Lack of SAFE homes is also the #HousingCrisis

When will #BC multi-unit or rental building owners need to invest the capital to upgrade capacity to ensure their residents get cooling in #Heat?

After the next heat dome claims hundreds more lives?
Max indoor temps NOW!
science.gc.ca/site/science...",0,0,179,1,-16.564038207281,"negative",NA
"at://did:plc:ye6fhyor6bpm7ir3hc2xunpd/app.bsky.feed.post/3m7sp5ynivk2i","emilylowan.bsky.social","Emily Lowan (she/her)","Gibsons!! Thanks to Mayor Silas White and Youth rep Louise Olaniyan for meeting with our team to talk about local issues, from water security to transit to rental housing. Capped off our visit with a spirited gathering @blackfishpub ! ⚡️#tour #gibsons #bcgreens #bcpoli #fighttheoligarchs",0,14,2959,1,-5.14850508831938,"negative",NA
"at://did:plc:l6rhhhqmguakxpoomlxmn4ky/app.bsky.feed.post/3mijshyqnz222","reactorsff.bsky.social","Reactor Magazine","Kim Fu's The Valley of Vengeful Ghosts takes a different approach to the haunted house novel. @tobiascarroll.bsky.social reviews a novel comparable to Crimson Peak in a housing crisis:",6,12,19976,1,-6.17015633585136,"negative",2026-04-02 18:10:05.882
"at://did:plc:3pwkq22vcq3j2rr6cahalnoz/app.bsky.feed.post/3mim73n2xqk2k","notycoon22.bsky.social",NA,"Seems like 26% inflation for the last 25 years is low.  Y'all sure about that?  Seems like it should be about the same as the rate started for chocolate.  One calculation puts it at 89%.",0,1,663,1,-9.31981069167761,"negative",2026-04-03 17:01:05.96
"at://did:plc:qfztryd2u7bnf6wqrgmoypul/app.bsky.feed.post/3mimephdiv22g","demichimeramadre.bsky.social","Demi's A Democrat 25 86 47 2026","Anything coming out of Washington claiming good news feels so propagandized no matter the media reporting.
Many of these jobs most likely minimum wage,part-time with no benefits .Better than starving, yet not good enough to sustain a stable life.
apnews.com/article/jobs...",0,0,11503,1,-13.1264731814479,"negative",2026-04-03 18:41:42.455
"at://did:plc:m2wazjxhvknmeco5jiwk2lti/app.bsky.feed.post/3mimscet7ms2r","ogsaigonbond.bsky.social","Saigonbond","A recent inspection at Camp East Montana in El Paso, the nation’s largest immigration prison, found 49 violations of national standards that potentially exposed detainees to excessive force, disease, lack of medical care, and even death.

www.texastribune.org/2026/04/03/t...",0,1,1772,1,-7.93351633055772,"negative",2026-04-03 22:44:55.15
"at://did:plc:xzbocpwcp2odpbpfq7iietj6/app.bsky.feed.post/3miek7jec222x","sailorgirl2017.bsky.social","a Page in your life 🍁📎","Dawn, it's simple logistics.

We have a serious housing crisis. 
5 Million Canadians don't have a doctor.

How exactly would we take in millions of USAmericans.",0,2,13980,1,-10.2843035253696,"negative",2026-03-31 15:58:50.656
"at://did:plc:cqgdthksvlf33kbuu3lzuwr2/app.bsky.feed.post/3milqoiqm5s2a","hellslastsurvivor.bsky.social","Tony M.","The Iran war is making everything more expensive for us, but some companies are cashing in. Don't think that's right? Sign the petition now demanding they are taxed more on their record profits to help us all with the cost of living. you.38degrees.org.uk/petitions/ra...",0,0,498,1,-50.5839688228109,"negative",2026-04-03 12:43:15.261
"at://did:plc:lybh5ufyusaq6kadk3gwhzg6/app.bsky.feed.post/3milxk5ueks2l","rureadyyet.bsky.social","","The outlook for the US economy is now a lot worse than just two weeks ago, economists say.
“The risks to the labor market and inflation both tilt in unfavorable directions,” he said.

YOU MEAN THAT THRIVING ECONOMY JOE BIDEN HANDED TO TRUMP!!!",0,0,596,1,-14.8776392537107,"negative",2026-04-03 14:46:04.458
"at://did:plc:z4ma4ka7w6v5ji6uu7qbvgch/app.bsky.feed.post/3mim7gjd7xc22","sustainablesong.bsky.social","Michael Nabert","We don't really need any more evidence that greedflation is the thing kicking grocery buyers the hardest, but ever more information to prove it keeps coming in. 45/

broadbentinstitute.ca/research/gro...",2,3,1118,1,-13.069314767608,"negative",2026-04-03 17:07:11.754
"at://did:plc:7chgmfqazwg2jthkhlygt3i2/app.bsky.feed.post/3mimrmq2zs22p","coeurlskiss.bsky.social","Kissing Coeurl","Hard to do when the media is so GOP friendly and constantly runs their mouth in all kinds of foolishness and amplify every last claim with zero pushback.

Seriously you gotta look at the political literacy of the US, it's not good.

They trusted Trump for a second term for gods sake. On economics!",0,1,1195,1,-13.4325043925679,"negative",2026-04-03 22:32:47.057
"at://did:plc:nacvsyv52p3qbxr5nakzgusz/app.bsky.feed.post/3mimpueetek2i","marcashrsn.bsky.social","Marc Ash🇺🇦🇺🇸","LaMonica McIver is the Democratic Congresswoman charged by the Trump admin over the pushing and shoving match that evolved outside an immigration detention center in Newark.  Apparently the DNC has not coordinated funding for her legal defense.  She needs help.
www.nytimes.com/2026/04/03/u...",0,0,1089,1,-9.27362130920823,"negative",2026-04-03 22:01:16.656
"at://did:plc:llyib2qojznvswvelaiakjfp/app.bsky.feed.post/3milydkulyu2j","market-ocean-en.bsky.social","marketocean - EN - BETA VERSION","As multiple analysts noted in the wake of the report, a healthy labor market gives Fed officials room to keep their attention squarely on the inflation side of the ledger without worrying that restrictive policy is choking off jobs. The concept at work here is sometimes called",0,0,1316,1,-13.3043403878925,"negative",2026-04-03 15:00:15.254
"at://did:plc:4nnqbkaksdea54yk4aozby3k/app.bsky.feed.post/3mi7gmljlds2a","sparkscope.bsky.social","Ichiki ⭐","Speaking of issues, I'm pretty sure the Network menu is defaulting me to the rental decks every time I boot up the game. Also, minor nitpick but having to rebattle/retrade with someone to update their BrotherBand is annoying lol. Was it like that in the original games too? (I didn't play em online)",0,0,366,1,-9.42517120733543,"negative",NA
"at://did:plc:ej5q2cuo4sirp7fjojwyxwzd/app.bsky.feed.post/3mimw5senmc2r","rosalie907.bsky.social","Rosalie907💙🇺🇸🇮🇪🇺🇦🌈🦋","I just wrote a @FaithfulAmerica letter: Tell your senator: Do NOT confirm Markwayne Mullin. Write one here: actionnetwork.org/letters/tell...",1,1,9603,1,-12.7085855533412,"negative",2026-04-03 23:53:55.459
"at://did:plc:6qnmhfipojueskcwzlz6bb36/app.bsky.feed.post/3mimulfvkpk2w","crpruds.bsky.social",NA,"I just wrote a @FaithfulAmerica letter: Tell your senator: Do NOT confirm Markwayne Mullin. Write one here: actionnetwork.org/letters/tell...",0,0,3875,1,-12.7085855533412,"negative",2026-04-03 23:25:43.661
"at://did:plc:lsgnt7bmhlecphiufcnigstd/app.bsky.feed.post/3mimtcqwies2q","robherbert.com","Rob Herbert","If you're going to claim this is about freedom of speech, then let's at least hear the speech!

politicalwire.com/2026/04/03/w...",0,1,1908,1,-4.46778042775799,"negative",2026-04-03 23:03:00.451
"at://did:plc:xojqi2nfkyvw5o4ykahgqvac/app.bsky.feed.post/3mimuhsh42k2b","mrfuryo.bsky.social","Is he dead yet? ☠️🪦","However pure the team’s intentions, the Lego videos have succeeded, in part, because they meet the political discourse on the level to which it has already sunk.

The Trump Administration has waged its own meme-based battles on its official social-media accounts with ASMR videos of deportations…",0,0,860,1,-23.5420300285153,"negative",2026-04-03 23:23:43.151
"at://did:plc:74wplo7syeq4vxeszwjnoyvd/app.bsky.feed.post/3mey7p42jw22w","scrumbling2024.bsky.social","Susan","and this is most important, have a local manager of the rental units, available 24/7, fully authorized to immediately address building repair issues. 
Yea, my brother told me this all would be illegal - but those laws are being written by the rentiers, for the benefit of the rentiers.",0,0,438,1,-5.72386923322294,"negative",NA
"at://did:plc:2fry6kvwrbr4sdk6vruysexd/app.bsky.feed.post/3mimhxyu73c2j","mrmercredi.bsky.social","Mr. Wednesday","Immigration operations in Minnesota leave behind a more polarized populace",0,0,2308,1,-2.55823792287355,"negative",2026-04-03 19:40:06.76
"at://did:plc:lczhmzpvkdo5vxcuznkbmcpa/app.bsky.feed.post/3mimtxgwyoc2r","williameasley.bsky.social","William Easley","I’m not shocked there. I am talking about the general issue that we have political coalitions that have in large part sorted into do you know how things work or not and too many people associated with the know things party really want an electorate that doesn’t care about knowing things",1,4,1656,1,-18.3922673562904,"negative",2026-04-03 23:14:33.356
"at://did:plc:ldvcitxc4nyds3ioldtgongj/app.bsky.feed.post/3mildxogm7d2d","seanawallis.bsky.social","Sean Wallis","This entire strike is due to the failure of Birmingham Council to pay out for EQUAL PAY.

Let that sink in. Birmingham bin workers have been on strike for a year because Birmingham Council refuse to increase women's wages to match men's - hence they demanded the opposite.

@unitetheunion.bsky.social",2,0,556,1,-10.1591403824156,"negative",2026-04-03 08:55:39.652
"at://did:plc:eao3a2cjcfeqkbfbgbs3zdd6/app.bsky.feed.post/3mimvw3pvas2i","plantfanatic80.bsky.social","plantfanatic80.bsky.social","Watts v. USA states first amendment does not protect against true threats...so I guess the question is, what is a ""true threat"" (I'd say the POTUS making political and military threats is true) and what is hyperbole (you or I threatening to take out Bibi). 🤷",0,0,235,1,-25.6338940901937,"negative",2026-04-03 23:49:35.249
"at://did:plc:vl2iacwizczp6ljbud7mlvwb/app.bsky.feed.post/3milvcekcek24","imthatholly.bsky.social","I'm That ANTIFA Holly","Everything purchased on Amazon just got 3.5% more expensive due to Trump's War. MAGA, living mostly in the smaller places, where maybe they're lucky, or maybe not, to have even a WalMart, but it's usually Dollar General, buys lots of shit on Amazon.

👉 www.msn.com/en-us/money/...",1,0,2150,1,-20.083430062581,"negative",2026-04-03 14:05:55.158
"at://did:plc:sjnh7vfdurwi46n77fy2dyzy/app.bsky.feed.post/3mimkf7pgpc2e","snowcherie.bsky.social","Angela","The Iran war is making everything more expensive for us, but some companies are cashing in. Don't think that's right? Sign the petition now demanding they are taxed more on their record profits to help us all with the cost of living. you.38degrees.org.uk/petitions/ra...",0,0,122,1,-50.5839688228109,"negative",2026-04-03 20:23:19.454
"at://did:plc:vgns4swko5hrcevznaz65qzl/app.bsky.feed.post/3m7b2l253ck2e","mplsglen.bsky.social","MplsGlen","Our neighborhood org applied this year but was turned down. We intended to support seniors with shoveling and addressing critical path areas. 

The senior support program makes sense, but is focused on single family home owners. Issues go beyond just those cases, especially in majority rental areas",1,24,546,1,-11.8976553371249,"negative",NA
"at://did:plc:w7au2nx6h6dmitskrbprkqd4/app.bsky.feed.post/3mimwgf6luc2p","barbie68.bsky.social","","Mom and daughter detained by ICE back home, she has an ankle monitor until she attends 3 EXPENSIVE court appearances ⁉️⁉️🤬‼️",1,1,3064,1,-13.3764149259169,"negative",2026-04-03 23:58:42.95
"at://did:plc:lsdv2cbmncgzzgnv7nwldnit/app.bsky.feed.post/3mbfgfm363k2m","jas-gar.bsky.social","James Garman-8647","Here is a chance to listen to what the surprise Mayor of NYC and his human rights based rental issues etc, making the rich pay for the benefit of all.  This is how it SHOULD work.  The rich have gotten away with murder for years, needs to end.",1,3,32353,1,-1.89544143696657,"negative",NA
"at://did:plc:jq3erip7i5r2tjdqoucluqns/app.bsky.feed.post/3mifos3re722c","valentenya.bsky.social","Valentenya the climate policy strategy cat 🍉 🐈‍⬛","The housing crisis in large part IS intergenerational inequality. Also we need to ditch the magical thinking that somehow we can fix it without a downward correction to property prices that will hurt investors. There’s no win/win way out of this mess that’s been decades in the making.",0,2,2219,1,-23.3300653264344,"negative",2026-04-01 02:53:27.557
"at://did:plc:fhpptx36db4xjkmgwzk6o5nd/app.bsky.feed.post/3mim5cg7hws2e","gruberg.bsky.social","Sharita Gruberg","Women workers are struggling. Trump’s budget won’t help them but we do have solutions for policymakers who care  

nationalpartnership.org/women-back-i...",0,0,7580,1,-6.97103621621419,"negative",2026-04-03 16:29:06.359
"at://did:plc:muzewdabxtxlet3js3e6e5l3/app.bsky.feed.post/3mid77sy33s27","loitering.bsky.social","Loitering","I was talking about the shitheads in federal gov't, but you can miss me with the wonders of blue state governance

In LA, where I've lived for 20 yrs, we have an enormous housing an homelessness crisis. 

Newsom? Throwing out homeless people's belongings & protecting Epsteinite billionaires",0,3,216,1,-17.2879570465077,"negative",2026-03-31 03:09:28.356
"at://did:plc:fq4ndmshmzkozrd5gsctty4g/app.bsky.feed.post/3mimg33a5ek2r","rpmoocat.bsky.social","Ryan Moore 🏳️‍🌈 🇵🇸 🇺🇦","""An analysis of DHS records by Ali Winston and Maddy Varner of Wired revealed today that DHS has used agents from special units accustomed to dealing with high-risk warrants, armed drug cartels, and manhunts for civilian immigration sweeps.""
open.substack.com/pub/heatherc...",0,0,860,1,-7.60809393012309,"negative",2026-04-03 19:06:04.883
"at://did:plc:6mhi5dshhhphijewkqok3kw4/app.bsky.feed.post/3mimwb4qu6k2i","roythedesertrat.bsky.social","The Desert Rat","He's trying to Put lipstick on a crappy department that he has debased. He has ruined decades of building American soft power around the globe and sold his political soul in service to the ignorant orange menace.",1,2,19821,1,-13.4812945567373,"negative",2026-04-03 23:55:47.051
"at://did:plc:cpmlqws22fkueh4phalwz4sz/app.bsky.feed.post/3mimqzdtvfc2k","whistlingbatter.bsky.social","Whistling Batter","I favorite moon song by a cincy guy 

www.youtube.com/watch?v=LUAO...",0,1,931,1,-2.15277281476539,"negative",2026-04-03 22:21:57.446
"at://did:plc:pwparnb6woy4c6al2yuxvsn5/app.bsky.feed.post/3mileqx7pjc2a","hairyears.bsky.social","Nile","It's not the 'Pop' that worries me, it's the splatter. 

No-one will emerrge from it smelling of roses: but some will emerge smiling and smelling of money.

Or rather: even *more* money. 

The rest of us will either be buried under the effluvium, or working for starvation wages with rented shovels.",0,1,129,1,-15.6759183523735,"negative",2026-04-03 09:09:48.753
"at://did:plc:fml4dtu2b344hsi3ydlktdy4/app.bsky.feed.post/3mdx3xl33tc2x","fingalpimpernel.bsky.social","","I'm neutral on the rental changes. I think on one hand, the fact that landlords as a whole are howling with rage about it indicates that there is some good in it. However I don't think it addresses the 3 bigger issues: drop in no of PRS homes to rent, higher rents, & widespread noncompliance ...",0,0,95,1,-12.9515317319516,"negative",NA
"at://did:plc:cscd3crf24pifke6naw75hvi/app.bsky.feed.post/3milgikdku222","politicalgardener.bsky.social","Rick—The Political Gardener","Because this is the piece of key economics the establishment understands and was actually forced to admit (partially) in BoE 2014. Except this version of central banking is designed to keep unemployment at fixed levels & using interest rates to solve inflation. Keen models it to its failure point.",0,1,3574,1,-14.5930544206735,"negative",2026-04-03 09:40:55.677
"at://did:plc:kpklfg2vgnvnffkuy4bah5j2/app.bsky.feed.post/3mimv7gcyqs2a","grainnefhlannagain.bsky.social","Gráinne Nic Ruadh Ní Fhlannagáin","All Anti-LGBTQ Legislation Defeated in Georgia as 2026 Session Ends",0,1,559,1,1.02528101558256,"positive",2026-04-03 23:36:55.958
"at://did:plc:zmk42oqfxvk7ypajv4itienv/app.bsky.feed.post/3mim5j2scek2i","bodhitheedog.bsky.social","Bodhi Thee Dog","US jobs market surpassed expectations in March but February losses were worse than first reported.

Yeah, I believe that. Just wait a month or two and look for the ""revision"".

www.theguardian.com/business/202...",0,0,76,1,-16.8641427997313,"negative",2026-04-03 16:32:48.959
"at://did:plc:lqr4ol2pe6k74kvllqx4fgin/app.bsky.feed.post/3milpdjs2zs2t","gacap.bsky.social","Georgia Client Assistance Program","Working while receiving SSI or SSDI? Don’t forget to report your wages!

For guidance on how to properly report your wages, check out resources from the National Disability Institute: www.nationaldisabilityinstitute.org/wp-content/u...",0,0,14,1,-17.1675732291512,"negative",2026-04-03 12:19:10.551
"at://did:plc:3udf3df53hplaz7w7xqyjcf4/app.bsky.feed.post/3mimer5ugrk2t","debradove.bsky.social","Debra Dove","I just wrote a @FaithfulAmerica letter: Tell your senator: Do NOT confirm Markwayne Mullin. Write one here: actionnetwork.org/letters/tell...",0,0,98,1,-12.7085855533412,"negative",2026-04-03 18:42:38.251
"at://did:plc:evslqdt5nrwqkymlyom3mhrm/app.bsky.feed.post/3milkhtfkbs2s","leesahsea.bsky.social","LeesahSea","Happy #LetterboxdFriday 📽️!  A rewatch of Steve Jobs was my fav of the week, but overall a pretty solid #LastFourWatched. What have you seen recently?

Steve Jobs (2015)
The Wages of Fear (1953)
Forbidden Fruits (2026)
Alpha (2025)",2,73,1083,1,-4.24463687644378,"negative",2026-04-03 10:52:06.05
"at://did:plc:duz7q77cuiv6whm772dnnksj/app.bsky.feed.post/3mhham7qzd227","somewhereinatx.bsky.social","Somewhere In ATX","Austin’s short-term rental rules tighten after years of enforcement issues austincurrent.org/2026/03/19/a...",1,2,2287,1,-2.84591999532533,"negative",NA
"at://did:plc:nun5hlzawnph6orhcrz3mwkx/app.bsky.feed.post/3mimrfd6mkc2n","csb.bsky.social","caroline","This guy has a substack that is not academia-pilled, he thinks he’s a “thought leader” idk political science was a mistake",0,0,56,1,-9.23279931468798,"negative",2026-04-03 22:28:37.486
"at://did:plc:v3jbzymfe3ovj4zlwrj5xxr7/app.bsky.feed.post/3mimht25lpk25","veraaction.bsky.social","Vera Action","94 percent of Democratic voters support providing government-funded attorneys for everyone who cannot afford one, including people in immigration court.",0,1,278,1,-9.3381598303458,"negative",2026-04-03 19:37:20.56
"at://did:plc:7snklzkmq56qpmap34xsulvq/app.bsky.feed.post/3mijo2uazak22","kirby50.bsky.social","","It goes back further than that-Reagan’s trickle down economics spiked the deficit. George HW Bush had the savings and loan crisis and a painful recession. GWB had the housing crisis…it’s just economic disaster after economic disaster when republicans are in control",0,3,3657,1,-11.6507952591933,"negative",2026-04-02 16:51:06.281
"at://did:plc:khciw6us4ghfwziu7rqsb6pj/app.bsky.feed.post/3mimietkly22y","traprecruiter.bsky.social","TRAP Recruiter","Black unemployment: 7.1% overall — vs. 4.3% nationally.
◾ 7.3% Black men (20+)
◾ 6.1% Black women (20+)

355,000 federal jobs gone since October 2024. −18,000 in March alone. That's 11.8% of the entire federal workforce.
Discouraged workers: 510,000 — up 39% in a single month.",0,0,91,1,-20.6299832949814,"negative",2026-04-03 19:47:42.082
"at://did:plc:hxwuetoxtbxamdd4zhm4w32w/app.bsky.feed.post/3milmqe3vs22l","jayastarte.bsky.social","","The Iran war is making everything more expensive for us, but some companies are cashing in. Don't think that's right? Sign the petition now demanding they are taxed more on their record profits to help us all with the cost of living. you.38degrees.org.uk/petitions/ra...",0,0,32,1,-50.5839688228109,"negative",2026-04-03 11:32:44.659
"at://did:plc:uo6rvzgjkogchuiya4pupktb/app.bsky.feed.post/3mikqq2x5p22o","bento-bongos.bsky.social","Gaia_BentosZX5","Don't forget GamerGate in 2014, which caused unemployment rates to skyrocket and the economy to crash.",0,1,2266,1,-7.33249048575048,"negative",2026-04-03 03:11:25.151
"at://did:plc:44opsjsokxtsmc277ulspkcd/app.bsky.feed.post/3milygzr5sk2u","semperlost.bsky.social","Gregg","Yall thought 5% inflation was bad, just wait til you read the percent increase of the War* budget..",0,0,103,1,-9.41680295766492,"negative",2026-04-03 15:02:11.65
"at://did:plc:jldwyrazfdid3c7qyxq2eyyf/app.bsky.feed.post/3miluyrpjqw2x","hbgpalocalnews.bsky.social","Harrisburg & Central PA Local News","Pennsylvania’s unemployment rate decreased as the state expands career programs, particularly in rural communities. Funding for workers with disabilities and a minimum wage increase are also proposed.",0,0,312,1,-10.3853811731444,"negative",2026-04-03 14:00:32.05
"at://did:plc:423vc2fo2iwudflm7i2htxqt/app.bsky.feed.post/3mimiizm7kk2b","bob2zz.bsky.social","bob2zz","I think we will find that what is happening in these detention centers is the worst part of Trump's disgusting immigration policy.",5,38,332,1,-8.84980706243187,"negative",2026-04-03 19:49:36.855
"at://did:plc:qc6xzgctorfsm35w6i3vdebx/app.bsky.feed.post/3mimojjxvgc2q","edzitron.com","Ed Zitron","I also want to reiterate that I don’t even think that corruption could bail out the AI industry.

Even with a seemingly pro-AI whitehouse, a massive tech bailout would be electoral poison, and even die-hard Republicans are anti-tech now.

www.wheresyoured.at/premium-ai-isnt-too-big-to-fail/",2,25,186890,1,-13.5195157695575,"negative",2026-04-03 21:37:23.191
"at://did:plc:kg6qy67zzcmaxfy2gpbd5kc2/app.bsky.feed.post/3mimnvel2sc2y","mossadwarrior.bsky.social","Fortunate Son","Trump will quit 
He’ll claim sickness 
He thinks it will insulate him from 
Epstein
Iran
Economy
Immigration
Taxes
Midterms 
Antisemitism

It won’t",1,10,8987,1,-15.9145660902237,"negative",2026-04-03 21:26:01.057
"at://did:plc:2fwr2wskqldll5w7fnb64jx7/app.bsky.feed.post/3milzvrw5bs2f","el-caudillo-64.bsky.social","","I guess the working class has to realize that “supply-side” economics as practiced by the Republicans since 1981, is killing the middle class. Tax cuts don’t bring jobs, and the they don’t bring increased wages. They bring misery. Dems need to talk like that.",0,1,10552,1,-19.4936306783304,"negative",2026-04-03 15:28:20.358
"at://did:plc:5kkyjq3qhprborqbl6ni3gsw/app.bsky.feed.post/3mimvtdgi622t","elizabethodr.bsky.social","elizabethodr CTblueSky🦋🔆 🍀","We could all move forward together or let the BILLIONAIRES take it ALL!
We have to fight back!
CEOs change their prices UP at a drop of a hat while WAGES are stagnant across the board.
CEOs are getting away with FLEECING AMERICA. We need a Congress that STOPS THIS gluttonous behavior!",0,2,4995,1,-12.6564695522022,"negative",2026-04-03 23:48:03.754
"at://did:plc:nrq4qz6tz4hx3bskwqeqrjje/app.bsky.feed.post/3mimv56swy22c","memesandmusings.bsky.social","Memes & Musings","Fuck Trump! 🖕
Proud The Right Wing Hates Me! ✝️
Who is with me? 🙋‍♀️
📲👕 lueoutdoors.etsy.com

#memes #trump #pride #minorities #immigration #smallbusiness linktr.ee/memesandmusings #advocacyclothing",0,7,365,1,-6.64211118522836,"negative",2026-04-03 23:35:41.554
"at://did:plc:dcd3tyfemjxtz3norbnpktnf/app.bsky.feed.post/3mimw42ldq225","jr0999.bsky.social","Despises Morons","All manufactured numbers same like in Russia and any other dictatorship on earth. 
You heard 3 days ago - “no inflation”…",0,1,62,1,-5.37961680928276,"negative",2026-04-03 23:52:56.359
"at://did:plc:krddjq56g2tupaku6yp7jmec/app.bsky.feed.post/3miexreunuc2c","mickeykuhns.bsky.social","Mickey Kuhns","Inflation. Housing crisis. Wars abroad. Border chaos. Healthcare costs. Climate disasters.

And the President is out here worried about… a reflecting pool.

Priorities. 🙄",21,56,29673,1,-12.230213674425,"negative",2026-03-31 20:01:28.652
"at://did:plc:s2xgp3o6bkrfdsixu2y2zsp7/app.bsky.feed.post/3mimt3aosjc2l","charleshbryan.bsky.social","Charles Bryan, Part-Time Cat Bed","Even after 50 years, and listening to this song dozens of times, the line about South America still cracks me up.

(It's a satirical song, just to be clear.)

youtu.be/olOk5cK4lqQ?...",0,0,1589,1,-6.24711737698749,"negative",2026-04-03 22:58:48.855
"at://did:plc:yunu5d7z4n64bet26xx6chtf/app.bsky.feed.post/3mik7szlfys24","terrybrough.bsky.social","Terry Brough","Protests confront tourism and aviation for Housing Action Days www.thecanary.co/global/world...",0,0,676,1,-4.04989279965127,"negative",2026-04-02 22:09:01.059
"at://did:plc:xxukldowxasfz7kzu3xbre7c/app.bsky.feed.post/3mifzvgb7vc27","bourne2learn.com","Murray Bourne","Slow learners. Howard messed up so many things but he's been out of the picture for 2 decades! This housing crisis has been going for 5 years, at least.

But there's no problem spending $360 billion for non-existent subs, after 10 minutes of secret meetings.

Australia, the lucky, but stupid country",0,2,628,1,-12.8263685889976,"negative",2026-04-01 06:12:10.353
"at://did:plc:kc3vxsei24jdmeymix34cwkz/app.bsky.feed.post/3milyxe2a622e","patrick860.bsky.social","Patrick","Start the countdown to the GOP parroting talking points about how (along with inflation, $4 gas, job losses, no health care) Americans will just need to give a little more, including sacrificing our servicemen to the Iranians - and anyone who questions them are woke libs, and America’s enemies.",0,0,359,1,-23.1512575889402,"negative",2026-04-03 15:11:18.95
"at://did:plc:ctkburuy2l26xfkwbdesyw7t/app.bsky.feed.post/3miml55g7l227","torrleonard.bsky.social","Torr (I moved to Threads)","""includes accusations of private health care fraud & immigration health care fraud.

In one example, 4 ppl face accusations that they sought to defraud a labor union's health plan w/ false chiropractic & physical therapy services that werent needed or provided. They submitted $19M in false claims.""",0,0,2497,1,-14.2783299846348,"negative",2026-04-03 20:36:42.749
"at://did:plc:bh6nkwdxncpecyl7j5axiy7i/app.bsky.feed.post/3miihnm3h2k2c","leifb73.eurosky.social","Leif Боднарчук 🍁 🇺🇦","Thought I’d try fixing a headline",1,7,1588,1,-3.94453228399344,"negative",2026-04-02 05:23:41.855
"at://did:plc:h5b2cppjrdketuv6ln62ufnk/app.bsky.feed.post/3miltah7ni22z","cna-poster.bsky.social","CNA - Channel News Asia (Unofficial)","US registers strong job growth in March, unemployment at 4.3% - https://www.channelnewsasia.com/world/us-registers-strong-job-growth-in-march-unemployment-43-6035536",0,0,1361,1,-3.02824155211929,"negative",2026-04-03 13:29:06.152
"at://did:plc:ibz2bqtqopdbykavclgb5vfl/app.bsky.feed.post/3mim24lhc4k2x","jen-of-arc.bsky.social","Jen-of-Λrc","So, nearly 1/2 of Americans don’t even have $500 in savings… but Trump says we’re doing “great”, huh?!

- Cost of Living: rising cost of everyday essentials
- Inflation: too high
- Income Levels: too low
- Essential Spending: Americans have had to dip into their savings to cover basic necessities",0,0,11370,1,-25.1335353821664,"negative",2026-04-03 15:32:56.352
"at://did:plc:45nrkivzw3ppzrw56f4vqquz/app.bsky.feed.post/3mihsywdzbc2j","unixdoss.bsky.social","Carl Doss","Vermont’s housing crisis has forced businesses across the state to get creative with how they can provide their employees an affordable place to live.
www.vermontpublic.org/local-news/2...",0,0,9716,1,-14.6544957023965,"negative",2026-04-01 23:14:12.351
"at://did:plc:5anrffxxjhnkiu4yu6b4a26i/app.bsky.feed.post/3mimsjrmahs2w","bobbryan2.bsky.social","Gorgon Zola","I don't actually think that's true.  Biden didn't do anything on marijuana, which he promised.  His appointment of Garland was a disaster.  While ""I"" can certainly forgive his BBB plan's goal of 'missing high'... with the benefit of hindsight, adding a couple % to inflation was a disaster... go on?",0,1,255,1,-18.4164222983254,"negative",2026-04-03 22:49:00.852
"at://did:plc:mdeubcnizylswfelnvpeqlpv/app.bsky.feed.post/3miejq3swds23","ninjamonkky.bsky.social","","Houses were already being made extremely cheaply before the pandemic and many sat half finished during the housing crisis, while supply chain issues caused other problems. That ranch from 1950s may need some fresher but it's studs are made of better wood and it's foundation was laid properly.",0,0,1972,1,-11.7685782948497,"negative",2026-03-31 15:50:11.367
"at://did:plc:lbrl22j6iuykibdha2cq2e44/app.bsky.feed.post/3mijnf3h4zc24","ericswalwell.bsky.social","Eric Swalwell","Dr. Corey Jackson is a trailblazer who’s broken down barriers. Honored to have earned his support.

Together, we’ll deliver for working families and address the housing crisis.",21,113,200890,1,2.71167996915279,"positive",2026-04-02 16:38:57.852
"at://did:plc:qnb5mbtfjrrd5jmhoq2v3tzo/app.bsky.feed.post/3mijqjsimgk2t","judysharp.bsky.social","Judy Sharp","This White House will claim to have solved the housing crisis.",0,0,83,1,-6.8633035164113,"negative",2026-04-02 17:35:15.361
"at://did:plc:apswmovpsxysbtsczexkevek/app.bsky.feed.post/3mij36sldfk2s","dhochlaf.bsky.social","Dean Hochlaf","His whole gimmick is being divisive, he can't even make a point about the state pension without making a snide remark suggesting that young people today who have endured wage stagnation, a housing crisis and a pandemic, all while maintaining record high employment levels, don't make a contribution",1,2,982,1,-33.1286038012942,"negative",2026-04-02 11:13:18.055
"at://did:plc:kdx7qensurgbzqf7dfc3akok/app.bsky.feed.post/3mi3dav4ax22e","boomer4bs.bsky.social","Mad Girl","Does anyone know how to find out if the flooring is causing medical issues? New rental space with new flooring but also a variety of new health issues including sinuses loaded with allergens according to my ENT.",0,0,8360,1,-10.234972910172,"negative",NA
"at://did:plc:qkqdn3tums7usiidixie7z66/app.bsky.feed.post/3mimfnoupoc2e","xolotl4281990.bsky.social","Brony Forever","I just wrote a @FaithfulAmerica letter: Tell your senator: Do NOT confirm Markwayne Mullin. Write one here: actionnetwork.org/letters/tell...",0,0,24,1,-12.7085855533412,"negative",2026-04-03 18:58:34.856
"at://did:plc:kyvvwelbhtlncyo7j5de3org/app.bsky.feed.post/3milsv3zyr22l","newnarrative.bsky.social","Mike Walker","Trump fired the head of the BLS because he didn’t like the truth. No doubt he is very happy with these likely inflated numbers 

www.cnbc.com/2026/04/03/j...",0,0,4542,1,-10.7957172114872,"negative",2026-04-03 13:22:43.756
"at://did:plc:43fdk46qa5gsokzygzildsaq/app.bsky.feed.post/3milpy6mdbc2n","fintwitter.bsky.social","FinTwitter","*US MARCH UNEMPLOYMENT RATE 4.3%; EST. 4.4%",1,1,17016,1,-2.57398627984169,"negative",2026-04-03 12:30:43.25
"at://did:plc:otu6mg5xkk47y3ghqpq2w3oo/app.bsky.feed.post/3mieorhmiss24","pxtl.ca","Martin Z.ombie","Right?  Even if you want to start the clock with 2022 when the new housing crisis went into overdrive and the HATF delivered their report, it's very very late, and part of this is literally *a plan to amend a plan in a couple of years*.",0,1,1758,1,-9.23237835067418,"negative",2026-03-31 17:20:25.351
"at://did:plc:nvuh2ztq3kknczrpa7vebhfk/app.bsky.feed.post/3mimg6nsepc27","capitalandmain.bsky.social","Capital & Main","On a Tuesday evening in lower Manhattan, a group of New Yorkers sat, shoulder-to-shoulder on the lobby floor of a Hilton. Crowds swarmed the windows as activists shouted their demand: Hilton must end its contracts with federal Immigration and Customs Enforcement.
capitalandmain.com/the-common-g...",2,3,3653,1,-10.5883220171411,"negative",2026-04-03 19:08:05.359
"at://did:plc:2ypxqrmway46ps34o4psxbci/app.bsky.feed.post/3mim6yn4a322t","thefritobanditoo.bsky.social","The Frito Bandito","The FY27 skinny budget just dropped. Here are some things I found interesting:

The budget assumes GDP will grow between 5 and 6% per year for the next few years, and that interest rates and unemployment will drop.

(hmmm...)

www.whitehouse.gov/omb/informat...",4,7,1565,1,-16.8592718694967,"negative",2026-04-03 16:59:25.259
"at://did:plc:msve5lvhkeivfe36c6txgqvz/app.bsky.feed.post/3mimmrvqfhk2f","molossus-spondee.bsky.social","Molossus Spondee","That's the bourgeois POV. The revolutionary POV might welcome immigration in order to strain a collapsing empire further or may have some other ideas.",0,1,523,1,-4.57314094341582,"negative",2026-04-03 21:06:10.752
"at://did:plc:urcgyckcmwat5ypg3nxur2k7/app.bsky.feed.post/3mim3dx3fik2w","jamesgis.bsky.social","James Boxall 🇨🇦🍁","There wouldn't be a concept of grade inflation if there wasn't grade inflation. There was a noticeable shift we ended up calling the ""covid bump""  
www.theguardian.com/education/20...",0,3,6440,1,-5.19284090213943,"negative",2026-04-03 15:54:05.366
"at://did:plc:r73kjlwfdyge5x2laitip3pc/app.bsky.feed.post/3mimrerzsmj26","uspol.skyfleet.blue","USpolitics 🇺🇸","The Inflation Surge Is Just Getting Started",2,5,7133,1,-5.07951221683243,"negative",2026-04-03 22:28:19.754
"at://did:plc:35w3f3hsu75vvgvxwiq4uyax/app.bsky.feed.post/3milqlrdr522q","stevezorowitz.bsky.social","Steve Zorowitz","But if most of the jobs created are in health care, that might bring down the median wages of the mix.",0,2,2142,1,-7.24036914999777,"negative",2026-04-03 12:41:40.35
"at://did:plc:qfhnr33vm4nrzruupr6fyruq/app.bsky.feed.post/3mimpk3n3js2e","weebtrash.comintern.social","WeebTrash ☭🏳️‍🌈🇵🇸","Excellent, know what causes that? The capitalist system we live under. As worker productivity has gone up, wages have stagnated while company profits have gone up. That's capitalism working directly as intended.",0,3,4067,1,-17.2626392385234,"negative",2026-04-03 21:55:29.951
"at://did:plc:jytswffcdhuuipvuriljdcqj/app.bsky.feed.post/3mim5fr57zs2p","kfgrobbins.bsky.social","Kate Gallagher Robbins","Today’s #JobsReport for March shows a stagnant economy experiencing flat unemployment and slow job growth in 2026. But there is some surprising news for women. Read our full #JobsDay analysis here: nationalpartnership.org/women-back-i...",9,14,1238,1,-5.51314820190729,"negative",2026-04-03 16:31:01.356
"at://did:plc:wjd4espqthbe62goch6p2mff/app.bsky.feed.post/3mims3d3me22u","cleverhandlebars.bsky.social","Cathey🌎🦋🗽☮️❤️‍🧡💛💚💙💜🏳️‍🌈 🇺🇦 💙 💛🇵🇷 🇨🇦  🇲🇽  🇵🇦  🇬🇱  ⭐️","Trump Threatens War Crimes Then Targets Political Enemies",0,1,11962,1,-9.39878445216224,"negative",2026-04-03 22:40:57.453
"at://did:plc:keibepgn3i4tqyjbdbwy43ue/app.bsky.feed.post/3mim4qj7rqs24","hoon.bsky.social","Hoon","Just giving Americans free cash isn’t the right approach either. This just results in short term consumerism high and inflation",0,0,2449,1,-17.9661785768509,"negative",2026-04-03 16:19:05.358
"at://did:plc:kkergqgbhb56ptpwj2wenkje/app.bsky.feed.post/3mimo4rj4ub24","socpaperbot.bsky.social","Sociology papers (journals + SocArXiv)","Legal Phantoms: Executive Action and the Haunting                             Failures of Immigration Law by Jennifer M. Chacón, Susan Bibler                         Coutin, and Stephen Lee American Journal of Sociology, Volume 131, Issue 4, Page 986-989, January 2026.
 #sociology link",0,0,939,1,-6.46580657795232,"negative",2026-04-03 21:30:09.85
"at://did:plc:mcc5yghbk7tixqryac2yxku7/app.bsky.feed.post/3mimmooxgfc22","buck-fillionaires.bsky.social","Buck Fillionaires","Make them pay for the damage they caused. Seize any assets left and garnish wages or sentence them to community service. 

Those who can’t or won’t pay the community back get stripped of citizenship and deported.",0,0,1621,1,-15.4698802689622,"negative",2026-04-03 21:04:23.85
"at://did:plc:nfeqktju2kyju3taum7v7eer/app.bsky.feed.post/3m57yadjjus2g","hamiltononearth.bsky.social","","Rental prices are dropping.  This shouldn't be a surprise, now that pandemic labour supply issues are resolved.",0,1,84,1,0.108990283708405,"positive",NA
"at://did:plc:jxx67pf2gkl44tyfqfi72gqf/app.bsky.feed.post/3mihqgi2nws23","progressiveknife.com","Kronos","woah woah did you just imply there's a housing crisis? tone down the bad vibes!",0,0,697,1,-6.98108655206769,"negative",2026-04-01 22:28:06.15
"at://did:plc:ueaa7lrjpimpjscwmjxtyfyy/app.bsky.feed.post/3mimw7evtmc2h","vanessachaland.bsky.social","Vanessa Chaland","People have been predicting the demise of Trumps political career for over a decade now...it's not going to happen.",0,0,1243,1,-8.55800127279623,"negative",2026-04-03 23:54:46.351
"at://did:plc:7quvqz4xp63wr6x7dmdykpbq/app.bsky.feed.post/3m5gkohiszs2c","rva-ecosocialism.bsky.social","Richmond DSA Eco-Socialism Working Group","Richmond DSA will be holding it’s monthly General Meeting this coming Thursday, 6pm at Gold Lion Community Cafe to discuss the recently approved rental inspection program, efforts to rebuff the city’s attempts to weaken collective bargaining rights of RPS employees, and other issues. #RVA",1,1,786,1,-15.442303501192,"negative",NA
"at://did:plc:k4n42z2ucdgmpgdkj43boboy/app.bsky.feed.post/3milucoykwl2c","global-news-2024.bsky.social","🌍Global News📝","Just in from The Guardian:
Young people ‘more likely to leave for health reasons when in low-paid, insecure jobs’
Summary: Research for TUC analyses link between job quality and economic inactivity. UK youth unemployment...
#Inactivity #Jobs #Job
Agree or disagree?",0,0,1080,1,-11.8228378825788,"negative",2026-04-03 13:48:10.56
"at://did:plc:2nfexzpaqiyscshuda2gyqzf/app.bsky.feed.post/3mijz2tlfrk2h","sumoh7.bsky.social","SuMo📞Congress 202-224-3121📞CSPAN 202-748-8000","Trump isn’t fixing the housing crisis — he’s lighting it on fire.
❌ Reckless tariffs that jack up building costs
❌ Gutting HUD
❌ Rolling back civil rights protections
❌ Turning ICE loose in neighborhoods
Families pay the price. #TrumpsTariffsCostUS",3,2,43623,1,-29.545496131608,"negative",2026-04-02 20:07:59.157
"at://did:plc:5yfz5jkcaj7alrvd7fdafdzm/app.bsky.feed.post/3migw3trn522m","jeremyhammett.bsky.social","Jeremy Hammett","The weird inverse of this is I totally missed the 2008 economic crash and the housing crisis.  With either Army pay, disability, GI Bill and VA benefits being near universal in my friends group we barely knew anything was going on.",0,5,2047,1,-19.7986623891173,"negative",2026-04-01 14:36:49.75
"at://did:plc:e6w4tri2jynofj5svyhfxqn3/app.bsky.feed.post/3mimiqyqu4c2d","replaye.bsky.social","Replaye","U.S. returns Chinese drug fugitive in rare extradition, Beijing says
replaye.com/u-s-returns-...",0,0,168,1,-3.53906717588528,"negative",2026-04-03 19:54:08.054
"at://did:plc:zjxmmys2xtkvud6evfsvxsye/app.bsky.feed.post/3mighn5pky22r","youdou.bsky.social","More Trees Less Assholes","Hot damn surely another Biden hangover coming. 

Ministry of truth must be working OT. 
Mortgage defaults will certainly solve the housing crisis.",0,0,2234,1,-13.1785891825869,"negative",2026-04-01 10:18:05.254
"at://did:plc:mcc5yghbk7tixqryac2yxku7/app.bsky.feed.post/3mimlbvmn3k22","buck-fillionaires.bsky.social","Buck Fillionaires","I want serious candidates for midterms and next presidency to force Dumbold Dump’s enablers to pay for the damages. 

Every company that enabled Dump, every “podcaster” and media grifter. Every identifiable Dump voter. Every Gestapo and J6 thug. 

Seize their assets and garnish their wages for life.",0,1,1621,1,-21.0096903254927,"negative",2026-04-03 20:39:20.154
"at://did:plc:qriq6wxuysqwllgrezsrqqfa/app.bsky.feed.post/3miml6mdcq22z","dumbdeeples.bsky.social","","Funding that, quite frankly, with the inflation and other stuff we're dealing with, will NOT be in place by 2028.  It would be a miracle.    So, if Pritskers who they pick?  I will announce my intentions to Bluesky of not voting--and take what's coming to me.",0,1,26,1,-12.0234065424304,"negative",2026-04-03 20:37:31.056
"at://did:plc:izowlgy2cewk7glm6ax6mnnf/app.bsky.feed.post/3mimdzdigvk2j","econberger.bsky.social","Guy Berger","Youth unemployment update... time to worry more about high school grads in their late teens and a little less about college grads in their early 20s.

1/ In recent months we've seen a fairly substantial improvement in the unemployment rate for Americans in their early 20s.",1,8,54761,1,-11.9539970910583,"negative",2026-04-03 18:29:19.357
"at://did:plc:xzbocpwcp2odpbpfq7iietj6/app.bsky.feed.post/3mifastaul22f","sailorgirl2017.bsky.social","a Page in your life 🍁📎","We're in the middle of a housing crisis. Are you opening your home to those who choose to leave a country they themselves have helped create (as you've stated). Are you going to give up your H/C provider so they can have one? 

They should stay and finish their fight, not run & hide.",1,0,13980,1,-17.8145310272418,"negative",2026-03-31 22:43:24.959
"at://did:plc:ayj5lmqaubc3dvszephdlhbq/app.bsky.feed.post/3mimvdaqdak2a","timberwolf07-62.bsky.social","Mark Pearson","Maine city looks to join others across nation that ban ICE cooperation | Read full article at san.com/cc/maine-cit...",0,1,5934,1,-5.55397019642754,"negative",2026-04-03 23:39:04.352
"at://did:plc:tzh74kkpdt5anzz6yqnx3lzt/app.bsky.feed.post/3mimtg5lky22v","romanpiso.bsky.social","Roman Piso","#Discover
www.yahoo.com/news/article...",6,5,31118,1,-1.45962563420544,"negative",2026-04-03 23:04:55.352
"at://did:plc:4xtbdet5keuguykxvcuil4z7/app.bsky.feed.post/3mimmsgksxc2w","edengk.bsky.social","EDEN GATEKEEPER","TRUMP AND ELON HAVE STOLEN BILLIONS",4,7,35156,1,-3.06906354663954,"negative",2026-04-03 21:06:29.552
"at://did:plc:aiobpn27mevrl3rnagbe3e2o/app.bsky.feed.post/3mimsode3n22i","lotts.bsky.social","Sara","Got to say I have never regretted a political decision more than ticking MMP, and I constantly get reminders of how much I do.",0,0,870,1,-8.01640399036348,"negative",2026-04-03 22:51:37.853
"at://did:plc:oacpqr33auqcmurh3hf35wty/app.bsky.feed.post/3mimmfvclb22a","mkeeny.bsky.social","","Companies are getting wrecked by tariffs and spiking freight costs even before the rising fuel costs were added in, while at the same time, a shrinking consumer base without immigration and current ICE policy enforcement of deportations so fewer sales. 

Hottest country due to America being in hell.",0,0,203,1,-22.0503751517376,"negative",2026-04-03 20:59:28.362
"at://did:plc:nsttbhhihov4y5yejsri2zlr/app.bsky.feed.post/3mimiw4uksc2r","nancylevinestearns.bsky.social","Nancy Levine Stearns","Eileen O’Farrell Smith, a retired chaplain said she saw a budget as a moral document.

“How can I pay taxes when I don’t want to pay for things I abhor, while neglecting things I care about?” Ms. Smith objects to paying for immigration detention camps and Trump’s war

www.nytimes.com/2026/03/22/y...",15,25,94034,1,-20.685721413686,"negative",2026-04-03 19:56:58.956
"at://did:plc:nhbctvc2os5y24gfsx53evps/app.bsky.feed.post/3mimta7mipc22","tristanstevens.bsky.social","Tristan Stevens","They still vote, just apathetically. I say this as someone who talks to voters down in Australia, no one knows what's going on, it's all vibes, even major political parties say things that suggest they don't know how basic details of our system work.

And you know what? It's still better, because I",0,2,346,1,-16.8535044015262,"negative",2026-04-03 23:01:34.653
"at://did:plc:ppvtbquwmflarivzy3bbvdh4/app.bsky.feed.post/3mijbcfdn4s2t","sailorastera.bsky.social","Sarah Forde 🌙🪡","Billy and Salem's mama is having a housing crisis right now which is why they are staying with us.

We are hoping they will be able to go home by the end of April but it is also possible they will be with us for a few months. 🥹",0,3,1674,1,-17.9556096255017,"negative",2026-04-02 13:02:41.45
"at://did:plc:ijeqd2tesva7tuz2lzy3o7fe/app.bsky.feed.post/3mimtclmezc2x","djwyszynski.bsky.social","Max’s Dad","Magna cum laude, Phi Beta Kappa, from Harvard with an A.B. in political philosophy...""north american....""",0,1,2428,1,-5.80343105605912,"negative",2026-04-03 23:02:54.353
"at://did:plc:kt3nqg7fxsys5wnrokgcvfqk/app.bsky.feed.post/3mimnufr3zc2t","tabbynickel.bsky.social","Tabby","I wanted to break down the first point a bit just because I want to be as transparent as possible. This is a smaller subtitled event for JB since I cannot bring you the scope of the event that I would want for a traditional event, however due to long term unemployment I (cont.)",0,1,2014,1,-17.0260736668775,"negative",2026-04-03 21:25:26.682
"at://did:plc:37p4jy6u4bb4qlngrrq73mpz/app.bsky.feed.post/3mimtqifc5c2q","olahzogby.bsky.social","Olah🌻🌞","After thorough investigation, I find the spyware that has been installed on my devices, after reporting the criminal syndicate involved in sex-trafficking, was mainly used as a tool to brainwash political prisoners or prisoners of war. A tool to reframe their ideology in order to control them!",2,1,229,1,-12.353694731196,"negative",2026-04-03 23:10:41.049
"at://did:plc:ne7m7b4d5kh6olknylykzsvb/app.bsky.feed.post/3mbqzch3rxf2l","theage.nzcow.com","The Age (unofficial)","📢 There are warnings Perth’s housing crisis “has now become an economic one” as new figures reveal rental prices are growing faster and vacancy rates are tightening.

👉 Report issues, make suggestions ",0,0,634,1,-14.7800589253719,"negative",NA
"at://did:plc:ctkburuy2l26xfkwbdesyw7t/app.bsky.feed.post/3mimkbpycfs27","torrleonard.bsky.social","Torr (I moved to Threads)","""Housing continues to outpace wages, pushing both renters and would-be buyers into difficult choices.""",0,0,2497,1,-3.46210613474915,"negative",2026-04-03 20:21:20.661
"at://did:plc:jxfjgaeccyzmhzxqys3vyhgv/app.bsky.feed.post/3micsz3zye22l","duhallow.bsky.social","Eamonn Noonan","“the housing crisis is having an impact on gardaí with an increasing number relying on Housing Assistance Payments because of the difficulties they face in securing accommodation, which has also made it more difficult to retain staff.”",0,0,635,1,-7.96191580507941,"negative",2026-03-30 23:30:57.465
"at://did:plc:eckkxvc72l4pz77okac4as7z/app.bsky.feed.post/3mimwdhk73s2n","mariecoronelsd.bsky.social","Marie Coronel","District Attorney Summer Stephan says a couple preyed on  workers' hopes of becoming UnitedStates citizens as North County senior care home owners face trafficking charges. www.10news.com/news/local-n...",0,1,669,1,-6.42943893378144,"negative",2026-04-03 23:57:06.764
"at://did:plc:uhc33ivpt57mmukdhey4q6av/app.bsky.feed.post/3mimfvbgyas2k","firevlondon.bsky.social","FIRE v London","This is the 4th worst month in the almost 11 years I have been tracking this way. The last such month was June 2022, when inflation expectations jumped. Before that, it was the covid shock in early 2020.",0,0,154,1,-10.5849961801715,"negative",2026-04-03 19:02:46.255
"at://did:plc:uobltbj7bxcfxltanfsxphte/app.bsky.feed.post/3mimng5rlck2j","galaxy2ost.bsky.social","Is Super Mario Galaxy 2 on PC?","No thanks I don't need Chris Pratt in my kingdom when I already have golden Yoshi inflation from the last Galaxy-themed event",0,14,97,1,-7.0496793435333,"negative",2026-04-03 21:17:33.764
"at://did:plc:w4ql55q5q3xexd4d3kcpyps4/app.bsky.feed.post/3mim35u5zs22i","garyrlundberg.bsky.social","","Good graphs by @CNBC on jobs report. Taken over the last four years, it looks like we’re dancing at the edge of collapse. Trump’s war, its cost, plus his continued “hate” chaos won’t help.

U.S. payrolls rose by 178,000 in March, more than expected; unemployment at 4.3%
www.cnbc.com/2026/04/03/j...",0,0,765,1,-13.8577721279722,"negative",2026-04-03 15:50:46.057
"at://did:plc:3h74jcjpmymjr2hs7q2eat4j/app.bsky.feed.post/3milqhdg44s2r","maviscruet.bsky.social","Lucretius Bourgeois","I wasn't pleased last year. But then I did the maths (and he's no longer on the wages he used to be) and it makes sense to have 4, JB, JO'B, JT and MK probably in that order. 

And Keane has mostly been okay. Gana wasn't wrong that match though.",0,1,975,1,-9.6607372786482,"negative",2026-04-03 12:39:12.151
"at://did:plc:ajb74fkowtqdkbvssxixa5cb/app.bsky.feed.post/3milqmiqk322i","pplonsker.bsky.social","Patricia Plonsker"," “Here is the jobs report, Mr. President.”

“No good. Add 100,000 & subtract 1 from the unemployment rate.”

“We can’t do that. The complex data & models we use…”

“I don’t care. Just add 100,000 to look good on TV and raise my poll numbers.”

(As an economic analyst, I can’t help but imagine this.)",3,12,1009,1,-18.3941209249397,"negative",2026-04-03 12:41:55.35
"at://did:plc:gk5z43uirziigxsf3m5u2c3m/app.bsky.feed.post/3mimq7jip5q2q","minmaxdoc.bsky.social","MinMaxDoc","Something worth knowing about employment: March jobs report added 215k payrolls, beating 170k forecast, unemployment at 3.8%. Resilient hiring despite $110 oil from Iran war eases recession odds. Keeps Fed cautious on cuts, steadying S&P near 6800 to protect your index portfolio value.",0,0,73,1,-18.1036665883215,"negative",2026-04-03 22:07:29.16
"at://did:plc:3jdjxqa7ci4ffzlteo3pxymm/app.bsky.feed.post/3mamhayyxt22m","jehiah.cz","Jehiah","CC fees are 1.15% to 3.25% not 4%, and non payment can be amortized in their actual rental rates like it is for other payment issues (to say nothing of recouping by selling debts for collections).",0,0,1952,1,-7.47926105828012,"negative",NA
"at://did:plc:u2qfzv5ejuydwflhry4ma5ds/app.bsky.feed.post/3milsd2wjrk24","21rush12.bsky.social","21rush12","I don't believe this at all. www.cnbc.com/2026/04/03/j...",0,0,477,1,-4.9859861588216,"negative",2026-04-03 13:12:38.153
"at://did:plc:zhe7gepsb2hkfdcbshrugltg/app.bsky.feed.post/3millgqhqwc2x","sailingsteve.bsky.social","Sailing Steve","Kegsbreath is firing all the top flag officers. During a war!
This should be a top news story. It’s more important that donnie firing Blondi. 

apnews.com/article/pent...",2,2,23437,1,-8.2048619836898,"negative",2026-04-03 11:09:25.153
"at://did:plc:mzkqrjubaawybwrzszgjy6op/app.bsky.feed.post/3mikshpghns24","blackironfitter669.bsky.social","Blackironfitter","No more Fire Science Lab in Missoula, or Smokejumpers. The Forestry program at UM just became obsolete. The unemployment rate in western Montana will skyrocket.",2,6,2938,1,-16.5591672770464,"negative",2026-04-03 03:42:33.749
"at://did:plc:vi53pbqfkjflc2bn2nushkhj/app.bsky.feed.post/3mhqopwlebk2q","newyorktopnews.bsky.social","New York News","#Pittsburgh #Students built ""Rate Yinz Landlord,"" a website for #Renters to anonymously review #Landlords on communication, maintenance & respect, aiming to empower #Tenants, improve accountability & highlight issues in housing. 

#Housing #TenantRights 

www.publicsource.org/rate-yinz-la...",2,2,27036,1,-4.5764667803854,"negative",NA
"at://did:plc:f4h645b5zarjzeobdsmydata/app.bsky.feed.post/3mfwavb3zgs2s","eoghandalton.bsky.social","Eoghan Dalton","It’s worth keeping an eye on how small and big landlords fare in the new system. 

The RTB says small landlords have 53% of Galway city tenancies and big landlords (meaning 4+ homes) have the rest - but this dynamic may shift

www.thejournal.ie/galway-rents...",0,0,388,1,-8.39109743980489,"negative",NA
"at://did:plc:5yrq7grt5p5ba7u7ejngw4hy/app.bsky.feed.post/3mimsjf2jy223","garethlkr.bsky.social","Gareth Smith","So you wanted lower GDP growth, increased asylum seekers, increased immigration from non-EU countries, loss of freedom of movement, lower investment in deprived areas etc.

You voted for this knowing this would be the result?

I don't see any evidence for you being particularly intelligent",0,2,110,1,-14.4556091287279,"negative",2026-04-03 22:48:48.359
"at://did:plc:meacjnqkl3dv2kcba3ybg7fc/app.bsky.feed.post/3mimwaswkks2t","fujiiponta.bsky.social","FujiiPonta","In recent days, US-Israeli strikes have targeted Iranian health, education and transport infrastructure, in what appears to be a widening of their targets beyond military, security and political sites that were struck in the early weeks of the war.",0,0,762,1,-13.5700900555205,"negative",2026-04-03 23:55:35.451
"at://did:plc:wg7nsoobqvasfv6i3mwxfbt4/app.bsky.feed.post/3milasrjoqk2g","alanfalconer.bsky.social","Alan Falconer","The impact of the attack on Iran is making everything more expensive, but some companies are cashing in. Don't think that's right? Sign the petition demanding the UK Government introduces bigger taxes on their record profits.
you.38degrees.org.uk/petitions/ra...",0,0,26850,1,-43.1838065055868,"negative",2026-04-03 07:59:19.354
"at://did:plc:fzp35pb3hsqki6dvyfllhcog/app.bsky.feed.post/3mimofn5f7c2f","skullgeist.bsky.social","🔞 skullgeist 🔞","bring back pitch shifting in inflation/size scenarios",6,40,4623,1,-7.52805122244955,"negative",2026-04-03 21:35:06.351
"at://did:plc:5lgs2hjpao7jye4gqx4w3lkj/app.bsky.feed.post/3milfimeayk2w","littlemavis.bsky.social","Mary Wombat","When I was small he used to take me with him to the loco to collect his wages then wander down to chat with his mates. I was offered a ride once on the footplate of a steam train but I was too scared of the steam. 
My kid brother did get to drive, I think, a diesel shunter",0,1,1420,1,-10.8114655684553,"negative",2026-04-03 09:23:05.559
"at://did:plc:443arya3g7jvqz5jyr75555x/app.bsky.feed.post/3mim2gxvlvk2x","mike-umbkm.bsky.social","Mike","Trump's strategy in the Strait of Hormuz is absolute madness. He stumbled into a global disaster, contradicts himself almost daily, while Americans pay the price with soaring inflation and $4.19 gas, .... and he expects other countries to clean up his mess.",0,1,1245,1,-11.3553329994226,"negative",2026-04-03 15:37:57.357
"at://did:plc:xvwh2aurqkq6ebwjga7yohi2/app.bsky.feed.post/3mimf72q3s22q","vietfactcheck.org","Viet Fact Check","Who is at risk of being deported? What can I do if someone I know is at risk of being deported? What can I do if ICE comes to my home or approaches me on the street? KNOW YOUR RIGHTS. Here are some ICE/immigration/deportation resources by region, in English and Vietnamese.",0,0,50,1,-16.7640593411743,"negative",2026-04-03 18:50:24.758
"at://did:plc:rlqeiiyrxigl6cxc7pcplc5v/app.bsky.feed.post/3mimpldfhe226","hickenlooper.bsky.social","John Hickenlooper","Good. We won’t accept this administration’s cruel immigration enforcement. We have been fighting nonstop to protect immigrant rights in Colorado.",2,8,9891,1,-7.41221940692443,"negative",2026-04-03 21:56:13.353
"at://did:plc:ynmxlhpnj2rxtppahivvt2nj/app.bsky.feed.post/3mime42skz22d","11cannons.bsky.social","11cannons","Isn't he renegotiating now, only a couple of years into his contract, because his initial wages are ""too low?"" That presumably is what started this whole thing to begin with.",0,1,178,1,-10.3414619392096,"negative",2026-04-03 18:30:45.852
"at://did:plc:efpxdgsxdnfoermfwi3a6vtg/app.bsky.feed.post/3mieg66usgc2y","alfredtwu.com","Alfred Twu","Many of California's farmworker communities deal with high housing costs and substandard housing, as the housing crisis spills over from cities & suburbs.

Our state needs to continue to fund farmworker housing, and also build more homes near jobs so the number of homes matches the number of jobs.",3,16,17647,1,-22.6890341470135,"negative",2026-03-31 14:46:30.756
"at://did:plc:7oc6pe6qxsppluxr3ehwpg5i/app.bsky.feed.post/3mil4e5idnc2o","mmt-action.bsky.social","MMTAction","If taxes drive currency demand (core MMT), then the currency issuer MUST ensure currency access. Without a JG, you get involuntary unemployment - people unable to get the currency needed for tax obligations. The JG isn't optional - it's logically necessary.",0,0,227,1,-18.0673258406931,"negative",2026-04-03 06:39:29.573
"at://did:plc:nk2ielx4fgpbdwefsoqeuimb/app.bsky.feed.post/3mim3ure7tc2m","tolhursttech.bsky.social","Kerry Tolhurst","Everyones should be but then im european. And America is trying to destroy europe to stop its people demanding healthcare and fair minimum wages rn so…",0,0,127,1,-8.93269472223764,"negative",2026-04-03 16:03:34.45
"at://did:plc:dym2mk5usr3kycmfcaf7exj5/app.bsky.feed.post/3mimky5xyf62i","billspaced.com","@billspaced","Hiring Blows Past Forecasts With 178,000 New Jobs in March #Jobs #Unemployment",0,0,19161,1,-4.88453954248491,"negative",2026-04-03 20:33:54.555
"at://did:plc:eudu43jtzn75egnhcgugrsoj/app.bsky.feed.post/3mimcb3h76fh6","csilverandgold.bsky.social","The Fact of Other Minds Stan Account","The number 1 best thing Biden could have done would be to get up in 2021/2022 and explain what was going to happen: wages would go up, it’s a good time to get a new job, especially one where you can learn a new skill on the job, but prices are going up too, so don’t buy any Ferraris just yet.",0,1,7669,1,-22.1249640087287,"negative",2026-04-03 17:57:49.052
"at://did:plc:6k3vmvlx7fasu6yxhwxqix3u/app.bsky.feed.post/3mim5mes4hc2i","reichard4rep.bsky.social","Chris Reichard For Congress","We have the highest poverty rate in MO (15.5%), roughly 3 points above state and national averages. That’s 116,000 of our neighbors living below the poverty line.

Unemployment routinely ranks among the worst in the state. Counties like Ozark hit 6.4% — ~2.5% higher than the state average.",0,3,3652,1,-16.6203799612143,"negative",2026-04-03 16:34:39.982
"at://did:plc:2ymu7fpalnqwdaiounrlzo32/app.bsky.feed.post/3mimte5dg422f","writeright10.bsky.social","Writerright10","Dems 'agog' as Trump says 'quiet part out loud' before midterms: NYT reporter

www.rawstory.com/midterm-2676...",1,1,2917,1,-6.65258248509565,"negative",2026-04-03 23:03:51.06
"at://did:plc:jhl6tscjsdcdxal4bula333v/app.bsky.feed.post/3mimr3vwn2k24","karlthewizardofahs.bsky.social","Karlos","I wish George Soros would secretly buy Fox News and gradually change the programming to support facts and political actions to help people. Trump wouldn't know it was happening. Maybe he'd watch and act like a decent human.",0,0,474,1,-14.8270975565025,"negative",2026-04-03 22:23:21.951
"at://did:plc:qrixzlaeyz3h4wiqjwd6z2ub/app.bsky.feed.post/3milv3jh3xs2p","zachschonfeld.bsky.social","Zach Schonfeld","Damn, yeah, I didn't know Burlington had such an affordable housing crisis. It's a great town that I've really enjoyed visiting.",0,0,5848,1,-10.3414619392096,"negative",2026-04-03 14:02:06.673
"at://did:plc:2w45zyhuklwihpdc7oj3mi63/app.bsky.feed.post/3milr2tomnl2y","forbes.com","Forbes","Job growth plummeted the previous month following a health care strike. ",8,35,158093,1,-5.05556709266011,"negative",2026-04-03 12:50:06.357
"at://did:plc:f4cqgnhbwr4247prt47byydx/app.bsky.feed.post/3mimlhd4uxk2j","brat2381.bsky.social","Miss Aja","I can’t even imagine living on those wages.",0,5,14177,1,-7.49988034548285,"negative",2026-04-03 20:42:22.552
"at://did:plc:p262bgdd67zqim7vb2loqcld/app.bsky.feed.post/3milyxoqt2k25","serenity77.bsky.social","Serenity","Been saying it for years...everything goes up but wages",0,1,980,1,-5.14850508831938,"negative",2026-04-03 15:11:30.56
"at://did:plc:kezp5n3wyhdphjss4ayk62ez/app.bsky.feed.post/3mimv62tlec2h","chumleemcpee.bsky.social","","Perhaps lessons can be learned from the collapse of the Soviet Union. History repeats?

Factors that brought about the collapse of the Soviet Union:

Economic stagnation
Political corruption
Nationalism and separatism
Military overstretch",0,1,518,1,-10.6190936758079,"negative",2026-04-03 23:36:09.455
"at://did:plc:fum3w4xzx34oraieuoexypw5/app.bsky.feed.post/3mimicgrrss2f","aleianjack.bsky.social","Aleianjack","April 3, 2026: Milwaukee's Muslim community condemns ICE arrest of Islamic Society president
open.substack.com/pub/civicmed...",2,4,32618,1,-5.77711374774175,"negative",2026-04-03 19:45:59.754
"at://did:plc:ke6gpt225rew27wfosxbiz27/app.bsky.feed.post/3mims642spc2i","goondocks.online","Goon Docks","Largely those people are just insufferable people whose antisocial behavior has little to do with their political ideology. You don't need to win their favor. Find better leftists.",0,0,929,1,-18.4067025956375,"negative",2026-04-03 22:42:30.354
"at://did:plc:ehp2yvbwhjwz4pj4ah5ng2x3/app.bsky.feed.post/3mimtwenz5s2c","snabbkassa.bsky.social","🗽","aren't all immigration policies in every country based on maintaining the native culture and social norms, more or less?",0,0,262,1,-5.55397019642754,"negative",2026-04-03 23:13:57.559
"at://did:plc:oluogwjicaw3h4vysxcwzz45/app.bsky.feed.post/3mimi5a7gjk27","mymystery.bsky.social","Fearless Freddy","Congress critters wages should mirror the minimum wage. Especially since there is no evidence that a GOPer-controlled Congress ever actually works.",0,3,3688,1,-7.89292293359246,"negative",2026-04-03 19:43:03.057
"at://did:plc:5buugrzviweisd2bhkrtlh76/app.bsky.feed.post/3mima6m66q22u","4freedoms.es","Roger Senserrich","Yes, inflation adjusted. And covering the cost to reach the French border and tunnels crossing two cities.",0,0,6205,1,-5.66729888173454,"negative",2026-04-03 17:20:39.661
"at://did:plc:2atu6ny6zrmpbgxa2sg27aoq/app.bsky.feed.post/3mimftjoiqc2v","kwstzhaderbonch.bsky.social","boonque","Religious work is work. Workers deserve living wages. If someone is performing religious labor from which you would like to benefit, they deserve to be paid.",0,0,3146,1,-8.08766701038497,"negative",2026-04-03 19:01:49.356
"at://did:plc:3cwhalxcscwos7x3whtfjp2f/app.bsky.feed.post/3mifjjeqbts24","michael-t-monte.bsky.social","Michael Thomas Monte","We also need healthcare, A.I. regulation, affordable housing, investment in domestic infrastructure, complete DHS reform, immigration reform with reasonable path to citizenship. There is no economic scarcity crisis. We need to tax billionaires and their companies.",0,0,654,1,-16.7314229251096,"negative",2026-04-01 01:19:05.482
"at://did:plc:cv47ogydgn3ypbutrrt7f7s4/app.bsky.feed.post/3mim6eeauim2h","blockchainreport.bsky.social","Blockchain Report","US jobs surge (+178k in March), unemployment drops to 4.3%. This could shift Fed rate cut plans. Crypto hit by ""Drift"" incident ($10M+ losses), MARA cuts staff 15%. Crackdown on ""black/grey markets"" and new anti-cyber fraud laws in Cambodia with severe penalties.

#crypto #blockchain #news ",0,1,447,1,-11.0095354822174,"negative",2026-04-03 16:48:03.864
"at://did:plc:pnlkmhtctibmp6b3v6iondsx/app.bsky.feed.post/3migbxr4vgc2k","valescal.bsky.social","Valesca Lima","FEANTSA’s statement on the Report on the housing crisis in the European Union | FEANTSA

www.feantsa.org/resources/ho...",0,2,516,1,-6.35247789264531,"negative",2026-04-01 08:36:40.358
"at://did:plc:achymmqe2s6ohffkw7uxjwfn/app.bsky.feed.post/3mimj2xppas2m","richardjfoster.bsky.social","Richard Foster","Do we then give people more money to deal with the inflation caused by giving people money to deal with inflation?",0,1,73,1,-10.2241975190489,"negative",2026-04-03 19:59:41.654
"at://did:plc:sfjedoog3kswe5g37fhzjoyg/app.bsky.feed.post/3mim6d7db5x27","nofilter247.bsky.social","ORZ","New research says we're way more likely to dip from low-paid, insecure jobs for our health. Literally just common sense.",0,0,65,1,-9.31981069167761,"negative",2026-04-03 16:47:25.56
"at://did:plc:gkrzfwpcsfkesxaeodue2dvc/app.bsky.feed.post/3midxrsgvq22p","zelbel.bsky.social","WakeMeWhenItsOver😴","Fun fact: doubts about the ""valuation of funds"" was a major indicator of the housing crisis starting.",2,5,15515,1,-5.2538656039772,"negative",2026-03-31 10:29:00.46
"at://did:plc:alycwrrsr2jpjvbvzvydhy7j/app.bsky.feed.post/3mbrnu7hles2f","inqueblaut.bsky.social","","Bonus, Mamdani's announcement of Dina Levy who actually has way more power over these issues than Cea Weaver does: www.youtube.com/live/rPNMVLa...

There was a reason this was done in the Bronx, as it aligns with the survey numbers above of substandard housing and giving a voice to the voiceless.",0,1,89,1,-8.77284602129574,"negative",NA
"at://did:plc:2fry6kvwrbr4sdk6vruysexd/app.bsky.feed.post/3milvattqrw2j","mrmercredi.bsky.social","Mr. Wednesday","Annual inflation rate fell to 2.4 percent in January, below expectations",0,0,2308,1,-0.543334902331285,"negative",2026-04-03 14:05:06.058
"at://did:plc:76nbsehcz47sx2okiiymzfsi/app.bsky.feed.post/3mimqhgxrhk2d","caringdiva.bsky.social","","I just wrote a @FaithfulAmerica letter: Tell your senator: Do NOT confirm Markwayne Mullin. Write one here: actionnetwork.org/letters/tell...",0,0,74,1,-12.7085855533412,"negative",2026-04-03 22:11:57.957
"at://did:plc:d5vajeyba6hrbmlfkeypqshb/app.bsky.feed.post/3mile6y5r7k2k","janejjackson.bsky.social","Jane Jackson","The Iran war is making everything more expensive for us, but some companies are cashing in. Don't think that's right? Sign the petition now demanding they are taxed more on their record profits to help us all with the cost of living. you.38degrees.org.uk/petitions/ra...",0,0,47,1,-50.5839688228109,"negative",2026-04-03 08:59:49.45
"at://did:plc:zwpr2s7i5smvkjl7qt7rfdej/app.bsky.feed.post/3miltzpr7gs2b","davidviking.bsky.social","David Puttick FB99%","The Iran war is making everything more expensive for us, but some companies are cashing in. Don't think that's right? Sign the petition now demanding they are taxed more on their record profits to help us all with the cost of living. you.38degrees.org.uk/petitions/ra...",2,2,568,1,-50.5839688228109,"negative",2026-04-03 13:43:12.451
"at://did:plc:7sfwkyuccrzpsbtz723po5bh/app.bsky.feed.post/3milrfcelaj2e","tickertap.bsky.social","TickerTap","🟡 [FED] JUST IN: 🇺🇸 US UNEMPLOYMENT RATE FALLS TO 4.3%, LOWER THAN EXPECTATIONS. ...

https://t.me/marketfeed/927287

⚡ Live alerts: https://t.me/MarketNewsDispatch",0,0,223,1,-5.68750158905206,"negative",2026-04-03 12:55:57.049
"at://did:plc:axsuhin5mm5hqr2a6btktget/app.bsky.feed.post/3milt447sbs2c","jdrichards1972.bsky.social","","The Iran war is making everything more expensive for us, but some companies are cashing in. Don't think that's right? Sign the petition now demanding they are taxed more on their record profits to help us all with the cost of living. you.38degrees.org.uk/petitions/ra... via @38degrees",0,0,39,1,-50.5839688228109,"negative",2026-04-03 13:26:39.851
"at://did:plc:ykvfxsnswr6rcwdbwocwqajt/app.bsky.feed.post/3mimvkroa222o","anniegirl.bsky.social","Ann Petersen-Kane","It's what we are constantly asked to do with ""agree to disagree"" or ""not everything is political"" or ""just live your life"" or ""I voted for the economic stuff"". Laundry list of reasons implying that we are unreasonable. And they'd throw us under a bus anyway.",0,0,9392,1,-13.9696473246513,"negative",2026-04-03 23:43:15.954
"at://did:plc:blmpdhaccskliugulmou736i/app.bsky.feed.post/3miem5u6aks2r","mherz67.bsky.social","Michael Herzing","In PA, too many people are being priced out of their own communities. Dems are stepping up with bold solutions to make homes affordable, stabilize neighborhoods, and grow our economy.
@padempolicy.bsky.social 
www.pahouse.com/PolicyCommit...",2,2,1225,1,-12.228531588242,"negative",2026-03-31 16:33:41.159
"at://did:plc:rts4vqvlvavksvnoir2haaqp/app.bsky.feed.post/3mimw2hmytc2t","jennc25.bsky.social","JRC","Yes, and inflation and gas prices are both down. 👍🇺🇲",0,2,411,1,-4.9741517011746,"negative",2026-04-03 23:52:01.852
"at://did:plc:2xf4lfhu5m6fzggst25qo2jg/app.bsky.feed.post/3m6jytr3unc2k","celebrateawe.bsky.social","CelebrateAwe","Fires, earthquakes and bombs are reasons I never want to live in high-rise apartments. I know with the current housing crisis and rental affordability issues, we should build up rather than out but I feel safer and more secure in a stand alone and detached house. #Housing #Fires #HongKong",0,1,864,1,-19.1181663261109,"negative",NA
"at://did:plc:ywzcnswpgc7py552t4npps47/app.bsky.feed.post/3mimrcdovds2h","michaelwi.bsky.social","Slice of Fox","Not sure if this is desperate or political ineptitude.",0,3,749,1,-5.2438152681237,"negative",2026-04-03 22:26:57.858
"at://did:plc:utbbvictldru3yfqvdopq2lr/app.bsky.feed.post/3mimrybzuks2b","ellkell.bsky.social","Lee K","hear a million lawsuits because the government is ignoring our laws, constitution and the will of the people. Like most Americans, I just want our immigration system to be fixed. Give working immigrants what they need to stay here legally. Damn!",0,0,1254,1,-18.7920344432839,"negative",2026-04-03 22:39:14.086
"at://did:plc:xdeidxlfqoay5l4lsa6l5m42/app.bsky.feed.post/3mimli5hoos2a","roni49.bsky.social","Roni","The Iran war is making everything more expensive for us, but some companies are cashing in. Don't think that's right? Sign the petition now demanding they are taxed more on their record profits to help us all with the cost of living. you.38degrees.org.uk/petitions/ra...",0,2,713,1,-50.5839688228109,"negative",2026-04-03 20:42:52.153
"at://did:plc:ms54ynpe3fnfqm7pvyvueeby/app.bsky.feed.post/3mimvg5qz5k2v","richardrobertsjr.bsky.social","rrobertsjrmusic","A prominent journalist and political commentator just called the occupant of the WH a “huckster “ and I am all for it.",0,0,225,1,-6.8532531805578,"negative",2026-04-03 23:40:40.951
"at://did:plc:yad4ndeqlgrp3ugcvg43yraf/app.bsky.feed.post/3milnvrxyqk2o","wtfwire.bsky.social","WTF WIRE","US jobless claims fall to 202000 as layoffs remain low despite economic uncertainty, rising oil prices and a slowing labor market.

#USJoblessClaims, #LaborMarket, #USJobs, #Unemployment, #EconomicNews, #JobMarket, #Layoffs, #HiringTrends, #USUnemployment

www.wtfwire.com/finance/us-j...",1,1,63,1,-5.80528462470845,"negative",2026-04-03 11:53:39.949
"at://did:plc:jebns37nnxqiqdj4nequar5r/app.bsky.feed.post/3miejlhpiac2k","whatissomerville.bsky.social","What is Somerville","You throw your constituents — young, old, poor, wealthy, blue- and white-collar alike — to the wayside by avoiding it.

You know. Just build more.

Want more fees? Build more.

Want more affordable housing? Build more.

Want more taxes? Build more.

Want to address the housing crisis? Build more.",0,0,157,1,-25.0479454210637,"negative",2026-03-31 15:47:36.607
"at://did:plc:3yx4ruiaqefjvsagztl2utsv/app.bsky.feed.post/3milru26ibe2p","brewmarkets.extwitter.link","Brew Markets","Just In: The U.S. economy added 178,000 jobs in March.

The unemployment rate fell to 4.3%.",0,0,260,1,-4.36574574906974,"negative",2026-04-03 13:04:12.253
"at://did:plc:evdqenpllimzuke6lh3g3hyf/app.bsky.feed.post/3mimrsoeabs2r","robofthesky.bsky.social","Rob of the Sky","I hate all political parties, even the ones that I like.",0,1,81,1,-7.25871828866597,"negative",2026-04-03 22:36:06.266
"at://did:plc:zlfqvunzoxcu6lld3ifugrqj/app.bsky.feed.post/3milx3ncy6k22","himself132.bsky.social","Dr Eric Farmer","Trump's increasing inflation by causing an oil shortage and imposing tariffs paid by US citizens.

And now telling states he'll provide only military protection and they'll have to raise taxes to give their citizens healthcare.

Govts make promises they can't keep, but this is extraordinary.",2,4,17433,1,-24.5042659724267,"negative",2026-04-03 14:37:55.151
"at://did:plc:3guaevpn325icvq3bvgjpnw4/app.bsky.feed.post/3mifi42vqts2a","nes-evan.bsky.social","Nes Evan","#Capital_gains_discount and #negative_gearing turbocharged property speculation and pushed up prices, analysis finds

Landlords ‘leveraging up’ by exploiting property tax rules are fuelling #Australia’ s #housing affordability crisis, e61 Institute finds

www.theguardian.com/australia-ne...",0,0,428,1,-12.9585272978101,"negative",2026-04-01 00:53:47.158
"at://did:plc:73lzvyzvjbkq2kur2ev5e4va/app.bsky.feed.post/3mim5sjltsc25","zoomin-tech.bsky.social","Zoom In","$5,000 invested in 2010: Savings Account vs Gold vs Stocks vs Real Estate vs Bitcoin; The Real Yield Numbers

#stockmarket #inflation #investing #personalfinance",0,1,3,1,-10.7957172114872,"negative",2026-04-03 16:38:08.663
"at://did:plc:f27sjljbuxckiczr657mb5mp/app.bsky.feed.post/3mihlvh7v5c2j","emily-wherever.bsky.social","Emily Wheeler","Speaking of eviction, please take a moment to oppose HUD evicting immigrant families from subsidized housing 🥺 actionnetwork.org/letters/keep...",1,0,98,1,-3.06906354663954,"negative",2026-04-01 21:06:59.755
"at://did:plc:tsddbxpmbuebwprjdxk6rtnc/app.bsky.feed.post/3mimtrvapqc2k","mom2bruce.bsky.social","Isa G","Yeah and they keep crying ""why are they ruining The Pitt with politics""...cuz life is political Karen",0,1,4136,1,-7.44103984545992,"negative",2026-04-03 23:11:26.749
"at://did:plc:5tqnzxdxfios5i3o2lwxxt4o/app.bsky.feed.post/3mimmh4cjtc2o","josiahwalrus1.bsky.social","Josiah Walrus","It's more difficult to organize coordinated resistance to ICE in Hawaii because the detainments are not as visible as Minneapolis. But they are way up since Trump illegally resumed office. There were 100 to 200 people at the Church of the Crossroads in support when they announced this new effort. 1/",0,2,666,1,-8.90452384527094,"negative",2026-04-03 21:00:10.757
"at://did:plc:mresy7k5f2fixjnpxwmmwv5s/app.bsky.feed.post/3mimqtezxqk2h","mikeoloughlin.bsky.social","Michael J. O'Loughlin","Judge orders ICE to admit Chicago clergy to immigrant detention center for Holy Week www.ncronline.org/news/judge-o...",1,4,822,1,2.7637959702918,"positive",2026-04-03 22:18:36.958
"at://did:plc:eui2fiop5pbeskhat7wic3vv/app.bsky.feed.post/3mimsmyt4u222","foodethicist.bsky.social","Always Early","There’s something seriously wrong with conceptions of morality and public responses to manifested evil when individuals who murder individuals are tried and punished but corrupt political leaders (Putin, Netanyahu, Trump) who murder many tens of thousands face no penalty at all.",0,0,1477,1,-12.5162136606937,"negative",2026-04-03 22:50:48.957
"at://did:plc:f2bzy7mezkpjkj55e2jae4ja/app.bsky.feed.post/3milu6raylc2m","davidsquared.bsky.social","David Davidson","As #Carney preaches #austerity for Canada... in 2023 real estate CEO Tim Gurner explained actual purpose of austerity is to deliberately hurt the economy & drive down wages to ensure better returns at the top. No one knows this better than a soulless ghoul central banker. #cdnpoli",0,0,899,1,-10.3822839337298,"negative",2026-04-03 13:45:58.951
"at://did:plc:lyxrwwonykcbfsfc4m3zqzbr/app.bsky.feed.post/3m647mglkds2i","nantambi-namusisi1.bsky.social",NA,"I reviewed the Kampala Central MP debate and found nothing exceptional with the candidates who were debating. Many seemed ignorant about the real problems of Kampala. Kampala is beyond floods, exorbitant rental fees, and other petty issues",0,1,79,1,-6.24711737698749,"negative",NA
"at://did:plc:cyze5hq3swlnimevx2vg5kst/app.bsky.feed.post/3mimqvgh2b225","iamreddave.bsky.social","The lie in tamer","Ah ok so it's not that these people are not legitimately POWs it's both sides are pretending they aren't for political reasons",0,1,941,1,-5.56226899924224,"negative",2026-04-03 22:19:45.06
"at://did:plc:7sfwkyuccrzpsbtz723po5bh/app.bsky.feed.post/3mimhhd2h5c2e","tickertap.bsky.social","TickerTap","🔴 [WAR] JOB GROWTH REBOUNDED IN MONTH BEFORE WAR

https://www.nytimes.com/live/2026/04/03/business/jobs-report-economy/jobs-report-hiring-unemployment

⚡ Live alerts: https://t.me/MarketNewsDispatch",0,0,223,1,-9.77753217193169,"negative",2026-04-03 19:30:47.057
"at://did:plc:cpulajqyjngodbnqug45tkhi/app.bsky.feed.post/3mimvewcvhc2y","jonpark55.bsky.social","@JonPark55","I'm attending No Kings's event, “Eyes on ICE: Train-the-Trainer - Immigrants' Rights” - sign up now to join me!  www.mobilize.us/nokings/even...",1,0,24343,1,-9.90020772324984,"negative",2026-04-03 23:40:00.861
"at://did:plc:tepzylxa4b7gp4pfcn6gh3n6/app.bsky.feed.post/3m7adltp5xs2e","destiny-smasher.bsky.social","🕸️ * destiny-sanser 💀","So we still have a S1 rental if ZA. I unfortunately had to play it to get Mewtwo, the like ONE Pokemon I was willing to do that for fff

Aaaand of course within like 5 MINUTES of running through the city, this happens. Never had these issues on S2 at least.

GameFreak gonna GameFreak I guess…",0,0,637,1,-11.3868297133589,"negative",NA
"at://did:plc:isoqyxaweaefayp2jtt2f5nm/app.bsky.feed.post/3mimm27j7lk2j","jane.inurhead.lol","Jane Ball (living dead girl)","you misunderstand. i hate those bitches, but i alsonstrongly believe that there are lines that shouldn't be crossed. Talking about your son is a crossed line. Making light of trans women's unemployment when the govt is literally trying to erase us from public life is a crossed line.",1,5,5819,1,-10.3696328161763,"negative",2026-04-03 20:52:55.848
"at://did:plc:g5treclhkydcpmkem5pluw5f/app.bsky.feed.post/3mimk5di3is2p","angayls.bsky.social","𝖆𝖓𝖌𝖊𝖑 𝖉𝖔𝖛𝖊","WE MADE rent thank you all ill prolly post for settlersat cuz im completely broke but yall keep me and my family safe during inflation + turbulence grows in our area esp w ICE",0,2,522,1,-7.15895375851226,"negative",2026-04-03 20:18:53.462
"at://did:plc:wsc7ufnrcsce5k54q6lof3kn/app.bsky.feed.post/3mimetnpnn724","arvadacoindivisibl.bsky.social","Arvadans for Progressive Action❌👑","ICE is now operating in Arvada. On March 30th 2026, there was a raid on a construction site on 80th and Club Crest where 1 person was confirmed to have been detained by ICE.",0,2,938,1,-12.7981977120309,"negative",2026-04-03 18:43:59.95
"at://did:plc:yhpkqvr3sl6clx46mv43mhwh/app.bsky.feed.post/3mimsl7zskk22","sillythecat.bsky.social","Rooster","So Luna has some secret private meeting with a bunch of sanctioned Russians.  A meeting facilitated by the Treasury Secretary and Secretary of State.  And Schumer and Jeffries haven't said a thing?  Those 2 clowns wouldn't know a political opportunity if they sat on it! 🤷‍♂️🤦‍♂️",0,1,843,1,-14.0848295786076,"negative",2026-04-03 22:49:49.954
"at://did:plc:4gwek6yll4xjkmlyduuxzcoq/app.bsky.feed.post/3miehgfxssc2s","rowilltellthetruth.bsky.social","Roshaun L. Harris","Community member asked why is there a housing crisis when the Land Bank owns so many properties? He also addresses the environmental concerns across the city.",0,0,39,1,-9.12506661488509,"negative",2026-03-31 15:09:00.259
"at://did:plc:p7szowfv4e575ipewaimchmj/app.bsky.feed.post/3mils5pri5k2t","j9soto.bsky.social","J9Soto","How many red states don't even want to provide Healthcare or other benefits such as unemployment - looking at you Florida! And how does a state like Kentucky provide Healthcare at the same level as NY or Cali? This isn't hard - the federal govt job is the welfare of the citizen. Not warfare for oil.",0,1,120,1,-18.5781245679167,"negative",2026-04-03 13:09:36.757
"at://did:plc:aunpu65mdrhwfie7ynymlzeh/app.bsky.feed.post/3mimvp6qgqf2k","thebulwark.com","The Bulwark","The movie business is bleeding jobs, California is losing ground, and Trump wants to fix it with another tariff fever dream.

@sonnybunch.bsky.social on the cost of treating every problem like a chance for more political theater.",10,74,283661,1,-17.1338063666804,"negative",2026-04-03 23:45:43.754
"at://did:plc:i63gdt56xrnl5o7upsndi3qz/app.bsky.feed.post/3mim6azegac2b","thedandyone.bsky.social","Dandy 👽","northernlion hasn't been live for like 2 weeks now as I reach the end of my unemployment, and I'm just realizing how important he was to my daily schedule. I'd always keep his stream on from 1-5pm and it was very comforting for me",0,6,928,1,-9.93599683110142,"negative",2026-04-03 16:46:12.45
"at://did:plc:zrjj65ihmvwxeywnkabb5bdb/app.bsky.feed.post/3mimlomwf622z","northernrednekk.bsky.social","","So DHS has $100 Billion dollars to build concentration camps across America, but won't pay the TSA agents tasked with keeping air travel safe.
www.cato.org/blog/heres-h...",2,8,1872,1,-8.32655891866732,"negative",2026-04-03 20:46:27.858
"at://did:plc:n3sv4rtstn7auqrwskdzfsjf/app.bsky.feed.post/3mimpu6zprs2t","ntroeste.bsky.social","Nicholas Troester","Through a variety of coincidences have discovered that an old, conservative anti-immigration girlfriend is now a fire-breathing pro-immigration lefty. This makes me feel better, somehow.",0,1,52,1,-6.58804396395808,"negative",2026-04-03 22:01:09.158
"at://did:plc:ghudjksjtbsupq5bt7ihcv2f/app.bsky.feed.post/3milcnnvcn22y","richardashwell.bsky.social","Richard Ashwell","The #IranWar is making everything more expensive for us, but some companies are cashing in. Don't think that's right? Sign the petition now demanding they are taxed more on their record profits to help us all with the cost of living. you.38degrees.org.uk/petitions/ra... #TaxWindfallProfits",0,0,87,1,-45.7358524582124,"negative",2026-04-03 08:32:15.95
"at://did:plc:nsqfrjjteiaqbtbu4tsumjm3/app.bsky.feed.post/3mimgin44i22q","tziva.bsky.social","Tziva","The line ""Experts Are Dubious"" is absolutely a skillfully cut and polished 600 carat diamond on the crown jewels of journalistic incompetence. Please give the composer an award as you send them to the unemployment line.",0,1,475,1,-5.46435803773785,"negative",2026-04-03 19:13:37.355
"at://did:plc:27oztulikqaiedjwyucpxtfp/app.bsky.feed.post/3miivbzget22y","tobyontv.bsky.social","Toby Earle 🇺🇦","the comments by Reform’s Housing ghoul and Farage’s failure to act means they’re a party in crisis with a wobbly leadership if the usual rules are applied by the usual Westminster reporters",3,82,12614,1,-7.45109018131342,"negative",2026-04-02 09:27:45.749
"at://did:plc:q44mxlbs74xalvamvijwpfsa/app.bsky.feed.post/3mikbh7puns2r","analiliafornj.bsky.social","Analilia Mejia for New Jersey","My opponent backed the “Big, Ugly Law” — the same law that kicked 350,000 New Jersey residents off their healthcare and drove energy costs up.

On top of that, tariffs are pushing housing costs higher and making life more expensive.

We must end the MAGA affordability crisis!",16,22,5612,1,-23.2390804839327,"negative",2026-04-02 22:38:03.655
"at://did:plc:ads6xkhg35tzpvbbndzqc3gl/app.bsky.feed.post/3mih6qw5gbc25","brad-carpenter.bsky.social","Brad Carpenter (he/him)","The political information system IS broken.

Regardless, you're takes on the economy are by far your worst work.

Watch @garyseconomics.bsky.social until you understand

www.youtube.com/watch?v=BTlU...",0,0,910,1,-3.05901321078604,"negative",2026-04-01 17:11:48.26
"at://did:plc:ui7decoar7dhtjwxpenpezv3/app.bsky.feed.post/3mijjng4b7y2i","paulmurphy.pbp.ie","Paul Murphy TD","The fact that these properties are allowed to lie vacant and derelict amidst the worst housing crisis this country has ever seen is unacceptable. Recent figures state that 17,300 people are homeless in Ireland, including 5,457 children.",1,1,5276,1,-9.44352034600363,"negative",2026-04-02 15:31:59.755
"at://did:plc:kat24pkgmj66pjhqwi7laddu/app.bsky.feed.post/3mimbpwzbyc2x","cindewarmington.bsky.social","Cinde Warmington","Kelly Ayotte’s defunding of affordable housing programs is pouring gasoline on the fire. Housing Champion communities produced nearly half of all new housing in 2025.  

With a crisis this severe, we should be using every tool available. #NHPolitics  www.businessnhmagazine.com/article/high...",1,1,205,1,-24.8614136843526,"negative",2026-04-03 17:48:16.252
"at://did:plc:zxqi7pmnxypbvjxx6qacfzqz/app.bsky.feed.post/3m6l3hkwogk2p","drtwillett.medsky.social","Inflamed Procrastibaker","i only know that bc we had 10 hens when we moved into our rental home. that was several over the legal limit, and when they laid, they could be mighty noisy too! luckily they/we were not bothered about the flock size, and they all died of elder chicken issues- some up to 12yr old. happy girls!",0,1,5411,1,-5.90619079001689,"negative",NA
"at://did:plc:sl2tp4p4axmp7w3hw6jlrmot/app.bsky.feed.post/3mimkha7ua22t","ajsay.bsky.social","Adam","It seems perfectly reasonable to expect a government to do whatever it can to protect the very poorest in society, who have borne the brunt of the effects of price inflation and wage/benefits stagnation/reduction.",0,18,1090,1,-10.061748036407,"negative",2026-04-03 20:24:25.552
"at://did:plc:v2xn5raddrggwok4o4uxghi6/app.bsky.feed.post/3milz7qwwqs24","dapperyeti.bsky.social","Dapper Yeti","How we are doing in the US:
- Retirement investment down 4%
- Social Security is set to go bankrupt in 2031
- Unemployment up
- Gas is $4/gal; Diesel is $6/gal
- Groceries are up 11 percent
- The president wants for $1.5 TRILLION for defense, $65 billion of which is for ships the Navy doesn't need",0,0,188,1,-13.7062916767009,"negative",2026-04-03 15:16:01.254
"at://did:plc:n3sohxuho4ziddg34bxyjtfe/app.bsky.feed.post/3mihpxslmn22f","emma6527.bsky.social","Emma","They contribute in giving someone somewhere to live
Not all
Landlords are are evil
The
Govt is the  one not solving  housing crisis . They easily could",0,0,569,1,-9.21467877357478,"negative",2026-04-01 22:19:52.85
"at://did:plc:pk52wzlqwmpnrifsqn3inte4/app.bsky.feed.post/3mdmjjtazac2k","alexkidman.bsky.social","Alex Kidman","It's... pretty much exactly the same with a fuel car in those circumstances, and most fuel cars struggle in colder weather too. Honestly I had few issues finding chargers and the breaks were welcome, that wasn't an issue. Rarely is these days. Getting screwed over by the rental company was though.",0,0,704,1,-11.2465738218504,"negative",NA
"at://did:plc:y6faudqdh2zycsccrjapnakm/app.bsky.feed.post/3mimtdbfsfk2u","kmrandall64.bsky.social","","GO MINNESOTANS who are suing ICE for break ins....",0,0,152,1,-2.66359843853138,"negative",2026-04-03 23:03:18.366
"at://did:plc:cudslnqkirut3x22pxpdxk7r/app.bsky.feed.post/3mim4apo65s2q","amnesiaslowbro.bsky.social","#0080","When I find out who was the junior partner in a coalition government that set rail fares 1% above inflation...",0,0,261,1,-4.56868659306643,"negative",2026-04-03 16:10:14.164
"at://did:plc:skccihdfrp5o4c6gw3x3n475/app.bsky.feed.post/3mimw55ooyk2o","oc88.bsky.social","","Trump Is So Cooked - HuffPost

apple.news/AzvImRmRzQsW...",0,0,366,1,-3.76221072719949,"negative",2026-04-03 23:53:33.056
"at://did:plc:3kvdmvxdbv4d5vaw5sj7sfzw/app.bsky.feed.post/3mdqmfkxtoc2r","unxpctdisvry.bsky.social","Heather","I'm very worried that's what's happening here. A city council woman said she wants it for property tax relief because she has multiple rental properties in the city 😑 So they don't care about long-term issues, just how they directly benefit.",0,5,2913,1,-18.8407174299392,"negative",NA
"at://did:plc:3nyqv2ia2widjzpuinfu5ffg/app.bsky.feed.post/3mimsuzbr5s2s","acharyaforohio.bsky.social","Laalitya Acharya","This bill has been sitting in committee for a few months now. But if passed, it would give all law enforcement the ability to detain ANYBODY without probable cause just because “they look like it”. Call your state reps have them renounce this bill #ice #cincinnati #ohio #politics #immigration",0,0,97,1,-23.8308406143469,"negative",2026-04-03 22:55:17.551
"at://did:plc:ruolwfb3ns62y5ipttvqxiwf/app.bsky.feed.post/3mimfo3fulk2a","blakespawn.bsky.social","Bill D.","I just wrote a @FaithfulAmerica letter: Tell your senator: Do NOT confirm Markwayne Mullin. Write one here: actionnetwork.org/letters/tell...",0,0,436,1,-12.7085855533412,"negative",2026-04-03 19:19:39.355
"at://did:plc:bvmsbf252zy6eojzrpq62e2z/app.bsky.feed.post/3mim7uv3ors2g","westernflyer2.bsky.social","","Grow up @CNN - wait for the revisions - this number will be less than half and the inflation will have increased. You are not going to take Trump first cut numbers seriously are you?",0,0,1393,1,-18.027293609537,"negative",2026-04-03 17:15:12.952
"at://did:plc:quyye4wt3pjdigb5toaxks5f/app.bsky.feed.post/3mimtrzppvs2x","joannamtx2011.bsky.social","Joanna","Not a native,but I've lived here longer than I've lived anywhere else. I have to agree with you. The political leadership is the worst. 😡",0,7,859,1,-9.65888370999888,"negative",2026-04-03 23:11:31.368
"at://did:plc:lnrfjmn464aaljacqvzoa2wl/app.bsky.feed.post/3mimk3k52sc2p","colleenchanel.bsky.social","Colleen Chanel (Colleen Toscano)","A Canadian mother and daughter who were detained for more than two weeks at an immigration facility in Texas were released from custody Thursday after posting bond. 
youtu.be/upCYWLJwIfI?...",0,2,1312,1,-6.54722196943782,"negative",2026-04-03 20:17:55.253
"at://did:plc:byk7fw7iliywsa4dfet6i63k/app.bsky.feed.post/3mimrufhh522s","gwendiem.bsky.social","J Gwendie","Watching the strange spectacle of Trump committing political suicide! open.substack.com/pub/diplomat...",0,2,6920,1,-8.35733057733408,"negative",2026-04-03 22:37:08.053
"at://did:plc:pp2y33525jf5xkyg4pfqkdvd/app.bsky.feed.post/3mimelffn4s2l","raybeckerman.bsky.social","Ray Beckerman","Trump Wages War on Working Families to Fund $500 Billion Pentagon Boost www.commondreams.org/newswire/tru...",1,3,29569,1,-6.88310614370748,"negative",2026-04-03 18:39:23.057
"at://did:plc:vbvng765alzjha4b7t2gvouq/app.bsky.feed.post/3mimr5yjwa22j","silvermoonbeam.bsky.social","","There are over 340 million people in America. A huge portion are tax payers. The political scam the gop has been running (and corporate democrats) is how to shift as much public funds as possible into the hands of a few. That’s it. That’s our problem. And every voter needs to see this. Deeply.",1,0,3940,1,-17.4145197698161,"negative",2026-04-03 22:24:31.659
"at://did:plc:evgc4ukadedre3gwsiwygkpz/app.bsky.feed.post/3mil7pzffkc27","ayoub.bsky.social","elia ayoub","I am convinced that the US will lose the war against Iran 

apnews.com/article/pent...",7,60,28325,1,-10.1789430097118,"negative",2026-04-03 07:39:51.354
"at://did:plc:fwwc4up3ubntlafux6pzhd3m/app.bsky.feed.post/3milv5uvcu226","uhalevi.bsky.social","Uri Halevi","The unemployment rate will technically also go down once we start seeing the full effects of RFK Jr’s “Kill everyone” initiative.",0,1,498,1,-6.69650171903049,"negative",2026-04-03 14:03:22.961
"at://did:plc:hapsrynfhqt4o6fzkhsfua2y/app.bsky.feed.post/3milhh7mnss24","tine119.bsky.social","Aedh MacTire","The Iran war is making everything more expensive for us, but some companies are cashing in. Don't think that's right? Sign the petition now demanding they are taxed more on their record profits to help us all with the cost of living. you.38degrees.org.uk/petitions/ra...",0,0,2514,1,-50.5839688228109,"negative",2026-04-03 09:58:07.664
"at://did:plc:wg3qyemblksbdalphblv5igg/app.bsky.feed.post/3mijsu2rc6s24","thesunnycafe.bsky.social","Sunny~☀️","Hi there, I wanted to share a family’s story that really touched me. The Davis/Bowman family is facing a housing crisis after unexpected lease issues and communication problems with Section 8, and they’re trying to stay in their home and avoid homelessness.  gofund.me/7bb572e89",2,3,634,1,-9.92357431110287,"negative",2026-04-02 18:16:48.555
"at://did:plc:fhxbmrqgg2xuk6huiw2odudh/app.bsky.feed.post/3mim4xncajs2j","carltoncaseiii.bsky.social","Carlsbad bad man","There's also this thing called taxes which are supposed to be based on wages, imagine if we just have them fairly and then, stick with us, used the taxes to pay for preschool for all",0,1,541,1,-13.4972796281107,"negative",2026-04-03 16:23:05.767
"at://did:plc:rmurxwlvdlz7dcp73ubjaklj/app.bsky.feed.post/3miidmcxtqc2k","leftcoastreads.bsky.social","Left Coast Reads 📚🌹","This is the sort of antisocial behavior that's encouraged by our economic system and property tax laws. Hoarding land and leaving it vacant during a housing crisis. A rational system would not allow a tiny number of assholes to engage in this kind of profiteering at everyone else's expense.",0,1,1894,1,-18.834817707812,"negative",2026-04-02 04:11:19.95
"at://did:plc:ttotxkhycnbr47qwq7a52rc7/app.bsky.feed.post/3mimbhfj3oc2h","mhkmhk.bsky.social","","I want someone to run on ""we should have the tax rates of the 1950s, the 'good old days', adjusted for inflation.""",0,3,1534,1,-6.67938067825037,"negative",2026-04-03 17:43:28.455
"at://did:plc:lxmkryk4haoequv5u5weyg5c/app.bsky.feed.post/3mimn22cqmc2w","mugsysrapsheet.bsky.social","Trump & Epstein were business partners","I just hope #DonTheCon keeps up his ""Don't believe your lyin' bank account"" routine till the election.

Things he said he'd end on #DayOne:
#Inflation
#StupidWars
#WarInGaza (not over, but nothing left to bomb)
#WarInUkraine
Reduce #EnergyCosts by 50%

#HowsItGoingSoFar?",0,1,455,1,-14.4387322583799,"negative",2026-04-03 21:10:09.955
"at://did:plc:q5cr34dmwtwocfqd2y72vqgz/app.bsky.feed.post/3mimlyo2yq22z","hatethisbs.bsky.social","","Which in itself is pretty sad because it’s proof of employers exploiting those people for lower wages. I often wondered why they don’t go after employers if immigration is the problem. If they can’t find work they wouldn’t come which is proof it was all about racism and division",0,1,1294,1,-10.0437295309043,"negative",2026-04-03 20:52:04.057
"at://did:plc:sxn2j6mcyzpof2kkkc6bausb/app.bsky.feed.post/3mij5ijw6c22v","housing-inst.bsky.social","Housing Affordability Institute","Why lawmakers are pushing for zoning reform to ease the housing crisis

www.counton2.com/news/washing...",0,0,79,1,-4.56071842341726,"negative",2026-04-02 11:54:34.052
"at://did:plc:qv2yqlm3jijzh646ifrh6zqo/app.bsky.feed.post/3mifombmh4224","willduh.bsky.social","will","oh you think LA sucks? great, stay away, we have a housing affordability crisis",0,3,3871,1,-12.4209034808894,"negative",2026-04-01 02:50:11.951
"at://did:plc:5byca67iaonfv4uuql67nd2j/app.bsky.feed.post/3mimtoz2v7c2x","attimod.bsky.social","Winterbreeze","💩According to a CNN poll shared by senior political reporter Aaron Blake on Friday, Secretary of Defense Pete Hegseth’s approval rating has hit rock bottom amid the war with Iran. “35% approval, 65% disapproval. That’s -30,” he continued. “76% of independents and 26% of GOP-leaners disapprove.”",0,0,2116,1,-28.0252746819709,"negative",2026-04-03 23:09:51.76
"at://did:plc:xu2lbfpltg2ikm6unesltyx4/app.bsky.feed.post/3mimfd3r5oc2e","thevelcrostrap.bsky.social","The Sevateem 🏳️‍⚧️","I will never understand closing borders. I support immigration. If people want to live here & be a part of our society, we should welcome them in. It is part of the ethos of this country & though religion is separate, it is kind of fundamental to the belief structure of most of the popular ones.",1,0,3878,1,-14.8030503967197,"negative",2026-04-03 18:52:38.156
"at://did:plc:lhxkgqcfz7fdtslhnhwkc3f3/app.bsky.feed.post/3m7wb5wku5k2f","levistahl.bsky.social","Levi Stahl","This bit from the NYT review of Rental Family confounds me. Leaving aside honesty, which is a core issue that the movie does handle gingerly, what would addressing those issues look like? There’s no suggestion in the film that these subterfuges make the bigotries that underlie them acceptable.",0,2,5342,1,-5.43618716077116,"negative",NA
"at://did:plc:dre7qstiaxp6odo545j3zugm/app.bsky.feed.post/3miepqbvgz22i","trains.bsky.social","Maya🚂🚃🚄🚅🚆🚇🚈🚉🚊🚝🚞🚋🚌🚎","""texas builds a lot of housing why we cant do that"" 
you say as you ignore the realities of the water crisis and destroying some of the most unique and endangered landscape in NA 

fuk u heres more depression
youtu.be/xOyT6wuvsHk",0,5,1351,1,-8.83738454243331,"negative",2026-03-31 17:37:41.155
"at://did:plc:kt6t5jwy3zsvcerhus6pwjlz/app.bsky.feed.post/3mid6btk2as2b","hollyhoye.bsky.social","Ghouly Hoye 👻🇨🇦","“Now, many Calgarians once again oppose a made-in-Calgary solution to our housing crisis that is leading the nation in housing construction, rent decreases, and ensuring that Calgary families have more choice in the housing they choose than any other city in Canada.”",0,6,10208,1,-12.1616208829593,"negative",2026-03-31 02:52:42.001
"at://did:plc:gqebbn6jslhtcf3hi22f4u7j/app.bsky.feed.post/3mimomuoa7k25","gaylekate.bsky.social","Kate","U.S. border officials took the pair into custody on March 14 at a mandatory checkpoint in Sarita, Texas, while returning from a baby shower. Warner insists she has lived legally in the United States for four and a half years.

ground.news/article/bc-m...",0,0,15130,1,-8.12403465455585,"negative",2026-04-03 21:39:11.655
"at://did:plc:oxmnock4sf3u676yt63qj4us/app.bsky.feed.post/3m5uvuaq5ms2u","ausindimedia.bsky.social","Michael Taylor","“How can young people dream of owning a home when they can’t even find a secure rental?”

socialjusticeaustralia.com.au/public-housi...",4,12,4099,1,-11.717705964476,"negative",NA
"at://did:plc:xxh4y6blmzhgjxef3qsnjauz/app.bsky.feed.post/3mimmkzykvs2s","brendanvduke.bsky.social","Brendan Duke","Yes. While the budget doesn’t request add’l immigration enforcement $, it makes clear that the admin will aggressively ramp up detention and deportation efforts with funding provided last year. The budget cuts  funding for refugee resettlement & English language acquisition.",0,1,10683,1,-13.8196203620079,"negative",2026-04-03 21:02:21.459
"at://did:plc:cyzjg6npazv4ae6kufw2i7gp/app.bsky.feed.post/3miei57hnq225","goofyasagoon.bsky.social","goofyasagoon","The byline of your article literally says ""Far from solving Bristol's housing affordability crisis, building new homes will make the rest less affordable"" implying that building new homes will make the rest of Bristol housing stock less affordable.",0,0,44,1,-28.4573551428072,"negative",2026-03-31 15:21:44.568
"at://did:plc:fm75wz3ekp6bzoqgzjkn5syg/app.bsky.feed.post/3milxanafyk23","boldnewme.bsky.social","Dr. Mar","“Get yet another job.”

That’s what Rep. Jeff Van Drew thinks struggling Americans should do while prices climb.

Not lower costs. 

Not raise wages.

Just suffer more.

In my book, that’s called contempt.

Republican economics in one sentence.",7,43,48178,1,-21.6392120225148,"negative",2026-04-03 14:40:43.159
"at://did:plc:5u2a4zf2jzu5yu7tzi4po7xa/app.bsky.feed.post/3mimchooz4k2q","timothyenglish2.bsky.social","Tim","Visiting from the US in two weeks. Should I change my car rental (er, hire) to an EV for the trip? Had some issues with Italian charging infrastructure last year, but worked through it (fyi, PayPal for payments > foreign credit card). Will mostly be in the Cotswolds. Won’t be able to plug in.",0,0,88,1,-7.7103727792435,"negative",NA
"at://did:plc:c5dflsxdiqtq6onkd4pi2mu3/app.bsky.feed.post/3mimprdmp722r","khuar.bsky.social","Kings Heath United Against Racism","""On Saturday 28 March I joined the Together Alliance rally in London alongside other RCN members. The rally was part of a collective resistance to the rise of the far right and anti-immigration rhetoric in our society.""
- RCN President, Bejoy Sebastian
www.rcn.org.uk/news-and-eve...
@rcn.org.uk",4,9,651,1,-7.09636645750595,"negative",2026-04-03 21:59:41.559
"at://did:plc:kd5d5w626qjhmqcari7bcj3b/app.bsky.feed.post/3migx5noma22i","kevinerdmann.bsky.social","Kevin Erdmann","“That’s why the housing crisis is difficult to track. Its costs are hard to measure, and sometimes they are even reported as gains.”

kevinerdmann.substack.com/p/its-hard-t...",1,2,3945,1,-8.83738454243331,"negative",2026-04-01 14:55:44.349
"at://did:plc:izh4pkn4lar2qsfyl2rw4y77/app.bsky.feed.post/3mimnr6ag5s2d","erikhalvorsen.bsky.social","Erik Halvorsen","“Ms. McIver’s legal points to body camera footage that shows law enforcement officials pushing her.

@marcelias.bsky.social has called the prosecution “an absolute travesty” and “a misuse of the law enforcement system to target their political enemies.”

www.nytimes.com/2026/04/03/u...",0,1,5322,1,-12.4108531450359,"negative",2026-04-03 21:23:40.958
"at://did:plc:uiffdv3gnj3koycqzkpxvfla/app.bsky.feed.post/3mimn6yfpdc2q","watchyourrepssc.bsky.social","WatchYourRepsTN&SC","End family detention. ""Read Them Home"" shares videos of #LittleLobbyists and honors the children and families harmed by immigration detention. ""I demand an end immediately to family detention."" End this cruelty and help them to find their way back home.",5,10,78705,1,-9.97806249638693,"negative",2026-04-03 21:13:31.256
"at://did:plc:56h33nxl6trjwwqaq4gn2q6z/app.bsky.feed.post/3mimuowa62k27","btucker.bsky.social","Barry Tucker","There's been a bunch of sackings of White House secretaries for this & that & a top US Army general has been asked to resign, along with turmoil in stock market, oil crisis & inflation.

Is Iran achieving regime change in the USA with its innovative use of asymmetrical warfare?",9,30,3267,1,-17.8857940472633,"negative",2026-04-03 23:27:41.454
"at://did:plc:65mgfx2oprkdjmautl2as73u/app.bsky.feed.post/3mim2dbctgl2h","sweetwitch2697.bsky.social","SweetWitch2697🔮🎱🪄-MY OPINIONS ARE MY OWN BEASTLY CONCOCTIONS!","“Eat real food,” they preach—while wages stagnate, SNAP and food aid get slashed, food deserts grow, and corporations pump toxins into what’s left on the shelves. 

That’s not choice, it’s cruelty. 

#TrumpsTariffsCostUS",4,10,49762,1,-10.9168260841131,"negative",2026-04-03 15:35:53.449
"at://did:plc:jh7te4nbgh7766oodijhimz5/app.bsky.feed.post/3mimjio5hfk26","knownonsen.bsky.social","VT MATTERS","4/ (Giving Trump the dubious distinction of being the only U.S. president ever convicted of a felony.)

Just last week, Blanche exclaimed his enthusiasm for sending ICE — the Trump regime’s secret police that have been terrorizing communities all across the country under the pretext of “immigration",0,0,85,1,-14.1889464235002,"negative",2026-04-03 20:07:22.316
"at://did:plc:ey2fsrewirjmpghjot7pjq5g/app.bsky.feed.post/3mimrgfq4jk2b","nih-llamas.bsky.social","Nihl L'Amas","Thanks to inflation, I can only afford one bowl of ramen every 3 weeks.",1,6,1152,1,-10.1025700309272,"negative",2026-04-03 22:29:17.657
"at://did:plc:3wcun5uuujan7emqitbkvcyv/app.bsky.feed.post/3milq4svu5c2x","ipprscotland.bsky.social","IPPR Scotland","For more - read our latest report which considers public sector employment, wages and productivity to determine how a progressive reform agenda can be pursued, meet fiscal challenges and sustain excellent public services for all into the future.

t.co/cAjD9DhGK2",0,0,3216,1,-15.6113798312359,"negative",2026-04-03 12:33:19.36
"at://did:plc:jk5ivcverfo6dg6unfxedbhw/app.bsky.feed.post/3mimqxchgfs2o","jsatz.bsky.social","Justin Satzman","One issue with Threads was for a while, especially while it was being launched, it was actively suppressing news/political content. So a lot of journalists decided to not spend time/energy on it and either stayed on X or came to Bluesky. Some are active on Threads now, but others just abandoned it.",0,0,1829,1,-11.8331168159873,"negative",2026-04-03 22:20:47.458
"at://did:plc:uaspjlzzp4hw3b7zm55sztco/app.bsky.feed.post/3mimil3bxg22z","nikolai.hedler.info","semininja","are you doing a monthly comparison of all your expenses per unit and comparing that with your wages or are you looking at a receipt and thinking “this feels like more money than before”",0,1,157,1,-14.3051281777896,"negative",2026-04-03 19:50:47.056
"at://did:plc:ypzaxmcnfubfc63744rjv7xl/app.bsky.feed.post/3mime3qpg6s2c","8balljones.bsky.social","8BallJones","I’d be willing to increase the Pentagon’s by 2.7%(inflation) for every dollar they can account for. They haven’t passed one audit in 8 attempts.Account for the cash like any other business, last year they could only account for 60% of their total budget. Stop this theft and we can pay for healthcare",0,0,916,1,-23.7618477428599,"negative",2026-04-03 18:30:38.05
"at://did:plc:fqd5ydgl3gap72lck36cqdx5/app.bsky.feed.post/3mimr7v3aek2f","chelelea.bsky.social","Chele Lea","  Expect more of this. People can’t afford to eat or get gas so they can work. Whats wrong with people? Have you seen the unemployment numbers? Food prices? Energy? Medical? Decide who you align with. Because in 6 months or a year? That could be any of us.",0,5,26638,1,-16.4587797272336,"negative",2026-04-03 22:25:35.655
"at://did:plc:sbhd63nmthng3pzfaork3cny/app.bsky.feed.post/3mimrikcias2h","scottthrasher.bsky.social","Scott Thrasher 🇨🇦","Ok. But the more important one is the first one. Beyond that the Biden admin was extremely competent and was actually bringing down inflation and restoring the world’s confidence in America. That is all out the window now",0,0,7236,1,-17.0748638310469,"negative",2026-04-03 22:30:25.759
"at://did:plc:rqw4aavdz4sd7d2owfk7uqbz/app.bsky.feed.post/3mimbsylj4k2f","jeremiah.sounderatheart.com","Jeremiah Oshan","i didn't really address “GAM-flation” directly in my story, but this does a good job of illustrating how failing to generate GAM can really leave a team at a disadvantage. footyanalyticmusings.substack.com/p/the-wild-w...",3,13,6850,1,-6.32407841812361,"negative",2026-04-03 17:49:59.654
"at://did:plc:h2h62unz2kf24vc3eum6bes3/app.bsky.feed.post/3milxouvbv22z","bearofthegrove.bsky.social","Shash of the Grove ⚧️ Hippie Chick","All their Biden what abouts are duds now. Iran has killed members of our military because we didn't protect them and is shooting down our jet fighters. Epstein's laptop is leaking a little more every day... Inflation, stagflation! Gas prices!",1,1,294,1,-18.6434797489608,"negative",2026-04-03 14:48:41.049
"at://did:plc:d3pha67lu262h6djv4om66ni/app.bsky.feed.post/3mimo4fwzys2n","icoll.bsky.social","Ian Collins","Sounds a bit like Putin, purging any dissenters. 

apnews.com/article/pent...",0,4,18373,1,-3.94453228399344,"negative",2026-04-03 21:30:04.468
"at://did:plc:ejrscscvkhy7qapuowl7zfad/app.bsky.feed.post/3milsnvkyr22d","elerianm.bsky.social","Mohamed A. El-Erian","My five main takeaways from this morning’s strong March US Jobs Report:
1. Great news for Main Street: With a blockbuster 178,000 jobs added and unemployment dropping to 4.3%, the labor market is outperforming expectations.
2. The supply-side challenge: The labor force participation rate ...

1 of 3",2,30,77709,1,-9.3479815686443,"negative",2026-04-03 13:18:38.864
"at://did:plc:2u6fhxnv7hgt5chg5wh3cr3e/app.bsky.feed.post/3mims2gkqgs2q","carldershem.bsky.social","Carl Dershem","Being fired would have qualified him for unemployment, and grounds for a lawsuit.",0,1,2231,1,-4.58888930038395,"negative",2026-04-03 22:40:24.161
"at://did:plc:j5qmf3pjhjaar3mtck7367st/app.bsky.feed.post/3mimmzups2c23","laughingcorvus.bsky.social","Laughing Corvus(Airis System)","Reminder that this admin pathologically lies and unemployment only includes those actively looking for work",0,0,304,1,-4.5480673058637,"negative",2026-04-03 21:10:26.164
"at://did:plc:snbbshdgooh6o34iu4m34cgp/app.bsky.feed.post/3mimi7brcec2s","benjaminwittes.lawfaremedia.org","Benjamin Wittes","Pleased to roll out this project that @katherinepomps.bsky.social and I have been working on for some time: A database of 300 immigration habeas cases in which the government has violated court orders: www.lawfaremedia.org/article/thre...",86,207,207453,1,-6.03639634567183,"negative",2026-04-03 19:44:11.96
"at://did:plc:c2vsrddvtbncw3tuyqjioafq/app.bsky.feed.post/3mimaokghmc2t","jesuisdarius.me","COLTRANE","This prison is close due to operational costs, and it still would be inefficient if it were reopened. I believe there are more pressing matters like homelessness, stagnant wages, and/or poverty that our country faces that should be addressed.",1,2,1926,1,-7.92109381055916,"negative",2026-04-03 17:29:34.154
"at://did:plc:ecprmkgufdqzdxsgyrvigjr6/app.bsky.feed.post/3mijo46m4jk2s","tcoop6231.bsky.social","Tyler 🏳️‍🌈","If I had to point to one thing that explains the rise in economic pessimism, it’s the housing crisis. 

If you didn’t own a home before 2021 it feels like you’ll never own one.",0,2,1185,1,-13.4425547284214,"negative",2026-04-02 16:51:43.553
"at://did:plc:zzuljnrupp2xxhhohc24mkof/app.bsky.feed.post/3milylmmzcs2l","tinkb333.bsky.social","Tink","Today's calls to #Congress
1) DJT started #wars without congressional approval 
2) what are you doing to stop him from enriching himself and bankrupting average Americans?
3)This is on you-He lied about everything.

#Inflation #WarCrimes #Iran #Oil  #Fuel #Healthcare #DayCare #Medicare #Medicaid",0,0,1349,1,-17.4619103536311,"negative",2026-04-03 15:04:50.054
"at://did:plc:5bv7s4zopydyfv5eka2ayrpm/app.bsky.feed.post/3mimfm6xcdk23","wholenotes.bsky.social","WholeNotes 🇺🇸","It should because that anti-catholic rhetoric was born in xenophobic and anti-immigration rhetoric amplified by the early 1900s KKK. Kennedy’s Catholicism was celebrated as a departure from that.",1,2,406,1,-2.15277281476539,"negative",2026-04-03 18:57:44.761
"at://did:plc:cczf2s4cwujgtu5euvozgtq7/app.bsky.feed.post/3mimqcnilb22k","genejockey57.bsky.social","Doug Smith","Not the originator, but I think it's really how he sees things, not something fed to him.  He sees immigration that way - the immigrants from other countries don't come here, they're sent by their countries.  

Also explains how he sees the US and himself - he's the President, so he IS America.",0,1,701,1,-18.9678413190567,"negative",2026-04-03 22:09:15.554
"at://did:plc:pboltvj6wr6gaituw2s6mrwq/app.bsky.feed.post/3milsfvtaus2e","elisegould.bsky.social","Elise Gould","Slowing nominal wage growth for production and nonsupervisory workers is consistent with the outright real wage losses we've seen for lower-wage workers through 2025. www.epi.org/blog/low-wag...",4,7,3499,1,-11.6632177791919,"negative",2026-04-03 13:14:11.977
"at://did:plc:663vc5tujbqmydbvo26dozfh/app.bsky.feed.post/3miljsznskk2e","bugdrown.bsky.social","Doug Brown","How about this: what are organizations doing to support employees rn? Are they passing costs on to clients? Increasing salaries/wages? Accepting a lower margin? Approving WFH? What are organizations doing to reduce pollution? Implementing recycling plans, installing solar?",0,9,712,1,-6.71712100623322,"negative",2026-04-03 10:40:27.954
"at://did:plc:akciybhsvbsh2wufeqc7ezux/app.bsky.feed.post/3mddwzcv6ac2i","stuartr2r.bsky.social","Stuart | Relax to Rich","The mixed signals between home values and rental prices suggest different trends in the housing market. It could indicate a shift in demand or affordability issues.",0,0,164,1,-12.996267625793,"negative",NA
"at://did:plc:juyfjmia66ady6amtvmtchfj/app.bsky.feed.post/3miedy6zovs2g","irpp.org","IRPP","Pierre-Olivier Pineau’s new IRPP Insight shows how energy efficiency can help make housing more affordable and sustainable, through seven key recommendations. 

👉 Full brief: irpp.org/research-stu... 
 
Webinar Apr. 1: irpp.org/irpp-event/a...",1,3,4640,1,-13.5502874282243,"negative",2026-03-31 14:07:22.557
"at://did:plc:ochz5mczwzq36wuwbwd4elrp/app.bsky.feed.post/3milei4ngy22f","hotchkiss13.bsky.social","George Hotchkiss","That’s a valid suggestion. I’d add we need to get better at taxing corporations. Some that pay very poor wages go untaxed.",0,0,2296,1,-9.25835383707744,"negative",2026-04-03 09:04:53.053
"at://did:plc:jfepbo63fkxapsd65beyymof/app.bsky.feed.post/3milxgptars2p","jc-econ.bsky.social","Julia Coronado","Wild numbers in the March employment report but it looks like mostly seasonal/statistical noise around a low hiring trend and stable unemployment rate. It will be months before we know how the war in Iran and the inflation shock affects the labor market",48,236,40067,1,-20.524034716972,"negative",2026-04-03 14:44:08.751
"at://did:plc:mn47jqi7wtxwaxd4katbw3ws/app.bsky.feed.post/3mimuxq6umk26","icecoldjd1906.bsky.social","Nation of Neal","Federal Prosectors in Los Angeles lose another case stemming from ICE/Trump Protests. Its so bad the paper of record referred to the US Attorney's Office for one of the largest districts in the nation, as ""amateur hour"" www.latimes.com/california/s...",0,1,602,1,-9.21753184255719,"negative",2026-04-03 23:32:38.15
"at://did:plc:g6oj34adhtfml2phmbd27e6e/app.bsky.feed.post/3milrm2ogwc2b","pdolby.bsky.social","𝙿𝚊𝚖𝚎𝚕𝚊 𝙳𝚘𝚕𝚋𝚢","Hmmm  if February was adjusted down hiw do we know if March numbers are legit?  If I were a betting person I’d take that bet. 

 www.theguardian.com/business/202...",0,1,17446,1,-4.21646599947708,"negative",2026-04-03 12:59:45.355
"at://did:plc:trdxsf4ksyctsfl2mbv6rcam/app.bsky.feed.post/3mim6s3bvoc2l","clampshell.bsky.social","clampshell 💜✨【EN VTUBER】","unemployment during the covid lockdowns is responsible for most of this 😅",0,0,164,1,-2.97945138794985,"negative",2026-04-03 16:55:45.35
"at://did:plc:s53urboqktvasjqb2rjm2vyy/app.bsky.feed.post/3mimssaedh22n","ashokdadhwal196.bsky.social","Ashok Dadhwal","Supreme Court appointments aren’t just political wins—they’re generational power. A single vacancy can reshape constitutional interpretation for decades, making the fight over nominations less about one president and more about the long-term balance of rights, law, and accountability.",0,0,7610,1,-23.807946794481,"negative",2026-04-03 22:53:47.281
"at://did:plc:5pctpodoizyxwk5dx7rme2uw/app.bsky.feed.post/3milz4uvyxfp2","oc-media.flipboard.social.ap.brid.gy","OC Media","Georgia’s annual inflation slows to 4.3% as food and services prices rise
Food and beverages contributed 2.57 percentage points to annual inflation.

https://oc-media.org/georgias-annual-inflation-slows-to-4-3-as-food-and-services-prices-rise/",0,0,14,1,-10.2804372373718,"negative",2026-04-03 15:14:28.849
"at://did:plc:7nz7cevyv2capj7grb5xhx4c/app.bsky.feed.post/3mimrfz44s22q","thelogicman.bsky.social","""Capt"" Trevor Sloughter, PhD 🏳️‍⚧️🏳️‍🌈","There's compelling political drama to be had there but it requires acknowledging that distinction.
A plot about Mayor Fisk using anti-vigilantism as a mask for an authoritarian power grab isn't inherently bad, but maybe ask a real question about whether a billionaire with a sword should fight crime?",0,0,374,1,-26.955649930176,"negative",2026-04-03 22:29:00.853
"at://did:plc:jqbybs37bucauopxdrr2vto6/app.bsky.feed.post/3mimj4zbuu227","snoopster.bsky.social","john","Offset it with higher taxation to avoid further inflation?",0,1,405,1,-2.4892450513866,"negative",2026-04-03 20:00:49.451
"at://did:plc:hpfcdjldj7wus5ipuaudbooe/app.bsky.feed.post/3mimsjdzr5k2f","replsimon.bsky.social","Congresswoman Lateefah Simon","Educators are the foundation of our society and democracy, but we're losing them rapidly to a cost-of-living and housing crisis.

The number one reason why teachers leave the Oakland Unified School District every year is because they can't afford housing in Oakland.",5,27,12266,1,-15.1697756765119,"negative",2026-04-03 22:48:49.453
"at://did:plc:xdj4ryikydfzxxufcahrklsu/app.bsky.feed.post/3mimlr2rrrk2w","lglly.bsky.social","LLLwry","Just Deplorable they do this as Tropps are deployed all over the world & Govt & VA Jobs are Downsizing where many military spouses often work at & unemployment overall is rising 

youtu.be/m9rVEgKkM08?...",0,1,10476,1,-11.8328882184323,"negative",2026-04-03 20:47:49.953
"at://did:plc:sxn5dnpzoxdttuuanjkqn5tb/app.bsky.feed.post/3mimqoyu5ts2s","schloko.bsky.social","Donald trumph’s fragile ego","This is what happens when you allow dark money from god knows where to flow into your political campaigns via super pacs .",0,2,6622,1,-7.03557473735176,"negative",2026-04-03 22:16:08.863
"at://did:plc:swue6x2lhtat3alzwntwop5f/app.bsky.feed.post/3mimua46v2s24","jnavas.com","John Navas ⛵🌉","IDF Official Says Disarming Hezbollah Unrealistic, Not a Goal of #Lebanon Operation @timesofisrael.com 
Military to present its buffer zone plan to political leadership; will involve razing border villages, setting up army posts in south Lebanon 🤬
www.timesofisrael.com/idf-official...",0,0,1280,1,-13.3916823980476,"negative",2026-04-03 23:19:26.155
"at://did:plc:ord7rirlt6a2xi6emkwdocl5/app.bsky.feed.post/3mimmwaey622x","synoisia.bsky.social","Jay","Dude who wrote an Atlantic article about how the current immigration crackdown and persecutions are actually the left's fault.",0,2,1820,1,-4.8608230158676,"negative",2026-04-03 21:08:36.951
"at://did:plc:pgm2q4fk6c7hwxpro6plgtii/app.bsky.feed.post/3mieo366gcs2k","clusterblock.bsky.social","Cluster Block🌈 🍉","Land banking is massively overegged as a cause of the housing crisis. And it’s mostly caused by their needing a supply of sites because the planning system is so slow and capricious.",0,1,297,1,-9.58377623751207,"negative",2026-03-31 17:07:57.962
"at://did:plc:o6ggjvnj4ze3mnrpnv5oravg/app.bsky.feed.post/3m7an5ecoge2e","longtail-news.bsky.social","Longtail News","Feed: ""The Negotiator""
By: Simon Cairnes on Friday, December 5, 2025",0,0,2303,1,-1.8650907423136,"negative",NA
"at://did:plc:kkergqgbhb56ptpwj2wenkje/app.bsky.feed.post/3mim6pbr74p2i","socpaperbot.bsky.social","Sociology papers (journals + SocArXiv)","How Initial Accommodation Shapes Refugee Integration: Quasi-Experimental Evidence from the Ukrainian Displacement Crisis in Denmark Sudden displacement crises require rapid expansion of refugee accommodation, yet little is known about how different types of initial housing affect
 #sociology link",0,0,939,1,-24.3097660660663,"negative",2026-04-03 16:54:10.352
"at://did:plc:kxqft65qcllkqvswbgzig3sd/app.bsky.feed.post/3m7jfgzjst22y","cobarkingspider.bsky.social","CO Barking Spider 🇺🇸","A few years ago we had a 2nd home we used as a vacation rental/long term rental and we wrote the lease to be for 9 months.  We used the other 3 to do repairs & for ourselves if needed. We often were only there a total of 6 weeks out of 12, so that took care of the ""rental"" issues for tax purposes.",0,0,878,1,-16.7900348275776,"negative",NA
"at://did:plc:yohigiqrjmbarq6xhj4gb4nr/app.bsky.feed.post/3mdxnsh4eic2a","tcmcg.photo","Tom McGrath","Going back to  the scooters, that third-party scooter rental industry has to be printing money. I don’t want this to come across as unsympathetic to people with mobility issues, but there are so many of them that one becomes Dr. House  or WSJ oped writer.",0,1,982,1,-14.3487951244421,"negative",NA
"at://did:plc:zzdjjltbk42t3t6sz6fmbmde/app.bsky.feed.post/3milqzwluxs2x","joebrusuelas.bsky.social","Joe Brusuelas","US March Jobs Report: Hiring sharply rebounded in March as 178,000 new jobs were created while the unemployment rate declined to 4.3% (4.256% taken to three digits). Wages grew by 0.2% on the month which resulted in a 3.5% increase from one year ago. 
#Econ #EconSky",3,10,3151,1,-15.152670208609,"negative",2026-04-03 12:49:37.359
"at://did:plc:pq6zsuoz3qbeit6cd64pzqsi/app.bsky.feed.post/3m6plgxpzt22y","mellowmagog.bsky.social","MellowMagog","So the EV6 had the dreaded issues probably relating to the ICCU earlier. It's been towed to the dealership and I've got a rental, but I'm out $500 I didn't really have until insurance/warranty stuff reimburses me.

That 401k cash out *should* be hitting the checking account Tuesday.",0,0,236,1,-15.8765890478356,"negative",NA
"at://did:plc:sfgoiuy5junf2tpvjdqd6z24/app.bsky.feed.post/3mimnmwnmec24","couth11.bsky.social","couth","ICE detains president of Wisconsin’s largest mosque www.nbcnews.com/news/us-news...",0,0,13769,1,-4.67850145907364,"negative",2026-04-03 21:21:26.563
"at://did:plc:v6lnr7ycxvhb5pq27gnkkjfa/app.bsky.feed.post/3mimsd62bsc2q","davidej2025.bsky.social",NA,"RAPIST tRump invaded Iran for his own political reasons. Innocent US soldiers are dying because of tRump's lack of common sense.",0,1,10543,1,-11.1707412940941,"negative",2026-04-03 22:45:19.162
"at://did:plc:qnyq7wies2uc56bzqmfz4q25/app.bsky.feed.post/3mihfutak422t","resnikoff.bsky.social","Ned Resnikoff","New piece in Inside Philanthropy responding to some of my critics: ""Funders should not merely provide a neutral space to hash out disagreements; they should instead be working to forge a winning political coalition that can actually end the housing crisis."" www.insidephilanthropy.com/home/to-move...",9,32,42998,1,-14.7010157180314,"negative",2026-04-01 19:19:15.36
"at://did:plc:tj2pxmoos64rzl2ofxkeke2d/app.bsky.feed.post/3mimrgqh53k2z","amithero.bot","Ami - BUY MY BOOK 🏳️‍⚧️📚💙","Hasan's main issue is that he doesn't want to run for political seats, but if he does it would be like watching a sledgehammer hit the political scene.",0,3,6102,1,-14.1031787172758,"negative",2026-04-03 22:29:28.05
"at://did:plc:ebyirfmcml2wmydrexhxu27t/app.bsky.feed.post/3milg2puyn22o","grogsgamut.bsky.social","Greg Jericho","Update on this. The article has been changed.

It no longer says “economy in surplus” changed to “budget” 

Also completely cut the bits about the changes to lending rules leading to higher prices",26,123,33823,1,-10.9937871252493,"negative",2026-04-03 09:33:23.75
"at://did:plc:6clrpsxi7n4opdira4k2dy6l/app.bsky.feed.post/3mbjre23cas2v","meganreal.bsky.social","Megan Real","Not to be yet another killjoy parent…but don’t do anything with a rental car other than putting gas in it without checking your rental agreement. If it doesn’t specifically say that you’re supposed to refill wiper fluids, don’t, because it can make you liable for any future issues the car has. 🙄",0,1,798,1,-16.1222054550019,"negative",NA
"at://did:plc:gqzqp5ogryi7wjauo3a2whic/app.bsky.feed.post/3mimed62zr22d","supportinglife.bsky.social","","The Iran war is making everything more expensive for us, but some companies are cashing in. Don't think that's right? Sign the petition now demanding they are taxed more on their record profits to help us all with the cost of living. you.38degrees.org.uk/petitions/ra...",0,0,88,1,-50.5839688228109,"negative",2026-04-03 18:34:49.352
"at://did:plc:rj5iggkbo5assdee67lubdeo/app.bsky.feed.post/3mimmxmjvzs26","30bob.bsky.social","","Irish were taken straight off the immigration boats to  strengthen the UNION army to win the civil war. Otherwise America would have been split in two and be Micky mouse  republics today.",0,2,197,1,-11.0544117470657,"negative",2026-04-03 21:09:23.452
"at://did:plc:g7xd2fa6n7e7yqyvh6c3iexy/app.bsky.feed.post/3mikxur5ues2a","broadwaybabyto.bsky.social","Kelly","I’m still trying to solve my housing crisis and it has zapped my ability to write and communicate. 

Housing should be a basic human right. 

When you don’t know how (or if) you can keep a roof over your head… everything else falls to pieces quickly. 

Sorry to everyone I (still) owe responses to!",15,119,57501,1,-18.4439623934156,"negative",2026-04-03 05:19:18.549
"at://did:plc:htdsafwakqmzvuk2oivijzn6/app.bsky.feed.post/3mimmnoqwsk25","nberlat.bsky.social","Noah Berlatsky","the left has had pretty much zero affect on actual immigration policy and almost none on public debate; the entire public discussion has been about how we need to secure the border and immigration is a scourge.",0,5,29597,1,-15.429058274442,"negative",2026-04-03 21:03:50.153
"at://did:plc:gc4456i6zl3mikfo3k4hmqsl/app.bsky.feed.post/3mimufy36mk24","dogsdadbod.bsky.social","DogDadBod","I'll take the W, but this lie: ""Conservative jurists and politicians, fearful that illegal immigration threatens American society...""

That's not what they ""fear,"" and fear isn't even the right word.

AEI isn't going to call its best friends and sugar daddies fascist white supremacists, but cmon.",0,9,1348,1,-13.0470090100937,"negative",2026-04-03 23:22:41.154
"at://did:plc:p66b7zkep57fp4rhrtktsdni/app.bsky.feed.post/3mimtp7h6cs2s","markhisted.org","Mark Histed","The president should have ZERO authority to destroy the Forest Service like this. 

Agencies are created by legislation. If the president wants to replace fifty research facilities with political employees, he should have to go to Congress for legislation he can sign to do it.",46,82,14423,1,-23.5575342150513,"negative",2026-04-03 23:09:58.853
"at://did:plc:jwhflowbt5yzrjep6ymjzbbu/app.bsky.feed.post/3mily5r3ykk2l","williamjc13.bsky.social","Bill","The Trump Regime keeps lying about unemployment numbers each month. Then reflecting reality two months later. 

The Trump Regime is running a con game. 

The truth is that Trump’s economics policies, and now the idiotic Trump Iran War are harming our economy greatly, while they lie to Americans!",0,0,6913,1,-28.0479761353779,"negative",2026-04-03 14:57:00.954
"at://did:plc:56vhitzpatawvaixtsjzpz67/app.bsky.feed.post/3m77ed4alg22k","meredithea.bsky.social","Meredith Guthrie","Pittsburgh area friends, a message from the Allegheny Health Department! It’s a law that rental units must be able to heat to at least 68 degrees. If your heat can’t keep up, and the landlord won’t fix it, the Health Department can help!",7,10,1279,1,-15.0135428304803,"negative",NA
"at://did:plc:esxlccixnndhgubqemxaayb5/app.bsky.feed.post/3milp2szaac2u","jwsal.bsky.social","John Lubbock","Thanks, it’s looking pretty good in Lambeth and we are on track to take the council from Labour, but it’s going to be a tough job if we do. The council is £1 billion in debt and the housing crisis is out of control. Here’s the polling for my ward.",0,1,3763,1,-3.76221072719949,"negative",2026-04-03 12:14:20.353
"at://did:plc:2i6y4byiim6vydakduuhwvnf/app.bsky.feed.post/3mimfdlpths2f","johnlehman.bsky.social","John Lehman 🇨🇦","This is how inflation is being kept low. And in the mean time, people keep buying.",1,0,6744,1,-8.47065926264108,"negative",2026-04-03 18:52:54.249
"at://did:plc:npvd54yeikvuj3ytmrcwsh4b/app.bsky.feed.post/3milwuvpd4k2r","lalahaenzy.bsky.social","Omg. WTF is Happening?","When top army officers refuse to swallow a sham of a war, fire 'em and get somebody in there who'll do it. Am I right?

Everything's fine. It's fine. It's all fine

#Pinks #Proudblue",70,132,40589,1,-11.9377583232205,"negative",2026-04-03 14:34:12.651
"at://did:plc:lc6hdhnjkgccd6ysi7e23pll/app.bsky.feed.post/3mikhuelbxa2t","bigearthdata.ai","Climate, Ecology, War & More: Dr. Glen Barry BigEarthData.ai","Cleveland community reacts to first report on racism as a public health crisis
->Ideastream | More on ""Cleveland racism public health report"" at BigEarthData.ai | #HumanRights #Racism #PublicHealth",0,0,8304,1,-12.433326000888,"negative",2026-04-03 00:32:45.753
"at://did:plc:hbouwdbn6iwqeb4aalaaljel/app.bsky.feed.post/3mimkywx5dc23","georgeconk.bsky.social","George Conk","I'm attending No Kings's event, “Eyes on ICE: Train-the-Trainer - Immigrants' Rights” - sign up now to join me!  www.mobilize.us/nokings/even...",0,0,497,1,-9.90020772324984,"negative",2026-04-03 20:34:16.153
"at://did:plc:icnhkz323yqn2o5vhixuiiif/app.bsky.feed.post/3milywtbq722s","nomorex61.bsky.social","Wendy the Woke","Someone should maybe tell this guy, that in the 1930s tarriffs made the depression so much worse, contributing to an unemployment rate upwards of 25%.",2,5,10650,1,-6.29103661092232,"negative",2026-04-03 15:11:01.654
"at://did:plc:6dqw3vyjidtkren2fnlcdol6/app.bsky.feed.post/3miguggjnnk2y","nycfootprint.bsky.social","The Footprint","Last fall, The Footprint reported that NYC plans to build thousands of new homes in ""the hole,"" one of the areas identified in this report, while simultaneously offering buyouts to current residents. 

thefootprint.substack.com/p/retreat-or...",0,0,110,1,-11.2169306765635,"negative",2026-04-01 14:07:00.056
"at://did:plc:cfq7lui53meduwclq5eng6hc/app.bsky.feed.post/3milwqrmvys26","donnafasano.bsky.social","Donna Fasano","How are you doing in this economy? Me? Not so well. #TrumpsEconomy #Retirement #FixedIncome #LivingWage #EconomicCrisis #GasPrices #Inflation #CostOfLiving #PriceHikes",0,1,810,1,-2.89471015949476,"negative",2026-04-03 14:31:53.457
"at://did:plc:nc3lnpb2gvkxcqa7lvggffgx/app.bsky.feed.post/3mekkph5u4k2e","ncampusturkey.bsky.social","North Campus Turkey","It also creates issues when houses aren't ""sold"" but instead transferred into trusts and other not-illegal-but-still-shady-AF paperwork shuffles. 

U of M recently bought a house across the street from Ruthven for $1.9 mil. It was a two story, 8 official bedrooms rental property.

Assessed at 288k.",0,2,428,1,-11.8976553371249,"negative",NA
"at://did:plc:xluf6farycwvbtjim5bydfwz/app.bsky.feed.post/3mifuf4cvfk27","ayasinvan.bsky.social","Amina","The more advanced we think we are the more we end up in the past with the same cost-of-living, housing and social inequity crisis linked to oligarchic exploitation & war profiteering. Just like 17th century women had to seek living in convents to survive, modern women today are having to do the same",0,3,1992,1,-21.3744142438966,"negative",2026-04-01 04:33:47.353
"at://did:plc:65mgfx2oprkdjmautl2as73u/app.bsky.feed.post/3milzv6z7z32h","sweetwitch2697.bsky.social","SweetWitch2697🔮🎱🪄-MY OPINIONS ARE MY OWN BEASTLY CONCOCTIONS!","Trump’s new economic theory: “They had high inflation because they had high prices.” Stunning. Genius. Nobel-worthy. 

Meanwhile, he’s the reason families can’t afford groceries. #TrumpsTariffsCostUS",0,2,49762,1,-13.5150614192082,"negative",2026-04-03 15:28:01.649
"at://did:plc:n3wmtivytinwqsvt4zn2lwuf/app.bsky.feed.post/3mimusmuhis2m","akuzee.bsky.social","Aleesa","About 43 percent of the people deported from Minnesota self-deported. 

www.mprnews.org/story/2026/0...",1,1,913,1,-2.87669165399208,"negative",2026-04-03 23:29:46.76
"at://did:plc:iqe5kpebkmo2lm7zeqtl3awx/app.bsky.feed.post/3milaafyurc2e","fedprimerate.com","Prime Rate","New Unemployment Insurance Claims for The Week of March 28, 2026: 202,000

> 4-Week Moving Average: 207,750 < 

MORE: >> economy.fedprimerate.com/2026/04/USA-... <<

MORE: >> bit.ly/Jobs-Data <<

#Jobs #Jobless #FedPrimeRate #Economy #Employment #LaborForce #Work #Labor #Unemployment #USA #Careers",1,1,1510,1,-8.43169083677015,"negative",2026-04-03 07:48:59.355
"at://did:plc:lc6hdhnjkgccd6ysi7e23pll/app.bsky.feed.post/3mimgmlfdxs2m","bigearthdata.ai","Climate, Ecology, War & More: Dr. Glen Barry BigEarthData.ai","House Democrat Wages a Lonely Legal Fight Testing Congress's Power
->New York Times | More on ""Democrat's lonely congressional legal fight"" at BigEarthData.ai",0,0,8304,1,-12.5262639965472,"negative",2026-04-03 19:15:50.169
"at://did:plc:6aynxzwotcoygqct5qvqbol3/app.bsky.feed.post/3mifzkuilw22d","dcjohnson.bsky.social","Dave Johnson","People who talk about ""boost the birthrate"" while also talking about restricting immigration"" are talking about RACE.

""Immigration"" is not about immigrants, it is about RACE.

""Anti-immigrant"" is racial hate, nothing else.

www.theguardian.com/world/2026/a...",3,6,5502,1,-9.06290027789258,"negative",2026-04-01 06:06:17.952
"at://did:plc:xhag7l4lvrgs2phowi3kcjgx/app.bsky.feed.post/3mim7cud7ec2q","toriastan.bsky.social","","The Iran war is making everything more expensive for us, but some companies are cashing in. Don't think that's right? Sign the petition now demanding they are taxed more on their record profits to help us all with the cost of living. you.38degrees.org.uk/petitions/ra...",0,0,2,1,-50.5839688228109,"negative",2026-04-03 17:05:09.85
"at://did:plc:msve5lvhkeivfe36c6txgqvz/app.bsky.feed.post/3mimodwqtws2f","molossus-spondee.bsky.social","Molossus Spondee","Anyhow I'm not the one calling the shots and setting immigration policy.

If I had the choice, I would prefer that surplus capital be invested in immigrants over colonizing other places.",0,0,523,1,-8.44434195432371,"negative",2026-04-03 21:34:09.657
"at://did:plc:s5nclol2oc5bxf3soac6zseo/app.bsky.feed.post/3mikd54pr5c2s","djw172.bsky.social","David Watkins","I used to be annoyed that Mayor Harrell was so disinterested in housing that he was running years behind on the Comp plan. I retract that annoyance; thanks for being lazy, Bruce, as your laziness created the opportunity for a Mayor who takes the housing crisis seriously to do it right.",1,0,1296,1,-10.6186727117941,"negative",2026-04-02 23:08:09.757
"at://did:plc:xbpumlrltt5nfegclzdsvcjy/app.bsky.feed.post/3mimoh2xdec2s","petemarchetto.bsky.social","Pete Marchetto","... dividing the Labour Party into 'You've got your Labour who want to see the NHS waiting lists down, you've got your Labour who want small businesses to function, and you've got your Labour who want to cut immigration.'

The difference between Labour and Greens is that very often Labour...",0,0,3336,1,-7.62211773148862,"negative",2026-04-03 21:35:55.511
"at://did:plc:yia32mmvjgbrcgrpeaaeiitp/app.bsky.feed.post/3mimtuawzfs2o","nauga54.bsky.social","","Workers trickled on down to the unemployment office.",0,0,142,1,-2.69176931549807,"negative",2026-04-03 23:12:46.956
"at://did:plc:cllvvcq2lob2wyfeyoglhq57/app.bsky.feed.post/3mimogg6vnc2a","toobiefrank.bsky.social","Doobie Frank","Birthright citizenship was instituted in 1868. In 1868 there were no illegal aliens. Immigration was open and unconstrained. The anglos said to the world, see all this land we stole? Come take some.",0,0,366,1,-14.2896239912536,"negative",2026-04-03 21:35:33.257
"at://did:plc:bunwniu7nq7peq4dyypnv4te/app.bsky.feed.post/3milwag4a2s2r","janetbufton.ca","Janet Bufton 🍁🌻","Conservative leader promises demand strategy for a supply problem, hopes you won't think about whether this mistake should influence how we think about him and the housing crisis.

CPC is just not a party guided by economic literacy—though many economically literate Conservatives still hope it is.",0,4,3717,1,-11.5454347435355,"negative",2026-04-03 14:22:41.153
"at://did:plc:74677gbavhfxv6ymey2bamds/app.bsky.feed.post/3mimw3pqcb22c","jr1a1.bsky.social","JR1a1","Every fucking person who didnt vote for Kamala because they couldn't figure out this was coming now gets to learn that a political party that controls the military, secret police force, & has almost their entire side stockpiled with long guns/mass ammo/body armor are not going to be removed by 9MMs",0,1,20178,1,-19.6708290176074,"negative",2026-04-03 23:52:44.758
"at://did:plc:75oj5atcnn4yhegnwuuk2laq/app.bsky.feed.post/3milwrprekz26","austin.thesocial.news","Austin News","US labor market rebounding as 178,000 jobs added in March, well above expectations",0,0,237,1,-1.84934238534547,"negative",2026-04-03 14:32:23.251
"at://did:plc:nvuh2ztq3kknczrpa7vebhfk/app.bsky.feed.post/3ma4wexnh2c2t","capitalandmain.bsky.social","Capital & Main","In its statement, the company spokesperson for Jamison said many of the issues raised were “completely wrong and/or misleading” but did not comment on many of the specific problems the reporting found.
capitalandmain.com/this-big-l-a...",0,1,3653,1,-11.024558783916,"negative",NA
"at://did:plc:h6jcxdqmpgtal7moeg6owqmo/app.bsky.feed.post/3miejqbrmv22n","easterneye.bsky.social","Eastern Eye News","UK property market faces slowdown as energy crisis hits affordability
 
#UKProperty #HousingMarket #RealEstate #CostOfLiving #EnergyCrisis #MortgageRates #UKNews #PropertyMarket #EconomicOutlook #AffordabilityCrisis

www.easterneye.biz/uk-property-...",1,0,6303,1,-8.54970246998153,"negative",2026-03-31 15:51:13.461
"at://did:plc:lmkfrtczdumi7qksb74yz5nh/app.bsky.feed.post/3milzxkpog22z","rockymountviews.bsky.social","ROCKY MOUNTAIN VIEWS","Wait until the ""War Effect"" kicks in.

Inflation is soaring. Gas prices are high. People won't be eating out as much or buying non-essentials. This will slam the economy in no time.",5,27,26936,1,-14.769608509497,"negative",2026-04-03 15:29:22.752
"at://did:plc:5mu44cojafmxj6h3yaihy2nl/app.bsky.feed.post/3mimvarfjzs2h","arrianna-planey.bsky.social","Arrianna Marie Planey, PhD MA","On the politics of desert & welfare program design:

""In 1935, Congress passed the Social Security Act, which established federal “social insurance” programs for old age and unemployment."" www.thedriftmag.com/fraud-with-b...",2,3,25557,1,-10.1772609235288,"negative",2026-04-03 23:37:41.355
"at://did:plc:4ohgm56lvrcj6p7kjgxz5wey/app.bsky.feed.post/3milifjqbfc2u","flingjore.com","Flingjore","Labor Department expects a 60,000-job rebound in March following February’s sharp decline. While the unemployment rate holds at 4.4%, economists warn the Iran war and surging oil prices pose significant downside risks to hiring and consumer spending for the remainder of 2026.",0,5,25027,1,-11.423509211003,"negative",2026-04-03 10:15:01.352
"at://did:plc:dess7o22pgewngutghzd3v5i/app.bsky.feed.post/3milyckgs522z","mogigo.bsky.social",NA,"All the US had to do was pay the lower middle class their wages, they couldn't pull it off even after the greatest wealthj generation in human history.

The Boomers are a failed generation.",0,1,1170,1,-5.2538656039772,"negative",2026-04-03 14:59:41.554
"at://did:plc:443arya3g7jvqz5jyr75555x/app.bsky.feed.post/3mimq4dcq422x","mike-umbkm.bsky.social","Mike","Pete Hegseth has fired the Army’s top officer, Army Chief of Staff Randy George, in his battle with the top brass ... as the U.S. military wages a war in the Middle East.",0,0,1245,1,-12.5993111383622,"negative",2026-04-03 22:05:43.962
"at://did:plc:vpomxow4ya624vlvlvbox74x/app.bsky.feed.post/3miguzhzzcc2r","migrantsorganise.bsky.social","Migrants Organise","Join Migrants Organise on April 8 for an online public rally ahead of the National Housing Demonstration on April 18! 🔥

We know the housing crisis affects everyone and the right solutions benefit everyone.👇

actionnetwork.org/events/onlin...",0,1,1481,1,-14.7130172740162,"negative",2026-04-01 14:17:40.957
"at://did:plc:iwp4eugeq6zpoqbqc64tklmc/app.bsky.feed.post/3mimhgt2ais2n","vigorwealth.bsky.social","VigorWealth","💎 “Profits are better than wages. Wages make you a living; profits make you a fortune.”
- Jim Rohn, America’s Foremost Business Philosopher
📈 Each passive income stream you add is one less hour you have to trade for money
✍️ How many income streams are currently working for you right now?",0,1,79,1,-21.1489234719534,"negative",2026-04-03 19:30:30.955
"at://did:plc:k5nmo3cldizias23xwrq43wo/app.bsky.feed.post/3milsql3k3s2q","hangtight.bsky.social","Hangtight","The wages he said he ""donated"".🙄",0,1,20115,1,-3.35674561909132,"negative",2026-04-03 13:20:09.754
"at://did:plc:jdp2nedmb2ptvhspm2p2lo4i/app.bsky.feed.post/3mf5qh5neic2s","kitkat619.bsky.social","Kat Brewer","I still really miss my Sienna that was destroyed in 2020. Because of covid supply chain issues, the 30 days rental car limit from insurance, and the whole dealing with everything to get the pay off, I couldn't get another Sienna at the time. 😭",0,0,7952,1,-12.6861126974891,"negative",NA
"at://did:plc:ynnjdc266skhlzbrih2hcyic/app.bsky.feed.post/3mfvscqaj3s2a","tulsisdeepstate.bsky.social","Elonia Shitweasel Fuckface","Cool. So next time I‘m having issues with my shitty neighbor I‘ll just walk over and shoot his ass, right? I mean he deserves it bc he‘s a dick to his wife and kids and I think he‘s also doing drugs. Nice side benefit: Once he’s gone I can buy his house and turn it into a rental property. Sweet!",1,15,1242,1,-30.0924608019899,"negative",NA
"at://did:plc:znmbqt6jnsc52u363pxbf7yp/app.bsky.feed.post/3mimtna7fl22w","truthseeker19.bsky.social","","This morning: Trump is threatening to destroy Iran’s bridges and power grid, with international law experts warning those strikes could constitute war crimes

www.rawamerica.com/p/trump-thre...",2,0,6664,1,-13.39781883458,"negative",2026-04-03 23:08:51.25
"at://did:plc:rqfwe6m3m5t54r5kytcvkzqu/app.bsky.feed.post/3milv26ls522g","3dogdad.bsky.social","3 Dog Dad","I doubt the books are being cooked, but destroying immigration means the breakeven number for static unemployment rate is much lower than previously assumed, while the error bars around the estimate haven't really changed or maybe increased. So we will see this pattern a lot (⬇️133k!  ⬆️178k!)",0,1,514,1,-13.5758575234909,"negative",2026-04-03 14:01:19.653
"at://did:plc:e3muwdrmcwi33ogiwys3y2gd/app.bsky.feed.post/3mim3q7d4rc2c","pidgeinn.bsky.social","hi","Anyway. Going to try and draw. I'm trying to use all of this free time to make actual progress on my creative projects but the depression and anxiety around the unemployment are making it harder to Do Anything.",0,2,1768,1,-14.9748030021644,"negative",2026-04-03 16:01:01.16
"at://did:plc:armei5hqdnmn3s2vfexm2nqh/app.bsky.feed.post/3mimslhlkv22v","kilisutsailor.bsky.social","kilisutsailor.bsky.social","I was already mad at the Gray Lady for their political sabotage. Now they're ignorant too.",0,2,729,1,-7.25871828866597,"negative",2026-04-03 22:49:59.157
"at://did:plc:7p6w4wuijxq7f2bdtcnpk2gf/app.bsky.feed.post/3mimheqbv7s2i","nbeaudrot.bsky.social","Mr. Nick Beaudrot","""Josh Lyman did nothing wrong he joked with a reporter that President Bartlet had a secret plan to fight inflation"" okay Grandpa let's get you to bed.",0,1,1247,1,-8.66303115528854,"negative",2026-04-03 19:29:21.156
"at://did:plc:mlffvntqszhj5656k42wz75b/app.bsky.feed.post/3mimaeehy7s23","chrissy525.bsky.social","","178K jobs added in March 2026 & the unemployment rate falls to 4.3%.  I hope I'm wrong, but this feels like fake data.",0,0,848,1,-3.97270316096014,"negative",2026-04-03 17:23:52.958
"at://did:plc:bcjjfiwojaixucdtemqhpv6e/app.bsky.feed.post/3milreznty223","ruoshuiresearch.bsky.social","Ruo Shui","bonds focusing on unemployment over payroll (and weak wages into more contractionary fiscal policy) -> yields up -> stocks pressured by risk premium",0,4,28539,1,-7.36147802262373,"negative",2026-04-03 12:55:48.552
"at://did:plc:4i257d4kttcuwtfips5qfjf7/app.bsky.feed.post/3mfpl3kekh22p","suzannerent.bsky.social","Suzanne Rent","Fact checking Fillmore: No, Mr. Mayor, the landlord survey is not a scientific study

Story by me

www.halifaxexaminer.ca/government/c...",6,30,4576,1,-2.96370303098171,"negative",NA
"at://did:plc:3ip6nmfnzvu7wusgmma4yxai/app.bsky.feed.post/3milrltvsck2w","queenofthesouth.bsky.social","Kayla B","There are six million Americans who are unemployed and want a job but aren’t counted in the unemployment numbers because they’re not “actively “ looking for work. SIX MILLION",4,9,8487,1,-9.92334571354786,"negative",2026-04-03 12:59:37.049
"at://did:plc:5bhk3dte4f7d27xohv7l4xmq/app.bsky.feed.post/3milyt5mqpc2v","oshetjimmy.bsky.social","Dr. Jimmy Oshet","War-Driven Inflation: Global crude hitting $120/barrel due to the Iran conflict is crushing U.S. imports. 

This is the ""intervention tax"" Americans didn't vote for. 🚩

www.chathamhouse.org/2026/03/us-e...",0,0,12707,1,-12.1930614087937,"negative",2026-04-03 15:08:59.853
"at://did:plc:wntfmdnhjbogre6y5tuhm3et/app.bsky.feed.post/3milv3yzafk2c","nicktimiraos.bsky.social","Nick Timiraos","A falling unemployment rate alongside an unwind of the big drop in February payroll growth suggests the labor market may be in better shape than it appeared, at least before the war hit—or, at a minimum, that it wasn't getting worse.",0,14,72049,1,-4.20768116992135,"negative",2026-04-03 14:02:21.088
"at://did:plc:la3n4ombjzgsm7kmio2juo6o/app.bsky.feed.post/3m7til3imqvn2","dyckron.mstdn.ca.ap.brid.gy","Ron Dyck","""Canadian rental prices could hit a floor sooner than expected because of a significant underestimation of people sharing homes due to affordability issues, according to new research from CIBC Economics.""

'Shadow demand': Why Canadian rents could hit a floor sooner than expected […]",0,0,284,1,-15.5889069753839,"negative",NA
"at://did:plc:7q3ol7ysscwztvwuvaxndjyr/app.bsky.feed.post/3mim2qhppd22i","geekinagoonshell.bsky.social","GeekinaGoonshell","I think it just goes to show that it was never about high prices, low wages, ending all wars, or healthcare. It was all about hate",1,0,906,1,-13.8678224638257,"negative",2026-04-03 15:43:15.257
"at://did:plc:sb6sae33ecmiq26fx4jk3qn5/app.bsky.feed.post/3mieciay2qk2q","kokorohikari.bsky.social","kokoro","or their income because our genius (derogatory) politicians are like well if you live together you have to pay the costs together which discourages people to live together, makes it harder to move out due to all parties involved now being able to save less especially in this housing crisis we've",0,0,246,1,-17.0129260916094,"negative",2026-03-31 13:40:31.474
"at://did:plc:3zjnyvbl46mlgvozpgpi4udl/app.bsky.feed.post/3milscssfkk2x","lostwaegis.bsky.social","Will Aegis","Really weird to see headlines like this which suggest something's going well when we all knew that (1) striking healthcare workers would go back to work at some point and (2) most of the layoffs during the initial AI push would need to be replaced because AI can't actually do most jobs they promised",0,1,343,1,-13.662143845211,"negative",2026-04-03 13:12:29.756
"at://did:plc:zsym3i5j7rxzwwkei2yroics/app.bsky.feed.post/3mimffrna5k2s","pinkslurryclub.bsky.social","Orestes, pursued by the Furries","Parachuting to the ground in Iran constitutes illegal immigration.",1,0,315,1,-5.26628812397576,"negative",2026-04-03 18:54:07.853
"at://did:plc:r2tcruy5otq4q3q36qdugmp3/app.bsky.feed.post/3mimsc7pehk2o","ted-zook.bsky.social","Ted Zook","‘Lowest of any president’: Pollster floored as Trump’s net approval sinks to new low",0,0,326,1,-7.45109018131342,"negative",2026-04-03 22:44:48.955
"at://did:plc:t6femhxvp7nci7pr6xrxqhkc/app.bsky.feed.post/3mim3g2ytcc2s","astral-aberration.bsky.social","Astral Aberration","Should we be allowing these companies to both profit from us and the war whilst at home bills are rising with haste and in Iran people are being murdered in a war started on the dubious, if not non-existent premises that have been presented to us all?",0,0,55,1,-18.6989198232546,"negative",2026-04-03 15:55:23.658
"at://did:plc:jhl5blv5ru2rfw6y7urtjefx/app.bsky.feed.post/3mimuo476rs2y","hades69099.bsky.social",".","with my temperment maybe I won't hit the same highs, but I also don't take as big of risks, I'm less likely to do something crazy and awful, I'm more resistent to the impulse to do some sort of political killing, I'm too selfish to sacrifice myself for that, maybe i could understand why you would",0,0,27,1,-10.3920362251725,"negative",2026-04-03 23:27:13.555
"at://did:plc:esm5y5a6zzuislfbttvncwqb/app.bsky.feed.post/3mie2wx6zbk2a","devilsadvocatec.bsky.social","AlexHaha🃏🌹","Adam McKay doing what he can to expose some of the biggest TRUE conspiracies of our lifetime like the 2008 crash, housing bubble, Duck Cheney’s Iraq war, climate crisis denial and now the Epstein Cabal is some of the most important filmmaking of this century. Can’t wait for this series.",1,3,707,1,-16.9813377730361,"negative",2026-03-31 11:25:35.05
"at://did:plc:yrmnzlysudtkavowiqgdzatl/app.bsky.feed.post/3mimocrycjk26","mistermeyer.bsky.social","Raoul Meyer","hard to blame the left for not shifting the debate about the benefits of immigration when the that message from the right is also ignored: 
www.congress.gov/118/meeting/...

www.bushcenter.org/catalyst/nor...",0,2,1095,1,-6.41896763391415,"negative",2026-04-03 21:33:31.141
"at://did:plc:du6rft74siq54zvn5vdqnq4m/app.bsky.feed.post/3mik4axham22u","mich-mama-bear.bsky.social","Michigan Mama Bear","Trump isn’t fixing the housing crisis — he’s lighting it on fire.
❌ Reckless tariffs that jack up building costs
❌ Gutting HUD
❌ Rolling back civil rights protections
❌ Turning ICE loose in neighborhoods
Families pay the price. #TrumpsTariffsCostUS",1,1,4388,1,-29.545496131608,"negative",2026-04-02 21:05:07.465
"at://did:plc:llj6l7mhboxxclsy7yzokrm4/app.bsky.feed.post/3miltg73glk22","ptoksik.bsky.social","Ptoksik","The Iran war is making everything more expensive for us, but some companies are cashing in. Don't think that's right? Sign the petition now demanding they are taxed more on their record profits to help us all with the cost of living. you.38degrees.org.uk/petitions/ra...",0,0,2371,1,-50.5839688228109,"negative",2026-04-03 13:32:18.451
"at://did:plc:ojklntf2pojm2x3ltzbsun63/app.bsky.feed.post/3milgewbfdk26","alexander1954.bsky.social","Alexander1954","The Iran war is making everything more expensive for us, but some companies are cashing in. Don't think that's right? Sign the petition now demanding they are taxed more on their record profits to help us all with the cost of living. you.38degrees.org.uk/petitions/ra...",0,0,115,1,-50.5839688228109,"negative",2026-04-03 09:38:55.956
"at://did:plc:63jl2kbrry5ocbpy4jwhoi4r/app.bsky.feed.post/3mimhvk5pk222","lfeatfan.bsky.social","Rick H","How about spending the money on immigration judges to address the claims that the immigrants have filed instead of warehousing them for indeterminate times while waiting to have their cases reviewed. Why are we supporting private companies to build and operate these detention centers.",0,1,1267,1,-9.35058235034436,"negative",2026-04-03 19:38:41.452
"at://did:plc:otki34semkisfmr6utsdgdta/app.bsky.feed.post/3milwtzyuvs2a","quilowisp.bsky.social","Quilo Wisp","And 9 11 and multiple economic crashes and the global rise of fascism and rising unemployment rates and destruction of old growth forests and selling nature preserves to foreign mining companies and the gutting of aid programs and bribing the rich with more wealth and poisonous data centers and",0,2,1323,1,-12.677915930285,"negative",2026-04-03 14:33:41.961
"at://did:plc:dyt7gakwpxnkryqv64z3ol3g/app.bsky.feed.post/3mimjbd6jwk2z","bcisleman.bsky.social","BCISLEMAN","I just wrote a @FaithfulAmerica letter: Tell your senator: Do NOT confirm Markwayne Mullin. Write one here: actionnetwork.org/letters/tell...",0,0,841,1,-12.7085855533412,"negative",2026-04-03 20:44:42.757
"at://did:plc:x6ce4rwf34b2x34jrf4sxkb6/app.bsky.feed.post/3mijb5zi5ck2l","a-random-npc.bsky.social","A Random NPC","This truck has been in the shop for almost two months now, and every time they think they have the issues fixed, something else pops up. Toyota is actually sending someone out from their research division to look at it.

Luckily, they gave him a free rental and have him set up for a new lease.",0,7,1186,1,-20.0987669815676,"negative",NA
"at://did:plc:uzfcclptfcmpwx3wzi6vhmrb/app.bsky.feed.post/3midkkf6u5223","flipvh.bsky.social","Flip van Haaren","Plenty of reasons to worry about data centers. Primarily about what we should do with our energy (resilience) in midst of a housing crisis, big tech dominance and a possible WW3 incoming... We do not need ambiguous or even misleading research however. I was already sceptical and this confirms it.",1,4,572,1,-8.77284602129574,"negative",2026-03-31 06:32:13.761
"at://did:plc:mljtd6tnpx6b37ztz566mgj4/app.bsky.feed.post/3mims565vmc2x","cdaleco.bsky.social","CdaleCO","The patriarchal evangelical GOP want to keep women in their place in the kitchen, pregnant and out of any political office or any career opportunity. They are simply misogynistic dickheads.",0,0,16606,1,-10.3189890833575,"negative",2026-04-03 22:41:57.658
"at://did:plc:llyib2qojznvswvelaiakjfp/app.bsky.feed.post/3mim7mcnyw725","market-ocean-en.bsky.social","marketocean - EN - BETA VERSION","already struggling to expand. The result is a narrowing corridor for Italian fiscal policy. With growth downgraded and borrowing costs anchored by ECB rates calibrated to broader eurozone inflation, Rome's room to stimulate through spending shrinks precisely when the economy may",0,0,1316,1,-9.26656617715879,"negative",2026-04-03 17:10:24.759
"at://did:plc:llyib2qojznvswvelaiakjfp/app.bsky.feed.post/3mimnksp6x32h","market-ocean-en.bsky.social","marketocean - EN - BETA VERSION","lenders have raised borrowing costs amid mounting geopolitical risk and renewed inflation concerns. The move extends a recent run of increases that now presents a pointed challenge for central bank governance on both sides of the Atlantic.",0,0,1316,1,-15.0191388159844,"negative",2026-04-03 21:20:06.55
"at://did:plc:elr6k5vbceon7v3k7doqrt3n/app.bsky.feed.post/3mif3rydo3s2h","n3w4v3.bsky.social","Virgil","“Capital gains discount and negative gearing turbocharged property speculation and pushed up prices”… Doh! #auspol
www.theguardian.com/australia-ne...",0,0,688,1,-4.23221435644522,"negative",2026-03-31 21:13:25.75
"at://did:plc:vyaan5mth2ce6jj6csygbhza/app.bsky.feed.post/3milzlb4mgc2y","johndroutsas.bsky.social","John Droutsas","This frames the overriding upcoming election issue:  vote Republican and get more wars, more inflation, more chaos at home, less healthcare or vote Democrat and finally start getting something for yourself. 

www.npr.org/2026/04/03/n...",0,0,240,1,-12.8292943459458,"negative",2026-04-03 15:22:28.659
"at://did:plc:zzdjjltbk42t3t6sz6fmbmde/app.bsky.feed.post/3milqzxwo4c2x","joebrusuelas.bsky.social","Joe Brusuelas","We think that underlying labor demand remains soft as this data does not reflect adverse impact on the economy caused by war and inflation that will drive down real wages in coming month. #Econ #EconSky",2,13,3151,1,-22.4699448660273,"negative",2026-04-03 12:49:37.425
"at://did:plc:rlbwwm4iqolivzsnrprxu5si/app.bsky.feed.post/3mimcuqe7nc2y","reallydebl.bsky.social","","Well, since he kept our inflation points under everyone else’s, raised wages above inflation, created jobs, invested in infrastructure & green projects, invested in factories in depressed areas — yeah it was the best economy in the world and economists said so.   Heavens, he invited someone to the…",0,4,3330,1,-13.3249596750952,"negative",2026-04-03 18:08:49.254
"at://did:plc:nj7iog6v4yov2e7tctmwq6n3/app.bsky.feed.post/3mimjrle4522e","kimoco.bsky.social","Kim","""A legal permanent resident was taken into custody by nearly a dozen U.S. Immigration and Customs Enforcement agents.His attorneys said he was detained on the grounds that he is a foreign policy threat."" 
Hard not to assume they do not like his SPEECH as he has no criminal record in USA in 30 years",1,2,4800,1,-16.1614261681552,"negative",2026-04-03 20:12:18.856
"at://did:plc:fr6mjtupisjnidpg2vixu3p2/app.bsky.feed.post/3milqk6ta732m","vernonreporter.com","VernonReporter.Com","Wisconsin’s economy, along with the nation’s, is cooling, the state’s labor department reported Thursday, with unemployment up slightly in January and jobs trending down from January a year ago
https://vernonreporter.com/report-wisconsin-job-market-is-cooling-but-not-as-much-as-the-nations/",0,0,373,1,-7.0329739556517,"negative",2026-04-03 12:40:47.559
"at://did:plc:fthd2r2pzdagikd6l7uzacf2/app.bsky.feed.post/3mimvqbbndc2s","dbc.bsky.social","Design by Committee","The most successful counter I've found is pointing out that saving each and every tree is prioritizing trees over human lives.

We have so many people forced to live on the street. We've had a housing crisis my entire adult life.

Yet we're talking about individual trees in wealthy neighborhoods 🙄",1,5,566,1,-30.3650440790423,"negative",2026-04-03 23:46:20.057
"at://did:plc:cewspnfqayla2fj7zauk45fk/app.bsky.feed.post/3mimhdwsih22j","hjklovesanimals.bsky.social","Heatherjoy Klein","House Democrat Wages a Lonely Legal Fight Testing Congress’s Power www.nytimes.com/2026/04/03/u...",0,0,14078,1,-7.26876862451947,"negative",2026-04-03 19:28:56.157
"at://did:plc:drylg57xl7u4ds2tpetl3srl/app.bsky.feed.post/3mijpjv2ggc27","localcryptideli.bsky.social","Local Cryptid","We are having sentences and readings about the housing crisis during German class, the depression is real :/",0,1,224,1,-5.47700915529141,"negative",2026-04-02 17:17:26.259
"at://did:plc:uw6blrysemru3p2kvwqoc6xq/app.bsky.feed.post/3milxovfy2s2g","subconsciousproxy.bsky.social","Subconscious Proxy","A food inflation crisis is coming
unherd.com/newsroom/a-f...

#News #Economics #Politics #OptimumOutput",0,1,20,1,-8.45823674264252,"negative",2026-04-03 14:48:42.951
"at://did:plc:llyib2qojznvswvelaiakjfp/app.bsky.feed.post/3mim7lwlrdk2s","market-ocean-en.bsky.social","marketocean - EN - BETA VERSION","deterioration from prior expectations and a political headache for Prime Minister Meloni's government. The timing sharpens the picture. On the same day, the U.S. Bureau of Labor Statistics reported nonfarm payrolls expanding above Wall Street expectations, with unemployment",0,0,1316,1,-21.6730809205961,"negative",2026-04-03 17:10:11.952
"at://did:plc:443arya3g7jvqz5jyr75555x/app.bsky.feed.post/3mim74m23ks2x","mike-umbkm.bsky.social","Mike","DUI hire Pete Hegseth asked Army Chief of Staff Gen. Randy George and at least two other generals to step down from their posts ..... as the U.S. wages war with Iran.",0,0,1245,1,-13.2924583189222,"negative",2026-04-03 17:01:39.554
"at://did:plc:wgrn5kjdkvgwj4iakbx2ocjh/app.bsky.feed.post/3mimw7fbues24","coffeeanyone.bsky.social","Coffeeanyone","Well, inflation is here and it's up 20%",0,0,138,1,-2.20156297893482,"negative",2026-04-03 23:54:48.954
"at://did:plc:u54yfeih3fxautldw5gua4gh/app.bsky.feed.post/3mig26iju7s2n","pentastich.bsky.social","Jim Mayer 🇨🇦","3/ a practical bike & roll network, prioritized new infill housing so more people can afford to live close to the things they need, created a more pedestrian friendly downtown, and advocated for better transit. All through a pandemic and a housing crisis. They've done well.",0,1,821,1,-19.6959026551595,"negative",2026-04-01 06:17:14.012
"at://did:plc:czkvi32qneqeteonvgtiu3dn/app.bsky.feed.post/3mig4z2okek2g","reidfoundation.bsky.social","Jimmy Reid Foundation","Politicians hoping to persuade young people in the UK to have more children, to address the aging population, should prioritise tackling housing affordability, according to research by the Resolution Foundation thinktank. www.theguardian.com/world/2026/a...",1,2,708,1,-7.83408243356953,"negative",2026-04-01 07:07:57.753
"at://did:plc:bp443bik6ix4y4lc3whviqkz/app.bsky.feed.post/3mimj6djujk2o","duckieisevil.bsky.social","Darren","Denmark’s immigration policy is actually good when you listen to why it was brought in.",0,0,85,1,-3.76221072719949,"negative",2026-04-03 20:01:33.861
"at://did:plc:utowcbf5zh34scxvus7v4p6c/app.bsky.feed.post/3mimuosi5ac2p","jawalker.bsky.social","OGBobbyJoshson","Trump is doing Democrats a real favor. He’s proving that you can’t convict your political enemies just because you want to. Crimes actually have to be committed. Democrats should hammer this home when the media predictably accuses them of pol retribution when the convictions come rolling in.",1,6,3365,1,-27.6250805841186,"negative",2026-04-03 23:27:36.849
"at://did:plc:czgbbyotd2tprcj3yc3ewxpv/app.bsky.feed.post/3mimiezgmlc22","zonkerharris.bsky.social","Zonker Harris","Somehow, I don't believe a word this administration says, or a report they release.

apnews.com/article/jobs...",0,0,15025,1,-9.26265227783766,"negative",2026-04-03 19:47:24.462
"at://did:plc:zlp64mrkon4y54pzynfrcn3y/app.bsky.feed.post/3mimtvsjnuk2b","bewareblackdog.bsky.social"," Pirate 📎","I think we've moved on from religon being an opiate for economic & social inequality.

If only there was a political party that sought to improve the living standards of the masses...",0,4,486,1,-8.69380281395529,"negative",2026-04-03 23:13:37.953
"at://did:plc:qbtjb26eqbpasxhyoyl2lzh5/app.bsky.feed.post/3milq7zrg7s2q","calculatedrisk.bsky.social","Bill McBride","Total nonfarm payroll employment increased by 178,000 in March, and the unemployment rate changed little at 4.3 percent, the U.S. Bureau of Labor Statistics reported today.",1,14,56955,1,-9.85880719241029,"negative",2026-04-03 12:35:08.554
"at://did:plc:c4o2t7j2fbx7a4pftcaehor5/app.bsky.feed.post/3milynmm36c2y","krysklear.bsky.social","Krys Klear","How can March numbers be better. Because more people fell off of unemployment and can’t be counted?",0,0,1022,1,-9.35058235034436,"negative",2026-04-03 15:05:52.355
"at://did:plc:wddwaq4bg6rkca2p33pasv4q/app.bsky.feed.post/3mimwfka4as22","joejoejp.bsky.social",NA,"People say, political violence is not the answer! Well, having Trump remain in office isn’t either! There is only one choice and somebody better make it soon or we are going to have a world of kings!",1,6,17765,1,-15.8836441798851,"negative",2026-04-03 23:58:14.452
"at://did:plc:76xgimdukn5jbm5czmon7fxy/app.bsky.feed.post/3mikzg4wgyk2a","emilynine.bsky.social","","I read the acknowledgements in The Tainted Cup and saw the author had thanked @jerusalem.bsky.social for writing ""On The Housing Crisis"". I finally borrowed it from Libby, and read it in a single evening! It's a great intro/overview of US housing policy. Praying (and voting) for a better LA...",0,0,97,1,-12.1207988884391,"negative",2026-04-03 05:46:56.345
"at://did:plc:crjgsju3qbtztj7sfgq3lrhh/app.bsky.feed.post/3mijl6oc4ls2j","misernyc.bsky.social","Miser","Ebikes ARE Evs, and don't cost tens of thousands of dollars. That's why. You can't solve an affordability crisis by telling everyone to go buy something that is likely be their most expensive cost besides housing and out of the reach of the average person anyway",1,3,6095,1,-23.0120230332974,"negative",2026-04-02 15:59:33.454
"at://did:plc:xn7kmu3u7hnhff74vvepytli/app.bsky.feed.post/3mils6lyvdc24","kingmetalzel.bsky.social","KingMetalZel - キングメタルゼル","“He apply for unemployment?  More like “future employed” it counts!”",0,0,373,1,-4.48352878472613,"negative",2026-04-03 13:10:06.455
"at://did:plc:ftgdv7ztqhfijhe3wjhvnfht/app.bsky.feed.post/3mig4rmknhc2t","elligh.bsky.social","","Policymakers should address financial barriers that hinder young people from starting families, says thinktank
www.theguardian.com/world/2026/a...",0,0,322,1,-3.04659069078748,"negative",2026-04-01 07:03:44.553
"at://did:plc:2yp6g7aqepdbjup33qrosebv/app.bsky.feed.post/3mie5lvo44k2d","zackpolanski.bsky.social","Zack Polanski","This government can't be trusted to end the housing crisis because its ministers are bought and paid for by the developers, landlords and corporate interests who profit from it.",177,525,76276,1,-14.292705657791,"negative",2026-03-31 12:13:05.982
"at://did:plc:7mbo4m36vsxtvro37pizdxos/app.bsky.feed.post/3mijfn6jdq22j","jdnicoll.bsky.social","James Davis Nicoll","US embraces bold solution for housing crisis.",2,14,3643,1,-3.17442406229737,"negative",2026-04-02 14:20:16.65
"at://did:plc:pboltvj6wr6gaituw2s6mrwq/app.bsky.feed.post/3miltvr7mjk2e","elisegould.bsky.social","Elise Gould","The Black unemployment rate continues to be much higher than white, but appears to be trending down as their employment ratio holds steady. It's a more volatile series so I'd be cautious to say more at this point.
#NumbersDay",2,4,3499,1,-5.19242432225421,"negative",2026-04-03 13:40:59.155
"at://did:plc:gqzqp5ogryi7wjauo3a2whic/app.bsky.feed.post/3mimemzawrs2e","supportinglife.bsky.social","","The Iran war is making everything more expensive for us, but some companies are cashing in. Don't think that's right? Sign the petition now demanding they are taxed more on their record profits to help us all with the cost of living. you.38degrees.org.uk/petitions/ra...",0,0,88,1,-50.5839688228109,"negative",2026-04-03 18:40:19.36
"at://did:plc:plsupqslfqg3rphcqw2rzbx3/app.bsky.feed.post/3mcbbvhvcs22s","timladerach.bsky.social","Tim Laderach","Second question. Affordability. 

EBP first. Has active bills right now. Housing affordability bills, preserve existing affordable housing. Prevent evictions. Housing rental application fees. Anti rent gouging bills. 

Childcare crisis — budget amendments to address access issues.

Healthcare.",0,2,425,1,-22.5607798114898,"negative",NA
"at://did:plc:tnjkngvzaveyt2lhg3dnixnx/app.bsky.feed.post/3mim3f6lml225","bedwardstiek.bsky.social","Brian Edwards-Tiekert","And describe what inflation measure you're using to get constant dollars (national CPI? Regional CPI-U? CPI ex-housing?)",0,0,635,1,-8.15220553152255,"negative",2026-04-03 15:54:50.861
"at://did:plc:5zngi6urpjzmmz7tcbizswji/app.bsky.feed.post/3milytwxlfw2p","bosschopper.bsky.social","","Prices of everything going up, wages aren’t moving, jobs are becoming harder to get

Where exactly are we heading?",0,2,286,1,-10.7889927126033,"negative",2026-04-03 15:09:24.553
"at://did:plc:mkty2we4pvmch3kixcdinhrg/app.bsky.feed.post/3mimcesb5qs2a","mistydog.bsky.social","","www.yahoo.com/news/article... How about not paying trump or any of his appointee's wages or health care. We are not fighting wars, You and your stupid advisers are, an illegal war and you are now having bone spurs acting up and you want to CHICKEN OUT and leave your f'd up mess to European allies.",0,0,2098,1,-14.5978777395848,"negative",2026-04-03 17:59:56.05
"at://did:plc:bimmsbvblhcorl4mtbeuazvx/app.bsky.feed.post/3mim5nakfb224","petczar.bsky.social"," Vote Doug Jones 4 AL","“Surprisingly” because it’s a lie. Remember he fired the one giving the truth and replaced with a loyalist. apnews.com/article/jobs...",0,2,20478,1,-5.77711374774175,"negative",2026-04-03 16:35:10.857
"at://did:plc:c3lgzowjno7za2go6sxbkof5/app.bsky.feed.post/3mimumlnvpc2g","ggxnews.bsky.social","Golden Gate Xpress","In this series, Golden Gate Xpress has gathered students from San Francisco State University to share their personal thoughts on relevant questions to the Latinx community related to identity, immigration and culture.",0,0,22,1,-9.20202765602122,"negative",2026-04-03 23:26:22.55
"at://did:plc:vw7cmyef7x3ckrwauz2ahhem/app.bsky.feed.post/3mim4eohl322l","armankafai.bsky.social","Arman Kafai","We’ve talked about GAM inflation a lot. In a unique league with this unique currency, it means that last year’s price is quite literally not equal to this year’s. Historically, we need to adjust our expectations for the valuation of assets. We dive into the Wild West of GAM Inflation:",8,35,1716,1,-7.44330999399446,"negative",2026-04-03 16:12:28.861
"at://did:plc:whkrrahr3qb45zsui7giyjxh/app.bsky.feed.post/3milrcojfls2b","prestonmui.bsky.social","Preston Mui","Squares with the JOLTS layoff data: one reason why unemployment is so steady is people seem to be losing their jobs less",0,0,5658,1,-6.59374198507272,"negative",2026-04-03 12:54:31.856
"at://did:plc:bsakyrdf4fq623wdd2jn4ui5/app.bsky.feed.post/3m73sumpu2s2h","smugeographers.bsky.social","Saint Mary's Department of Geography & Environmental Studies","We have a Thesis Defence for a MA in Geography on Monday, Dec 8th. Bright Ofori Kwakye will be presenting ""Exploring Rental Housing Affordability Issues Among International Students in Halifax, Nova Scotia"". Join us at 10 AM – Loyola 274.",1,3,20,1,-10.8114655684553,"negative",NA
"at://did:plc:swfbjf6wuco4xoy3qnlkek57/app.bsky.feed.post/3mimnpajumc2p","josh2028.bsky.social","Josh","Biden Inflation Is Back. Here's Why That's Bad News For Democrats

by the New York Times",0,9,658,1,-15.4246039240926,"negative",2026-04-03 21:22:35.355
"at://did:plc:t7p3klkaabwuebykc2as7ryk/app.bsky.feed.post/3milbbrxeqs2d","2catpawrent.bsky.social","2catpawrent","Don't go back. Find a different job in a different state or a different country. Or, go apply for unemployment, SNAP, and housing assistance. 

Gather all your friends on the picket line and start your own meat packing plant! Now there's a REAL idea!",0,0,318,1,-16.8917256143464,"negative",2026-04-03 08:07:41.051
"at://did:plc:xryajq3fxppom3shzty35xmv/app.bsky.feed.post/3mim2vvapmc23","kris10p.bsky.social","Kristen Parisi","One more point that stuck out to me: the unemployment rate for Black Americans also rose. It was 7.1% in Mar 2026, up from 6.2% in Mar 2025",1,1,4417,1,-8.46009031129184,"negative",2026-04-03 15:46:18.286
"at://did:plc:f233gewrunwymvpw6ymdxwrv/app.bsky.feed.post/3m6ah3lmjyc27","stateofthecity.bsky.social","Brian F. Kelcey","@pamelablais.bsky.social I'm comfortable pointing at Toronto policy for that big drop despite those two issues for two reasons: the first wave of GTA condo take-up didn't really happen until the late 1980s; and second, b/c national trends on purpose-built rental didn't decline nearly as quickly.",0,0,3735,1,-12.667763558821,"negative",NA
"at://did:plc:e33vu66lder3opn2nouekw7a/app.bsky.feed.post/3mih5ca3aic2q","wfiuwtiunews.bsky.social","WFIU/WTIU News","At her third State of the City, Bloomington Mayor Kerry Thomson said the police department will be fully staffed by the end of the year, road paving miles the last two years totaled the previous four years, and city beautification efforts are underway. @joe-hren.bsky.social",0,1,538,1,-10.4184229803457,"negative",2026-04-01 16:45:42.449
"at://did:plc:cgmf2l7bvc4pgtalah2jm23y/app.bsky.feed.post/3mil3j35irs2d","kentduston.bsky.social","Kent Duston","And the cure for unemployment is to give people jobs doing all the things the country needs doing whilst paying them … I mean, there are just all these incredibly hard-to-understand solutions that aren’t even slightly obvious to neoliberals",0,5,1248,1,-10.7934470629526,"negative",2026-04-03 06:24:22.155
"at://did:plc:tqilwzdiaj7evy3djd6spiau/app.bsky.feed.post/3mimul5wnic2v","daylightsdnews.bsky.social","Daylight San Diego","New changes to CalFresh and Supplemental Nutrition Assistance Program benefits that restrict access to food assistance based on immigration status mean navigating where to find no-cost groceries is more important than ever. 

www.daylightsandiego.org/new-snap-rul...",0,0,3247,1,-7.63341173810738,"negative",2026-04-03 23:25:38.955
"at://did:plc:f3hazsq633jzmnjtwzgtvb6c/app.bsky.feed.post/3mimtjdnplc2m","rnavarre.bsky.social","Rachel Navarre"," I am also a scholar on immigration and his “I didn’t know this till half way through graduate school” is either a very damning critique of his program/reading skills or indicative of him not studying the issue until halfway through. It’s very much a telling us more about him than the field.",0,8,8606,1,-8.50888047546128,"negative",2026-04-03 23:06:39.754
"at://did:plc:pgm2q4fk6c7hwxpro6plgtii/app.bsky.feed.post/3miec5la6is2u","clusterblock.bsky.social","Cluster Block🌈 🍉","The developers in the article want it to be easier to get planning permission, so they can build more homes. 

Zack is saying that the developers, rather than the planning system, are the cause of the housing crisis.

This is the opposite of how it works.",0,1,297,1,-13.1140506614494,"negative",2026-03-31 13:34:32.165
"at://did:plc:gpkvfabqtvfhyv3x7sfr3lvi/app.bsky.feed.post/3mimenvury52r","vegh.ca","Aaron Vegh","Oh, you're a Canadian and you think you'd be fine going to the US because you're white? THINK AGAIN.",0,2,424,1,-8.0512993662141,"negative",2026-04-03 18:40:47.255
"at://did:plc:62sho56353o7e52nfrvlwddp/app.bsky.feed.post/3milifx5ufc2m","silkehartung.bsky.social","Silke","The irony is that for every single hour I work visibly and for pay, I work an hour without pay to find that work, roughly.

Realistically, I work below minimum wages. That's what it works out as.",0,5,1355,1,-10.4184229803457,"negative",2026-04-03 10:15:15.973
"at://did:plc:l7fzfec2hyhxqeclgws6oaxi/app.bsky.feed.post/3mimlmx6ymm2j","cryptodarklordgr.bsky.social","DarkLord_gr | DeFi Dojo","Oil above $120 is feeding directly into inflation expectations.
Two articles published today.",0,0,103,1,-5.37961680928276,"negative",2026-04-03 20:45:30.881
"at://did:plc:mwagtmvsxuqlgte5iqk3fndm/app.bsky.feed.post/3mimpafhkds2x","lalegault.bsky.social","Arrête Mark Carney ⚜️","Americans coming with equity in USD will outcompete Canadians in the housing market. While saying he is controlling immigration, Carney opened up the MAGA floodgates and we are in a housing crisis as it is. This will have unintended consequences.",0,1,25444,1,-24.5171612604124,"negative",2026-04-03 21:50:05.251
"at://did:plc:lawl736j5qxw4qfdq3sn2mia/app.bsky.feed.post/3milgdxhboc2r","budan0vsrevenge.bsky.social",NA,"wtf if they stay and work their wages get cut??? What kind of backward logic even is that?!?",0,3,611,1,-7.29248515113678,"negative",2026-04-03 09:38:22.65
"at://did:plc:epx5kbkcyr53y5egrh7hitld/app.bsky.feed.post/3mimid4nw4c2h","plaintanjane.bsky.social","Nancy","ICE's Fast-Moving Detention Strategy Draws Congressional Scrutiny

Congress demands answers from CoreCivic and GEO Group, and some lesser-known newcomers to the immigration detention arena - KVG LLC and GardaWorld""

www.projectsaltbox.com/p/ices-fast-...",1,1,7269,1,-4.16767583530765,"negative",2026-04-03 19:46:23.058
"at://did:plc:laokifafhfy4quwrqsorjj67/app.bsky.feed.post/3madgvmhryk2c","skeluro.bsky.social","skeluro","Those are just some internal issues. But for every one real issue in the USSR, the US made up ten fake, and those then spread and stuck to this day.

Like the classic ""under communism you can’t own anything"". A classic, regurgitated by a rental tenant with several streaming service subscriptions.",0,0,245,1,-18.0069029198892,"negative",NA
"at://did:plc:f6z7chpg5a3ai6bpr4fi7wum/app.bsky.feed.post/3mifevxzwgk2s","kevinbeynon.com","Kevin Beynon","""In very simple terms, the 'demand' for housing was inflated by a deceitfully-priced product that undersold its actual costs, and through that deceit millions of people were misled into believing said product was viable.

Did you work out where this is going yet?

The Subprime AI Crisis Begins...""",0,0,173,1,-20.3482278411992,"negative",2026-03-31 23:56:40.554
"at://did:plc:nzcjpprq6fwcdnwpc45e3gsd/app.bsky.feed.post/3milzc5esdc2l","craigipedia.bsky.social","Craig Harrington","It also feels like these headline reports are imprecise enough that media should prioritize the published revisions just as much as the typical jobs and unemployment rate data. (This is something I've been on for a long time, but we might have some momentum!)",1,4,12347,1,-15.7730821008271,"negative",2026-04-03 15:17:21.262
"at://did:plc:lz7kbgertp2kholrbu7zimk5/app.bsky.feed.post/3mfyer2g2hk24","greenantoinette.bsky.social","Antoinette Oyínkánsọ́lá Fernandez","Antoinette & Bettina after a two hour ward forum w/ Lea Bridge residents & Labour councillors discussing HMO's (Houses of Multiple Occupancy) by Chatsworth road.

Until we have safe, well built rental homes & rents are no longer extortionate, rogue landlords will continue to exploit HMOs for profit!",0,3,957,1,-10.1983610955689,"negative",NA
"at://did:plc:l4yjxcxssfgn3ugqopgktyx7/app.bsky.feed.post/3mili32yntk2e","biscuit73.bsky.social","","The Iran war is making everything more expensive for us, but some companies are cashing in. Don't think that's right? Sign the petition now demanding they are taxed more on their record profits to help us all with the cost of living. you.38degrees.org.uk/petitions/ra...",0,0,7,1,-50.5839688228109,"negative",2026-04-03 10:09:14.453
"at://did:plc:x4bhmjc6cqvwdajjyqfequic/app.bsky.feed.post/3mimutnstqc2n","mastertones.bsky.social","Anthony Masterson","I think I speak for @tylermaun.com when I say that we do not control who used to listen to and be a fan of the PDP regardless of their current standing or hold of political office.",0,6,302,1,-9.92594649524792,"negative",2026-04-03 23:30:20.049
"at://did:plc:x665rmy2mu5i5plofd5x3nbl/app.bsky.feed.post/3mildqdcfs22o","mcmh44.bsky.social",NA,"The Iran war is making everything more expensive for us, but some companies are cashing in. Don't think that's right? Sign the petition now demanding they are taxed more on their record profits to help us all with the cost of living. you.38degrees.org.uk/petitions/ra...",0,1,1487,1,-50.5839688228109,"negative",2026-04-03 08:51:49.951
"at://did:plc:zkity7ep6mo5git2s2tpmheg/app.bsky.feed.post/3milwizkoks2q","bozbuckeye.bsky.social","How the Fuck Rich Boswell","That’s 100 percent true . You can’t beat inflation by prices being lowered . Incomes have to rise as prices stabilize.",0,0,55036,1,-7.86452345907076,"negative",2026-04-03 14:27:30.857
"at://did:plc:mhvs44kupnnudnun6ic3xccz/app.bsky.feed.post/3mimkctxla22a","zippthepooltoy.bsky.social","Zipp The Pool Toy (Comms Opened)","Seras Victoria inflation?? In the year 2026. I'm blessed by this, great work",0,4,318,1,-4.05786096930044,"negative",2026-04-03 20:22:00.858
"at://did:plc:g3lge5wz6rgzpco56r3wi6v4/app.bsky.feed.post/3milqek6m5k2i","tommasinaresist.bsky.social","TommasinaResist⚜️🦋🐈‍⬛","“If your parents made 80k in the 90s, you’d need 260k today to have the same life.” Translation: wages flat, costs exploding, and Trump’s tariff-and-tax-cut binge poured gasoline on the fire. 
That’s the ‘great economy’ he keeps bragging about🙄 
#TrumpsTariffsCostUS
#USDemocracy #Voices4Victory",90,151,81174,1,-16.2151434506612,"negative",2026-04-03 12:37:38.252
"at://did:plc:uiffdv3gnj3koycqzkpxvfla/app.bsky.feed.post/3mijxi7iqwk23","watchyourrepssc.bsky.social","WatchYourRepsTN&SC","Trump isn’t fixing the housing crisis — he’s lighting it on fire.
❌ Reckless tariffs that jack up building costs
❌ Gutting HUD
❌ Rolling back civil rights protections
❌ Turning ICE loose in neighborhoods
Families pay the price. #TrumpsTariffsCostUS",6,4,78705,1,-29.545496131608,"negative",2026-04-02 19:39:39.863
"at://did:plc:epfbbqxbmughayzg4b5tndxr/app.bsky.feed.post/3mimisy3pic23","hindchristopher.bsky.social","Chris Hind","we could give people more cash to help them cope with inflation?",1,6,1470,1,-8.29663650866182,"negative",2026-04-03 19:55:12.453
"at://did:plc:vk65tqum3h2mhi5cauoyip4h/app.bsky.feed.post/3mimsxrxbws2u","smce82.bsky.social","Sean","Overstated. Dropping price will increase demand, which supports calls for better service. Ticketing = friction too. You swap out negative externalities of car traffic, redistribution is not the only goal. Assertion that the Treasury will starve the service is a political point, not an economic one.",0,0,97,1,-19.4476854662932,"negative",2026-04-03 22:56:50.751
"at://did:plc:ncphlqd2ek6arps77odi3sfc/app.bsky.feed.post/3milq7tvbpr2w","cryptonews-poster.bsky.social","Poster | Crypto News","US job growth surged in March, adding 178k jobs (highest since Dec 2024) vs expectations. Unemployment rate also dipped to 4.3% from 4.4%. Big economic boost!

#crypto #blockchain #news ",0,3,570,1,-5.69546975870124,"negative",2026-04-03 12:35:00.117
"at://did:plc:j3qoolkvpra7xkxzrdkq6xr3/app.bsky.feed.post/3mimrzkrzxk2c","youngbloods.bsky.social","Youngbloods 🇺🇸","“The proposal also requests tens of millions in new spending for immigration enforcement, $30 million for an anti-fraud effort led by Vice President JD Vance and $152 million to reopen a prison at Alcatraz.“

Alcatraz?  Did someone tell trump there are sharks swimming around it?",0,0,1341,1,-9.24284965054148,"negative",2026-04-03 22:39:57.253
"at://did:plc:ow37qmuwsv3qlrkh6xdglqxl/app.bsky.feed.post/3milxjbrjuk2f","ozarkhowling.bsky.social","series of gj tubes","all the “why aren’t we spending that money ON EARTH” reactions to Artemis II (including my own initial reaction!) seem even sillier after finding out nasa’s budget during the space race (adjusted for inflation) was $300 billion*

*or less than 5% of the budget in 1965 vs today’s 0.5% rounding error",0,3,1086,1,-10.113864037546,"negative",2026-04-03 14:45:32.952
"at://did:plc:ib6mjh2ezkliurwecjmkdnag/app.bsky.feed.post/3mimtpwogik2z","saighghlas.bsky.social","Saigh Ghlas","How gender-affirming care is becoming a political test for top medical groups 19thnews.org/2026/04/ama-... via @19thnews.org",0,0,103,1,-4.95613319567192,"negative",2026-04-03 23:10:24.651
"at://did:plc:uauxmjc276okzoyoseewwhqi/app.bsky.feed.post/3milzu2vihk2l","thenewdeal.bsky.social","The New Deal","The Iran hostage crisis damaged Carter's Presidency and helped cost him the election against Reagan (Inflation was also high)

Iran refused to release the hostages for Carter

They released them the day after Reagan was inaugurated

Trump doesn't understand the enemy he has made",0,0,1213,1,-22.0630262692911,"negative",2026-04-03 15:27:22.859
"at://did:plc:tlypmbsd5ageb552bekh6tpl/app.bsky.feed.post/3mimlbw2an22w","unityandsolidarity.bsky.social","Hot Metal and Methadrine","Not to minimize the experiences of your family. These are entry level positions, staffed by people who don’t have a lot of training with people with disabilities. ADA compliance is a lot easier to enforce on a Federal agency. The people pushing for this are the www.edhat.com/california/n...",0,0,523,1,-10.8505360299368,"negative",2026-04-03 20:39:23.653
"at://did:plc:px3ki5clhks6bho6wdf2x6vj/app.bsky.feed.post/3mimoirygtc2g","ewcrump.bsky.social","Eric Crump","Illinois is asking fed officials to appear and answer questions about Operation Midway Blitz, the immigration sweep that disrupted life in Chicagoland last fall. I would be astounded if any of the invitees actually showed up (it's not a subpoena), but I'm glad the state is asking. bit.ly/4c3fCwH",0,0,295,1,-12.0278608927798,"negative",2026-04-03 21:36:53.351
"at://did:plc:zctue4vtjwztlygf2lu7ydtm/app.bsky.feed.post/3mikbk6dxgz2r","daviddarmofal.bsky.social","David Darmofal","Emanuel’s now talking about the NIMBY housing crisis.",0,0,28084,1,-6.57562144395952,"negative",2026-04-02 22:39:40.86
"at://did:plc:lxkjhwnl5xek2s6wkwvjc4gm/app.bsky.feed.post/3milzd3cjs226","viabaltica.bsky.social","Via Baltica","Lithuania's #GDP growth will reach 3.1% in 2026, the Bank of #Lithuania forecasts. Annual #inflation will reach 5.1% in 2026 under a baseline scenario, while #wages will increase by 8%.",0,1,499,1,-12.5342321661964,"negative",2026-04-03 15:17:53.76
"at://did:plc:ajs44axlbhbcfeox6p25cjqs/app.bsky.feed.post/3mimu4thxl22j","mcduff.bsky.social","Phil McDuff","Like I'm not saying sports aren't political or anything but I just think we need to accept that a lot of these guys are gonna believe a lot of weird shit because they spent their whole life getting good at ""kick or throw ball real good"" and it didn't leave time for much else, and that's ok.",0,1,13396,1,-23.2951699505838,"negative",2026-04-03 23:17:33.151
"at://did:plc:kkergqgbhb56ptpwj2wenkje/app.bsky.feed.post/3mijzas4i3r2a","socpaperbot.bsky.social","Sociology papers (journals + SocArXiv)","How Initial Accommodation Shapes Refugee Integration: Quasi-Experimental Evidence from the Ukrainian Displacement Crisis in Denmark Sudden displacement crises require rapid expansion of refugee accommodation, yet little is known about how different types of initial housing affect
 #sociology link",0,0,939,1,-24.3097660660663,"negative",2026-04-02 20:11:16.057
"at://did:plc:ajdni7eks7zbugevauva7pd3/app.bsky.feed.post/3mimf224vos2k","edisoncarter23.bsky.social","Edison Carter - Network 23","Will you be paying his unemployment?",0,1,1165,1,-5.68750158905206,"negative",2026-04-03 18:47:34.851
"at://did:plc:rcxgcsvelm55ileylatg45eg/app.bsky.feed.post/3mimq7pho422v","smythfund.com","Ms Smyth (Founder of The Smyth Fund)","Good Friday. The wages have cleared. The debt is calling.

Being ""good"" for me has a very specific price tag. 

 Prove you know how to be good.

Read the latest blog post here:

www.smythfund.com/good-friday-...",0,1,1157,1,-4.33757487210305,"negative",2026-04-03 22:07:42.653
"at://did:plc:5jf3hoyd7eelgayftdyrj5oe/app.bsky.feed.post/3mijoebw3ok2r","landpolicy.bsky.social","Lincoln Institute of Land Policy","Worsening wildfires are becoming an unavoidable part of everyday life in Southern California. The increasingly severe wildfire seasons are exacerbating the region's housing affordability crisis and related pressures on insurers, climate planners, and residents.",0,0,295,1,-11.7277563003295,"negative",2026-04-02 16:56:35.551
"at://did:plc:gahl6u52p2brliqm5njlbe32/app.bsky.feed.post/3mimgkymwek23","suesmith.lol","Sue Smith","Finally managed to see the Kenmure Street film after looking at this on my wee office wall for the last year and a bit ♥️",1,5,638,1,-5.04314457266155,"negative",2026-04-03 19:15:01.35
"at://did:plc:5yx42w6gnnf453nqkj3q77x6/app.bsky.feed.post/3milyeqhibs2s","freelandtradeppl.bsky.social","Free Land, Free Trade, Free People","""...with increase in productive power, rent tends to even greater increase, thus producing a constant tendency to the forcing down of [real] wages"" -Henry George",1,8,499,1,-10.4468224548674,"negative",2026-04-03 15:00:54.557
"at://did:plc:ecbycmt7ixot5tzuek47ygkq/app.bsky.feed.post/3mimm65tut226","shadowpixels.bsky.social","PixelDust.bsky.social","Does that ""important private sector role"" she's thrilled about include filing for unemployment?",0,0,127,1,-4.77121085717791,"negative",2026-04-03 20:55:08.653
"at://did:plc:ty2qw2tpkwxewvlqzcfptoj5/app.bsky.feed.post/3mimrxwiias2w","sigmanomics.bsky.social","Sigmanomics","G-7 Inflation Snapshot — April 2026 - sigmanomics.com/economic-cal... 
US 2.4% — steady
Canada 1.8% — down 0.5pp
UK 3.0% — highest in the G-7
Germany 2.7% — surging on energy
Euro Area 2.5% — up 0.6pp
Italy 1.7%
France 1.7% — up 0.8pp, biggest jump
Japan 1.3% 
#inflation #cpi #calendar",0,1,59,1,-7.79553058758381,"negative",2026-04-03 22:39:02.953
"at://did:plc:4olqaxm72qyw5ql3amfs2ng5/app.bsky.feed.post/3mimvsdq75227","rolloff2024.bsky.social","Rolloff","trump has been working for putin before trump had political aspirations. putin and his oligarchs loan the donald billions. Thus the reason the donald never released it's (djt) tak returns.",0,0,388,1,-10.7244541914657,"negative",2026-04-03 23:47:30.351
"at://did:plc:ncva6zby5n2spqewkaps4mi4/app.bsky.feed.post/3mimj5gkhrc2m","vero1986.bsky.social","Veronica 🇺🇸 🇮🇹 🇺🇦 🇳🇴 🇲🇽 🇩🇪 🇨🇦 🍁 🇸🇪 🇵🇷","If you mean immigration policy its him.
""Trump's psyche': The aide driving president's most controversial policies.
bbc.com/news/article...",0,2,35987,1,-9.64831475864964,"negative",2026-04-03 20:01:08.759
"at://did:plc:zgwypjud5u4qss3dubzpphmi/app.bsky.feed.post/3mimtks2r2s2k","footballlibrettist.bsky.social","Between These Lines -  🌈 ⚽ 🏈 🏀⚾🏒","I only care about their political affiliation when they say something stupid or harmful. 

Other than that, do you.",0,0,2032,1,-6.34242755679181,"negative",2026-04-03 23:07:47.552
"at://did:plc:qzc5nrtu4yhls75p52huaydq/app.bsky.feed.post/3miiwhin32k2a","betterhomesenfield.bsky.social","Better Homes Enfield","Why is Enfield Council lobbying for housing developers?

Enfield Council's report ""“Rebuilding the Ladder: The Definitive Set of Reforms for First-Time Buyers” is not a serious answer to the first-time buyer crisis. It is lobbying for developers.

betterhomes-enfield.org/2026/04/02/w...",0,0,208,1,-7.7387722537652,"negative",2026-04-02 09:48:43.456
"at://did:plc:kkergqgbhb56ptpwj2wenkje/app.bsky.feed.post/3miism3anr224","socpaperbot.bsky.social","Sociology papers (journals + SocArXiv)","How Initial Accommodation Shapes Refugee Integration: Quasi-Experimental Evidence from the Ukrainian Displacement Crisis in Denmark Sudden displacement crises require rapid expansion of refugee accommodation, yet little is known about how different types of initial housing affect
 #sociology link",0,0,939,1,-24.3097660660663,"negative",2026-04-02 08:39:38.753
"at://did:plc:hjihrtggmc5hu25w7fx5sjhw/app.bsky.feed.post/3milih7rs2c2z","davidedward.bsky.social","David Bainbridge.","The Iran war is making everything more expensive for us, but some companies are cashing in. Don't think that's right? Sign the petition now demanding they are taxed more on their record profits to help us all with the cost of living. you.38degrees.org.uk/petitions/ra...",0,0,1515,1,-50.5839688228109,"negative",2026-04-03 10:15:58.95
"at://did:plc:5pb7e3gtd4rpgm54aw7rmshq/app.bsky.feed.post/3mfpl2qzids2a","timbousquet.bsky.social","Tim Bousquet","Fact checking Fillmore: No, Mr. Mayor, the landlord survey is not a scientific study

by @suzannerent.bsky.social",2,21,13147,1,-2.27055585042177,"negative",NA
"at://did:plc:llyib2qojznvswvelaiakjfp/app.bsky.feed.post/3mim7m5svzp25","market-ocean-en.bsky.social","marketocean - EN - BETA VERSION","The ECB sets a single interest rate for twenty countries with very different growth and inflation dynamics. Italy's combination of weak output and above-target price growth illustrates why one-size-fits-all monetary policy generates winners and losers within a currency union.",0,0,1316,1,-11.7514728269468,"negative",2026-04-03 17:10:19.259
"at://did:plc:sumd3aatuwsbu2ok6opodt7j/app.bsky.feed.post/3mimcqvzbd22a","pmginmyhead.bsky.social","PMG","Trumps last 3 years in Office:
- CoVid, death and inflation 
- Tariffs on Americans, Mass Deportation and murdered American citizens. 
- War on Iran, Recession type repercussions, TBD",0,0,1117,1,-15.728991384426,"negative",2026-04-03 18:06:41.063
"at://did:plc:glckcdwp2l3heb7dcdv42alm/app.bsky.feed.post/3me3tf633ts2w","rokkineve.bsky.social","Eva 🌊","I have a relative with cognitive issues. 
One day pre diagnosis I was about to leave to return my rental car and head to the airport. 
She asked me to take her bag and leave it in the car. I said, but it's a rental car. She couldn't process that.",0,0,960,1,-7.92109381055916,"negative",NA
"at://did:plc:llyib2qojznvswvelaiakjfp/app.bsky.feed.post/3mimk7ux2cv2m","market-ocean-en.bsky.social","marketocean - EN - BETA VERSION","Traders have begun discounting backward-looking employment data in favor of forward-looking risk assessment—specifically, the likelihood that war-driven energy disruption will force revisions to both growth and inflation forecasts. The result is a policy environment where the",0,0,1316,1,-12.1411895780868,"negative",2026-04-03 20:20:18.557
"at://did:plc:j6hyu77rblkxblu4uqrqo4jl/app.bsky.feed.post/3mikfpbsdu22o","padreilpadrone.bsky.social","Cyclo 🇨🇴  🚲🇵🇸🏴‍☠️🇦🇺","- An energy crisis triggered by a war that nobody fully understands (and nobody seems to know how to stop). 
- A housing system that functions as a wealth transfer machine instead of a realistic pathway to security...",0,0,1585,1,-9.30347427235791,"negative",2026-04-02 23:54:09.056
"at://did:plc:x32gqfiyctcndefbr6ofbpju/app.bsky.feed.post/3mimvxvtg522f","gma4paws.bsky.social","Gma4paws","I'm attending No Kings's event, “Eyes on ICE: Train-the-Trainer - Immigrants' Rights” - sign up now to join me!  www.mobilize.us/nokings/even...",0,0,620,1,-9.90020772324984,"negative",2026-04-03 23:50:37.354
"at://did:plc:jnnv55iociam4t7dcsfwx5kd/app.bsky.feed.post/3mijp6artcc2h","raceforward.org","Race Forward","Today’s housing crisis and federal attacks on affordable housing exemplifies how property ownership is still deeply racialized. Now more than ever, we must work together toward a vision where housing is a public good, and everyone– regardless of their race–has affordable and dignified housing.",0,0,705,1,-17.7067983274389,"negative",2026-04-02 17:10:57.36
"at://did:plc:oi2g6earkvin6jk4bhdunhli/app.bsky.feed.post/3mimm67iig22h","simonjack576.bsky.social","","That's the problem with Society in America right now we're treating ice like they are State Police; they are immigration enforcement they're not supposed to have any power in the state branch in terms of law enforcement. Even Sheriffs in Virginia said the exact same thing!",0,4,655,1,-28.0662637748289,"negative",2026-04-03 20:55:10.159
"at://did:plc:lvxmuo4i5kwqqu3w72qbq2l6/app.bsky.feed.post/3mimhj63vzc2a","boybrushedgreen.bsky.social","ℙ𝕙𝕠𝕖𝕟𝕚𝕩 𝕀𝕘𝕟𝕚𝕥𝕚𝕠𝕟","🎸: THE UNEMPLOYMENT ARC IS OVER",0,2,416,1,-2.28630420738991,"negative",2026-04-03 19:31:49.562
"at://did:plc:ccdpkytx3upvenxwlfoor4uy/app.bsky.feed.post/3mimanqtogs2q","flowvoid.bsky.social","Flow Void","I believe Dems never had those votes. Long before 10/7, those same lefties were complaining about student loans and/or inflation, and vowing to stay home on election day.",0,7,531,1,-10.113864037546,"negative",2026-04-03 17:29:06.962
"at://did:plc:jeg6lxbgh74zlgsaqwcbo2ku/app.bsky.feed.post/3milrfqi26s2s","timinthecle.bsky.social","Tim Evanson","Pete Kegseth has fired the U.S. Army's top officer.

Gen. Randy George had protested when the drunk refused to promote two Black and two female generals.

Kegseth also fired Army Gen. David Hodne and Army Maj. Gen. William Green for the same reasons.

apnews.com/article/pent...",0,1,377,1,-11.2701751910823,"negative",2026-04-03 12:56:09.557
"at://did:plc:fjfj6b4lbvmhsc6chzqoulw3/app.bsky.feed.post/3m6zvaw2kks2n","uilleccdubh.bsky.social","Uillecc Dubh","It’s pretty obvious why the turnip doesn’t want Somalis in “his country”…

Him & his daddy had the same ‘issues’ in their slum lord rental housing in the 70’s… they even got federally charged for it…

@ms.now",0,0,1590,1,-7.04562507320526,"negative",NA
"at://did:plc:o7li5xna2vthili4dnbtplka/app.bsky.feed.post/3mimm4i6moc2g","michael-feinberg.bsky.social","Michael Feinberg","This was a Herculean effort to create, and will provide real value to those following the immigration enforcement scandals and violations of law engulfing our government.",23,52,12352,1,-9.54295424299182,"negative",2026-04-03 20:54:12.655
"at://did:plc:rbffgd2zo6r7rmnklo2nlyy5/app.bsky.feed.post/3milrx2aktc23","josephpolitano.bsky.social","Joey Politano🏳️‍🌈","Unsurprisingly, Trump's immigration crackdown is still not delivering labor market improvements for the US-born

Over the last year, the native-born unemployment rate has increased from 4.2% to 4.3%, while native-born employment rates have decreased",10,60,116917,1,-5.89002585316354,"negative",2026-04-03 15:13:17.254
"at://did:plc:kwjlionqmihkz5ndu662frwl/app.bsky.feed.post/3mikkysuu4s2m","indo1908.bsky.social","Dr. Ali Ibu RPsych 🇨🇦","The ucp also reduced the youth minimum wage to $13. We have the lowest minimum wage and the highest youth unemployment in the country.

discoverairdrie.com/articles/bc-...

www.ctvnews.ca/edmonton/art...",5,11,5952,1,-6.36822624961345,"negative",2026-04-03 01:28:57.15
"at://did:plc:qcwkzyfhap3s3r3jokldhmcf/app.bsky.feed.post/3mijhwo5k242j","fcm.ca","FCM","The renewal of the National Housing Strategy will be a good opportunity for the federal government to implement long-term measures needed to address the housing crisis.  

#CDNMuni #cdnpoli",0,0,655,1,-10.5521829705252,"negative",2026-04-02 15:01:22.837
"at://did:plc:qu5gqtrmxfruc7tbalrles7w/app.bsky.feed.post/3mikordrtsk2o","tovahsummer.bsky.social","","Next one in the unemployment line = hegs.",0,0,1444,1,-4.99435440849212,"negative",2026-04-03 02:36:20.849
"at://did:plc:hcambak7oufajensccb4ygvl/app.bsky.feed.post/3milvxk5erc2o","ediblepetals.bsky.social","Marie-Helene","I think harassing people to death is very bad, worse than inflation and low economic growth, just as bad as killing little girls in foreign countries",0,7,1147,1,-11.5841745718515,"negative",2026-04-03 14:17:45.06
"at://did:plc:i6pqwrfeb2sdyfa43car4375/app.bsky.feed.post/3millv3pfo223","jeanmbartrum.bsky.social","Jean B","The Iran war is making everything more expensive for us, but some companies are cashing in. Don't think that's right? Sign the petition now demanding they are taxed more on their record profits to help us all with the cost of living. you.38degrees.org.uk/petitions/ra...",0,0,33,1,-50.5839688228109,"negative",2026-04-03 11:17:28.954
"at://did:plc:qen5ss7e274kjsnh53jpd43e/app.bsky.feed.post/3mimu66vblc2e","kiqitaqita.etheirys.social","Fiesty Suplexing Shortstack","They certainly do. Usually a political one.",0,1,108,1,-6.16010599999786,"negative",2026-04-03 23:18:19.552
"at://did:plc:yoqqp2kxy2k2ydpzzfq3c43p/app.bsky.feed.post/3mimo562sc223","tat1111.bsky.social",NA,"Republican ghouls always find a way to monetize racism

Private for profit prisons is a tell.

So someone is collecting tax dollars per head count, per day captives of brown people. 💰

Trump fired a bunch of immigration judges to slow down the process.

Democrats will be next if they aren’t stopped.",2,22,16120,1,-24.3431466232833,"negative",2026-04-03 21:30:22.663
"at://did:plc:lfxebm4a2hwpcg2cuo2ywiyb/app.bsky.feed.post/3migog6i6dk2v","db-user.bsky.social","🚲insert into haunted select uid from partisans where party = ""R""","fun fact: the housing crisis wasn't caused by subprime mortgages being worthless

it was caused by uncertainty of their value creating a panic environment that forced them to be treated as worthless when evaluating bank balance sheets",0,6,2413,1,-9.53053172299326,"negative",2026-04-01 12:19:26.259
"at://did:plc:owyl5siz6ibqxwxls4szerlx/app.bsky.feed.post/3mimqckhqms2o","larryneufeldsk.bsky.social","Larry Neufeld","All Canadians should be aware of the risks of travel to the United States under the Trump administration 
www.cbc.ca/news/canada/...",3,7,6495,1,-10.2361014235518,"negative",2026-04-03 22:09:10.849
"at://did:plc:qibekerhliomnygyerg5qfvj/app.bsky.feed.post/3mimkmae2tk2t","sealab2021.org","Captain Murphy","To be fair to that Notre Dame professor who is having a nervous breakdown its true that Democrats could be opposed to so-called illegal immigration problem is I'm not a Democrat.
I do not have any special loyalty to the US or it's stupid rules. I just had the misfortune of being born here.",0,4,3234,1,-9.42517120733543,"negative",2026-04-03 20:27:13.554
"at://did:plc:ardtdwmtfn6f4lr7k3moqkpr/app.bsky.feed.post/3mikkr4dk4k2m","sonicman69.bsky.social","SONICMAN69","Unemployment has me trying new things",1,8,323,1,-5.34657500208147,"negative",2026-04-03 01:24:42.652
"at://did:plc:s2xbdwija3wykvfxjosd2xmz/app.bsky.feed.post/3mimuxndonk2o","oldfraildems.bsky.social","Builder of Spine one call at a time!!","Data journalist and pollster Elliott Morris was taken aback on Friday after new polling showed President Donald Trump receiving his single-lowest favorability rating of his political career, and the lowest of any past president at this point in their term since the 1940s.",0,0,11033,1,-25.1514679409494,"negative",2026-04-03 23:32:34.651
"at://did:plc:7nf7ojbpwcrgzpwtwz2ouooj/app.bsky.feed.post/3milwiiecb22n","mardukkur.bsky.social","Marduk Kurios","Love to see the poster inventing a fantasy Biden administration that didn't see historic real wage gains for low earners and historically low unemployment while overseeing the first reduction in income inequality in decades convincing themselves it's other people believing in fairy tales.",0,1,710,1,-14.3769660014088,"negative",2026-04-03 14:27:12.357
"at://did:plc:gia6fkjy7gi5n7g24nhct4zw/app.bsky.feed.post/3mimp4vu47k2p","toplandscaper.eurosky.social","James FBSI 🐸🏴󠁧󠁢󠁳󠁣󠁴󠁿🇵🇸🇺🇦🇨🇦🇪🇺 (Fanatic)","I could think of nothing women should fear more than ""an army of Scottish men. Angry. United. Unstoppable.""
These clowns would pee on your head and tell you it's raining!

www.thenational.scot/news/2599478...",3,9,7109,1,-9.60749276412939,"negative",2026-04-03 21:48:13.356
"at://did:plc:luhf5n5nivm6ahyrorccst32/app.bsky.feed.post/3milw4wg3yk2h","aconcernedcitizen2.bsky.social","","Hegseth asks the Army's top uniformed officer to step down while US wages war against Iran

flip.it/zm4KmB

WHILE THE NATIONAL GUARD LEADER IS COMMITTING WAR CRIMES.",0,0,666,1,-16.5311367710866,"negative",2026-04-03 14:20:47.16
"at://did:plc:du6rft74siq54zvn5vdqnq4m/app.bsky.feed.post/3mimcpjfazs22","mich-mama-bear.bsky.social","Michigan Mama Bear","Unions stand up for what's right: improved wages/benefits, safer work environments, a stronger voice.

Democrats support workers' rights to unionize.

@bluevoterguide.bsky.social shows which candidates on your ballot are union endorsed.

#BlueVoterGuide #Voterizer social.fieldteam6.org/s/wsntF2E0",8,8,4388,1,-7.53082514933228,"negative",2026-04-03 18:05:56.158
"at://did:plc:56cbmhwbifh3agy5hkurpgr6/app.bsky.feed.post/3milqet7cgk2p","barbaraeh.bsky.social","🇨🇦 BeelzeBarb","The fear is elitist though.  It argues that some Canadians should receive poverty wages because businesses take advantage of wage increases to spike costs.  But minimum wage workers spend their increases in their own communities, which benefits the entire area. We all deserve a living wage.",0,0,1207,1,-19.3650264040424,"negative",2026-04-03 12:37:47.451
"at://did:plc:m74oakrhh52i7mgfe62crr4l/app.bsky.feed.post/3midcopckfk25","thelovelyjml.bsky.social","Jules","Here is my two about this MAGA movement- MAGA (as action-first, confrontational) feels more real than the promise of MAGA (making life better domestically). This administration primary focus has been based more on geopolitics and trade wars and none of bringing down inflation or the housing crisis.",0,0,50,1,-17.1354884528634,"negative",2026-03-31 04:11:29.549
"at://did:plc:i3y3mqlyx6lxanlv4ntzyr4g/app.bsky.feed.post/3mfpkysa5jc2a","halifaxexaminer.ca","Halifax Examiner","Fact checking Fillmore: No, Mr. Mayor, the landlord survey is not a scientific study

by @suzannerent.bsky.social",8,23,29933,1,-2.27055585042177,"negative",NA
"at://did:plc:conmxaarzltm2pihp45wkoo4/app.bsky.feed.post/3midoou2ghg2k","conorkellypbp.bsky.social","Conor Kelly People Before Profit","17,300+ people are homeless, including 5,450+ children. This is a political choice. In a housing crisis, overseen by 100+ years of FF/ FG Governments, vacancy is a scandal. We should use empty & vacant properties, ban evictions and build public housing now.

 130,469 houses and 32,964 apartments (in",0,1,242,1,-18.4614888253324,"negative",2026-03-31 07:46:18.553
"at://did:plc:rbekuple4fzu66dldp33gdf2/app.bsky.feed.post/3milxft7j322b","hamuelsanwich.bsky.social","","Biden oversaw the sunsetting of a program that lifted millions of kids out of poverty due to inflation while increasing the spending on war despite its effect on inflation. 

Should we have expected a radically different administration under Harris?",0,2,400,1,-11.0342090397482,"negative",2026-04-03 14:43:37.56
"at://did:plc:w6sjhrz55mxq7ihg27jgmuh7/app.bsky.feed.post/3mimqrsy6vs26","edoswald.bsky.social","Ed Oswald","This Time article was written before today’s events. There is no way out now. They better hope that pilot is found, or Trump may find himself in extremely hot water. time.com/article/2026...",0,0,567,1,-7.85655528942159,"negative",2026-04-03 22:17:48.953
"at://did:plc:xpfq6v4ya23ck2gafkfyk33k/app.bsky.feed.post/3mimhjkkd222y","dumptrucker.bsky.social","Ozzy","Democrats talk on immigration and birthright citizenship.",0,0,1175,1,-5.7362917532215,"negative",2026-04-03 19:32:02.55
"at://did:plc:eayxwe55utze4fme3o6alszl/app.bsky.feed.post/3mimt3uqctk2d","dehydration.bsky.social","dehydration.bsky.social","I think some centrist political bot replied to one of my posts. Saying bot because the response is extremely weird and makes very little sense in this context,",0,2,1017,1,-14.2434346087842,"negative",2026-04-03 22:59:07.95
"at://did:plc:kamncplsuipp3oo75daxooy7/app.bsky.feed.post/3mimmhecr2c2k","doughafterdark.evilfurs.org","Self-described ""Sphere Freak""","In this house we PROUDLY POST INFLATION, FAT, GOO, GAS, UDD, ABSORPTION, TRANSFORMATION, and WE WILL NEVER STOP",0,30,1917,1,-6.98905472171686,"negative",2026-04-03 21:00:16.959
"at://did:plc:xcg26gc637h4xa5gpdseyqrs/app.bsky.feed.post/3milgn6rku224","brendamj.bsky.social","GrannyB","The Iran war is making everything more expensive for us, but some companies are cashing in. Don't think that's right? Sign the petition now demanding they are taxed more on their record profits to help us all with the cost of living. you.38degrees.org.uk/petitions/ra...",0,0,236,1,-50.5839688228109,"negative",2026-04-03 09:43:35.857
"at://did:plc:yz6xedydsjb3nt3fwhhn5dvp/app.bsky.feed.post/3mim53cvbjk2h","claireforny.bsky.social","Claire Valdez","Trump's deportation machine is a weapon of white supremacy and capitalist exploitation — designed to terrorize immigrant workers, drive down wages, and turn neighbors against each other.

We just released our immigration platform based on international solidarity, justice and accountability.",10,19,5673,1,-11.9508998516437,"negative",2026-04-03 16:25:09.954
"at://did:plc:hoggkvllepdburz27lrs4k7q/app.bsky.feed.post/3milvpt4ydk24","jginsburg.bsky.social","Jonathan","""The number of people seeking work declined."" Sure, sure it did. Somebody raised the seeking requirements to claim unemployment so a bunch of people got disqualified.",0,2,2845,1,-14.4314541866928,"negative",2026-04-03 14:13:25.657
"at://did:plc:qebkdxqskl77uz26pgtwukzw/app.bsky.feed.post/3mimimod73k2m","alexpetrovnia.bsky.social","🏴🚩 Trans Kafka (any pronouns) 🍉🍉🍉 IS A REAL HUMAN PERSON!","ICE took a Muslim dissident for advocating for Palestine.

thehill.com/immigration/...",4,8,10425,1,-1.97045125797143,"negative",2026-04-03 19:51:42.856
"at://did:plc:lt53m5tteu7oq3zkvmsmvuun/app.bsky.feed.post/3mimc3xy26k2h","realworldrj.bsky.social","*it* is happening here","The data are bullshit. You are telling that 178,000 were hired in March after a decrease of 133,000 in February?

Bullshit",2,11,2592,1,-4.50414807192886,"negative",2026-04-03 17:54:59.857
"at://did:plc:bv7wwyi2dpazq6ccsom5lmph/app.bsky.feed.post/3milsignll22c","jp262.bsky.social","Joey Blue","A vote for any Republican this fall is a vote for massive deficit spending and debt, for more military excursions in more areas, for high gas and grocery prices, for high unemployment, and for hastening the demise of fellow Americans who will lose access to health care. We can and must stop this!",17,38,75463,1,-25.6155449515255,"negative",2026-04-03 13:15:36.607
"at://did:plc:uuycsr6e72njkaq2rl32ml75/app.bsky.feed.post/3mihmrim6zc2e","strewthsocial.bsky.social","strewthsocial.bsky.social","It's totally un-Australian to hoard petrol!
Hoarding investment properties during a housing and cost-of-living crisis? Totes magotes Aussie!",0,0,42,1,-12.7085855533412,"negative",2026-04-01 21:22:40.96
"at://did:plc:vxjrjg3jj55hcdvjcgfvtynv/app.bsky.feed.post/3mimdt4kzk225","liberalscouser.bsky.social","Marty Wizz","Why - intense scrutiny of U.S. domestic/foreign policies, terrorist threats, gun violence, and stringent immigration enforcement. I also argue the tournament will be used as a platform to vent anger towards Trump (rightly so!) rather than a safe, inclusive celebration for the world to enjoy",0,5,381,1,-12.8928583302664,"negative",2026-04-03 18:25:48.356
"at://did:plc:x3xxipnvacalrfwdtvwq6nxd/app.bsky.feed.post/3mikztwrsxc2u","whirlwind013.bsky.social","","Pensioners lived through periods of very high unemployment (the 80s), had earlier retirement ages & lower female workforce participation rates. Workforce participation rates are back to mid-WW2 (!) rates. I don't understand how Farage's proposition could be true.",0,0,13,1,-12.435835177951,"negative",2026-04-03 05:54:38.252
"at://did:plc:uaovc4qwcalhekl3curoatao/app.bsky.feed.post/3milqg4bsv22o","pjkool.bsky.social","","Unemployment down by 0.1% is a big deal?",0,5,1947,1,-2.28630420738991,"negative",2026-04-03 12:38:30.755
"at://did:plc:r5wfqowcynorym5ijkuyhy3v/app.bsky.feed.post/3mimvtzuye22f","soupcrave.bsky.social","katie 💕☁️ • s0upcrave 🐈‍⬛️ • tstv n0v 10 truther","Yeah the discussion is here, but there's no algorithm-- you arent going to have one of your political articles go viral. People are here to chill out and relax because the other social media are predatory and overwhelming",0,3,4347,1,-9.48671452466894,"negative",2026-04-03 23:48:27.455
"at://did:plc:xhlxxc3u4k42xizsayktvwug/app.bsky.feed.post/3mim56rurxk2o","mikedeehere.bsky.social","MikeDeeHere","""The decline in the unemployment rate came with an asterisk: The labor force shrank by nearly 400,000 people"".

Maybe there are fewer people in the workforce because they can get more $ from the gov by simply staying at home?",0,1,880,1,-14.264880986867,"negative",2026-04-03 16:27:04.652
"at://did:plc:oi2g6earkvin6jk4bhdunhli/app.bsky.feed.post/3mimuzcfhqs2k","simonjack576.bsky.social","","This is not about who voted for what I'm just trying to explain to you that ice is immigration enforcement their job is to investigate immigration status their job is not to pull people out of their homes without a warrant March down on the street like they are State Police or the FBI.",0,0,655,1,-15.6909416540721,"negative",2026-04-03 23:33:28.554
"at://did:plc:i65aypxhksgbtxn5l77f2ws7/app.bsky.feed.post/3mimfjyuxhc2n","terg.bsky.social","","1/3 the cost and time to get homeless youth to permanent housing. Integrated solution for homeless youth.

Source: 9News
 share.google/tvW1l0H30IDU...",1,1,1687,1,-8.6142409911191,"negative",2026-04-03 18:56:30.755
"at://did:plc:ktj6gqclocjf3z5xjkhxyyua/app.bsky.feed.post/3mimt63zczk2r","woodsbythelake.bsky.social","LDoone","So raise the minimum wage to a livable amount and people can afford to pay for their own daycare. Safety nets just subsidize executive pay by placing the burden of employee wages on government programs.",0,1,9219,1,-17.2799888768585,"negative",2026-04-03 23:00:22.853
"at://did:plc:5epsacohiwtia344qdnmj3lm/app.bsky.feed.post/3mimsygxkn22d","izquierda22.bsky.social","Izquierda","A functional democracy is just two wolves and a sheep voting on who gets the political violence done to them.",0,0,4613,1,-9.62584190279758,"negative",2026-04-03 22:57:14.259
"at://did:plc:5of5mhiqmu264gcspsf5lqya/app.bsky.feed.post/3mimu7z76ks2j","tomcatjock.bsky.social","Michael Little","Let me guess his race and political affiliation...",0,2,20829,1,-5.93696244868365,"negative",2026-04-03 23:19:20.849
"at://did:plc:namifrcorf6hzy45phd4shvt/app.bsky.feed.post/3mimw2umwsd27","newsanalysis.com","News Analysis","Trump faces political pressure this week with low approval ratings, rising gas prices, losses in court, and criticism of his handling of the war in Iran.  #politics #News",0,0,606,1,-20.7066869069315,"negative",2026-04-03 23:52:15.66
"at://did:plc:qdsi7qdwb4gy5hijqxdlnoxh/app.bsky.feed.post/3mimvgpdtvc2p","16ftmilf.bsky.social","Hali Namur˗ˏˋ16ft Milfˊˎ˗","Yeah any political leaning that (checks notes) nick named a concentration camp Alligator Alcatraz and sold merchandise around that gets a hard fucking pass.",0,2,717,1,-7.03557473735176,"negative",2026-04-03 23:40:58.549
"at://did:plc:z2wl6f3asezxnfkx4vab4epx/app.bsky.feed.post/3mimfc6cwck2p","kabiu.bsky.social","Tom Hayes","DOJ quietly closed more than 23,000 criminal cases in the first six months of Trump’s administration, abandoning hundreds of investigations into terrorism, white-collar crime, drugs and other offenses as it shifted resources and priorities according to an analysis by ProPublica.",0,2,5922,1,-11.6223957846717,"negative",2026-04-03 18:52:09.657
"at://did:plc:llfwlearka67w5ju3dec2oru/app.bsky.feed.post/3mimqrnvqo22l","mathas.bsky.social","Mike ""Mathas""","The Iran War has made Star Wars Episode 1 look like a masterpiece of political commentary and that might be the biggest crime of all",3,26,2311,1,-15.8155167346746,"negative",2026-04-03 22:17:37.757
"at://did:plc:govczfadiqybl5lihpfhviis/app.bsky.feed.post/3mimkwjovys25","jcollins.bsky.social","Jon Collins","My colleague @katereports.bsky.social & I found most of those Minnesota residents were deported to Latin American countries, including almost 600 people returned to Mexico and about 520 deported to Ecuador. At least 17 minors were also deported. (2) www.mprnews.org/story/2026/0...",19,34,11482,1,-10.1978802107316,"negative",2026-04-03 20:33:00.256
"at://did:plc:lt53m5tteu7oq3zkvmsmvuun/app.bsky.feed.post/3mimngsumuk2c","realworldrj.bsky.social","*it* is happening here","Heather Long: “The unemployment rate fell to 4.3%, but not for great reasons. There’s a big drop (almost -400k) in the labor force. The labor force participation rate also fell. It appears people stopped looking for work in March or perhaps more migrants left the workforce (or both).”",0,0,2592,1,-9.68218365673098,"negative",2026-04-03 21:17:52.953
"at://did:plc:nln6w22rhfolkc3zntivq3ca/app.bsky.feed.post/3mimuyrbqfs2b","danlansdowne.mow.haus","Dan Lansdowne","Robert Stanfield's political career imploded because he couldn't throw a football",0,0,1857,1,-4.55066808756376,"negative",2026-04-03 23:33:11.453
"at://did:plc:s2hoky7oibpsp5bi4rjsnrql/app.bsky.feed.post/3mgd36vdt722a","blickrothenberg.bsky.social","Blick Rothenberg","Personal Tax Planning Guide: Property Tax

Our Personal Tax Planning Guide 2025/26 is now available.

In our guide we cover the key issues:
• Capital Gains Tax
• Making Tax Digital 
• Ownership structures
• Family transfers
• Rental Income Tax

Register to access the full version: hubs.la/Q045K60r0",0,0,34,1,-23.5339335066426,"negative",NA
"at://did:plc:o6ggjvnj4ze3mnrpnv5oravg/app.bsky.feed.post/3milijtnizp2a","longtail-news.bsky.social","Longtail News","Feed: ""US Top News and Analysis""
Published on Thursday, April 2, 2026",0,0,2303,1,-3.2513851034335,"negative",2026-04-03 10:17:26.153
"at://did:plc:wxzwo46r55bbmwg7sxd2novg/app.bsky.feed.post/3mimlazt2c223","bonyjefferson.bsky.social","","Kustov is not center left. Nothing in the article he writes, blaming the left for the center and right going insane stances on immigration, is based in center left. A certain demographic thinks its political persecution if you call their ideas dumb.",0,5,65,1,-9.40464957161464,"negative",2026-04-03 20:38:51.955
"at://did:plc:mgq2agp2byve4x2mfi4klyk6/app.bsky.feed.post/3milueszsec2v","keepthefaithej.bsky.social","JonEEy","Gig billionaires & their purchased policymakers profit. www.unitedforalice.org GOP: Oppose child labor laws. tinyurl.com/46vv5tcs  Deny living wages. tinyurl.com/5dzj5sr
Tell the whole truth ABC-no spin. apple.news/AQUglwTU3QcS... @workingfamilies.org @unitethepoor.bsky.social @democrats.org",0,0,516,1,-22.9469440611316,"negative",2026-04-03 13:49:26.764
"at://did:plc:uybkf2awme34ko4lfkezerad/app.bsky.feed.post/3mim2dvqg6ms2","servelan.newsie.social.ap.brid.gy","Servelan","U.S. payrolls rose by 178,000 in March, more than expected; unemployment at 4.3%

https://www.cnbc.com/2026/04/03/jobs-report-march-2026-.html",0,0,428,1,-2.15277281476539,"negative",2026-04-03 15:36:18.763
"at://did:plc:26l47egxeqpkbdrjg24wesvp/app.bsky.feed.post/3mhfz4hs2xc2x","onthedrift.bsky.social","onthedrift","On the one hand, impressive that you're able to make this kind of home repair. On the other hand, ick and ish and oh nooooo....

I miss the days when I could just call the rental office and have them send someone to fix plumbing/electrical issues, replace a dead fridge, etc. Home ownership, wheee!!",0,1,503,1,-14.7234885738835,"negative",NA
"at://did:plc:zwlj2d6nr2yun2poyvokffjy/app.bsky.feed.post/3mim6x2o7n22s","katzish.bsky.social","Amanda Katz","They also were at least starting with real American pain over being attacked on 9/11, which they then could try to bamboozle people had to do with Saddam Hussein--whereas now Americans are most upset by prices/inflation and armed goon takeover, neither of which are plausibly ameliorated by this war",4,39,66234,1,-13.1082831934789,"negative",2026-04-03 16:58:33.849
"at://did:plc:pcmzn3lb3n6vha766ajfsee6/app.bsky.feed.post/3mimoh566ws2f","democratswin.bsky.social","Democratic Activists","Inspection finds 49 violations of detention standards at largest US migrant detention camp

reut.rs/3OiR6zN",11,19,37650,1,0.332133835022615,"positive",2026-04-03 21:35:59.061
"at://did:plc:rmdhr7aud2o7k2qetykicjmf/app.bsky.feed.post/3mimwe6ha4s2g","eleveneleven11.bsky.social","Emporer Fink","Vote for candidates that don't enable corporate donors who lower wages, outsource jobs & gouge consumers that can't afford electric cars & pay energy monopolies that operate off of fossil fuels? Or we can all stop commuting further to find fewer jobs. The DNC appoints corruption, so stop blaming us.",0,0,124,1,-15.9721090455027,"negative",2026-04-03 23:57:29.06
"at://did:plc:et25dxqj7cou6inb4u4wlg4u/app.bsky.feed.post/3milzcmt5o22a","drmechano.bsky.social","Dr. Mechano","$18 still sounds crazy to me for even a burger/side/drink combo, much less a burger by itself.

Inflation will eventually make this post look quaint I'm sure, but we're not there yet.",0,2,293,1,-12.7573757175106,"negative",2026-04-03 15:17:37.555
"at://did:plc:t3n4spazjtqjkh57sq3brrhb/app.bsky.feed.post/3milzukfems2m","tonyventura.bsky.social","T-Man the D-Man","Not only is Trump's tariff and war infused inflation up, so is his stench.",0,2,26225,1,-6.93189630787692,"negative",2026-04-03 15:27:41.259
"at://did:plc:pgrfgldi3tlpkozcjmpkrsn6/app.bsky.feed.post/3mimr5lkbh22c","jolo1954.bsky.social","","Trump is a convicted criminal!! Don't forget it!! Can you believe that Americans voted for a this criminal & absolute MORON? Think back to Covid when over a million Americans died because of this fools' denial of the virus! Inflation was 9% under Trump then Biden came in & got it down to under 3%!",0,0,89,1,-28.8466718139259,"negative",2026-04-03 22:24:18.648
"at://did:plc:xeoi2hteorfff4psb7e7jc3q/app.bsky.feed.post/3mimlmgaxwk2e","wildpokerman.bsky.social","","The blistering 12% 2027 inflation that will get blamed on the Democrats.",0,0,81,1,-9.13303478453427,"negative",2026-04-03 20:45:15.051
"at://did:plc:tktyhvgeo3nqluw4wpdjzqgo/app.bsky.feed.post/3miloezftm22n","bencasselman.bsky.social","Ben Casselman","Job growth has slowed nearly to zero. But unemployment remains low because the labor force isn't growing either. So the labor market is ""balanced,"" but workers feel stuck.
Great @lydiadepillis.bsky.social story unpacking the implications of a no-growth labor market.
www.nytimes.com/2026/04/03/b...",28,158,65479,1,-20.7147245234364,"negative",2026-04-03 12:02:07.45
"at://did:plc:v7cmhuwa6fgwlg4jquloi67z/app.bsky.feed.post/3maj52zb6hc2h","alisonmitzy247.bsky.social","Alison in Canadaland","I can’t guarantee anything because I’m on console, but you need to make sure you’re placing it as a residential not a rental. I downloaded a couple months before I had the pack, and I had no issues other than items missing or being replaced.",0,2,237,1,-13.6372988052139,"negative",NA
"at://did:plc:6w6rw6s7dn5554bv4pznp46a/app.bsky.feed.post/3mim2jln3lfc2","nataliedavis.journa.host.ap.brid.gy","Natalie Davis","U.S. added 178,000 jobs in March, beat expectations https://www.upi.com/Top_News/US/2026/04/03/bls-march-2026-jobs-report-beats-expectations/1091775224119/",0,0,576,1,-1.91388090648304,"negative",2026-04-03 15:39:26.552
"at://did:plc:nd432jzc5nduvo2p3so7lfzg/app.bsky.feed.post/3mimfasfmlc27","ghiberti.bsky.social","Jason Edwards","And, in the UK at least, a 10-yr ""bonanza"" of house price inflation/equity release to paper over the cracks",1,0,281,1,-3.35674561909132,"negative",2026-04-03 18:51:21.449
"at://did:plc:3g5qmxcjrbk6hoo45zfdr7jd/app.bsky.feed.post/3mimir2hoyk2q","rebeltemple.bsky.social","REBELTEMPLE🌟","Powell issues a warning on U.S. debt news.harvard.edu/gazette/stor...
Current trends ‘not sustainable,’ says Fed chair, whose conversation with Harvard undergrads also touched on inflation, impact of war, independent decision-making",0,3,7167,1,-9.07587637069432,"negative",2026-04-03 19:54:10.453
"at://did:plc:ocpx3ndk2o7fmp3qxi3c4qv3/app.bsky.feed.post/3milejyxnlc2m","gazey.bsky.social",NA,"The Iran war is making everything more expensive for us, but some companies are cashing in. Don't think that's right? Sign the petition now demanding they are taxed more on their record profits to help us all with the cost of living. you.38degrees.org.uk/petitions/ra...",0,1,52,1,-50.5839688228109,"negative",2026-04-03 09:05:59.555
"at://did:plc:5gsjldkwl4ev6qhdcmemmqqw/app.bsky.feed.post/3mimrfsfklc2v","senorajauregui68.bsky.social","Marla Flores-Jauregui","Texas leads the nation in wind energy, so why are there no turbines offshore? www.motherjones.com/environment/...",0,0,3158,1,-2.55823792287355,"negative",2026-04-03 22:28:55.859
"at://did:plc:ouhvkmqlxe75bnadjzbkxxwc/app.bsky.feed.post/3mimgjtkkis22","gaffa.bsky.social","Chris Williams","Using the Constant Dollar Calculator at the Bureau of Labor Statistics, $1 in 1973 had the same buying power as $7.67 now. 

So roughly eight times. 

So yes inflation, but also they are ripping you off.

data.bls.gov/cgi-bin/cpic...",0,0,843,1,-12.4696936450589,"negative",2026-04-03 19:14:16.357
"at://did:plc:3ikxkmove4eckgtuisvuylkn/app.bsky.feed.post/3milfkkj6is2d","lyarocha1974.bsky.social","Lya rocha","Just watched a video about under population in western Countries 

And I somehow believe that robotics is going to make things worse because it creates the fear of unemployment and poverty so governments should install taxes on robotics to prioritize human labor and stimulate birth rate",0,0,239,1,-18.430969453948,"negative",2026-04-03 09:24:08.149
"at://did:plc:4sdlrs3pqhpkatc2qfoxilyf/app.bsky.feed.post/3mimr3i3alc2h","publicuniversal.bsky.social","Public Universal Fiend","Yea I guess this rubs me the wrong way because it’s basically drawing out the inevitable re: fossil fuel consumption and kinda validates the stupider “no take only throw“ political rhetoric around",0,1,2808,1,-7.44103984545992,"negative",2026-04-03 22:23:07.057
"at://did:plc:jq5z56q2piseqrpculjscvn2/app.bsky.feed.post/3mikvetyffs2d","raycsoutherncal.bsky.social","","Both parties? You smokin some good shit! Can you tell me which party legislated SSI, Medicare, Medicaid, Unemployment Ins. G I Bill, the ACA & continued to try & make them all better? Which party supported Unions which helped build the middle class. Which party cleaned up the Great Depression & /",0,0,3575,1,-13.7483573419864,"negative",2026-04-03 04:34:38.057
"at://did:plc:kfmtprx57c6exaye7q6shfyo/app.bsky.feed.post/3milunqmtlc24","telegonicwater.bsky.social","Telegonicwater","Follow up: “What does it say about you that you’re eating at places where the wait staff is apparently making more in wages and tax returns than the average American, while the average American has to decide between groceries and fuel, having already given up on healthcare?”",0,0,37,1,-16.1050844142218,"negative",2026-04-03 13:54:21.951
"at://did:plc:5cgvjgbpwcd4gwk5kz7hwpy5/app.bsky.feed.post/3mimpvwra2c2j","oneoneder.bsky.social","Sara Straw","Ehh, the left's participation in the immigration debate is pretty mixed. Bernie is hardly the only immigration restrictionist on the left.",0,0,5859,1,-0.884261489301879,"negative",2026-04-03 22:02:07.56
"at://did:plc:onrvoufileljcel7uejydmgi/app.bsky.feed.post/3milemgny3c2i","maranoagirl.bsky.social","Maranoa Girl","Howard: Of our modern crises, most are caused by his policies. Housing crisis? Guilty. Work insecurity? Guilty. Giving away gas? Guilty. Climate denial? Guilty. Rise of the far right? Guilty. America's lapdog in foreign relations? Guilty. Jingoistic tracksuits & flag-wrapping? Guilty & convicted.",17,59,6154,1,-15.259981944398,"negative",2026-04-03 09:07:18.754
"at://did:plc:3mc5jo2aldk6hfmfmvretg4y/app.bsky.feed.post/3milsjuif322h","jonbandit.bsky.social","OldManLefty","Employers added 178,000 new jobs last month, and the unemployment rate dipped to 4.3%.

Are the numbers accurate?

There was no way, with all of his troubles, that Trump would let bad numbers come out. These will be revised down next month, that seems to be the pattern..",2,15,18652,1,-20.8606784360595,"negative",2026-04-03 13:16:25.951
"at://did:plc:ctrsfzylbthymidawaafwklj/app.bsky.feed.post/3mikugm2dic2u","helashandproductions.com","Zoyya","I do not think the answer to the housing crisis is to build more housing faster and worse.

There are plenty of empty apartments. Let’s give those to people. Which would involve taking them first from the owners who aren’t using them. But that’s a line too far, apparently.",0,2,5011,1,-16.1405545936701,"negative",2026-04-03 04:17:42.254
"at://did:plc:65mgfx2oprkdjmautl2as73u/app.bsky.feed.post/3mim4i7rmgd2h","sweetwitch2697.bsky.social","SweetWitch2697🔮🎱🪄-MY OPINIONS ARE MY OWN BEASTLY CONCOCTIONS!","Affordability is a scam?! Please. Prices aren’t magically dropping — that’s not how inflation works, and Trump knows it. Real affordability means higher wages so families can survive higher prices. That’s the part The Nodfather refuses to say out loud. #TrumpsTariffsCostUS",2,5,49762,1,-19.5189484863147,"negative",2026-04-03 16:14:26.952
"at://did:plc:llyib2qojznvswvelaiakjfp/app.bsky.feed.post/3mim4apobm22s","market-ocean-en.bsky.social","marketocean - EN - BETA VERSION","further could deepen the slowdown, while easing could entrench inflation above target. The trade-off extends across the Atlantic. European exporters with significant U.S. revenue exposure may face softer demand just as the ECB navigates its own rate path.",0,0,1316,1,-8.10341536735311,"negative",2026-04-03 16:10:14.158
"at://did:plc:kkergqgbhb56ptpwj2wenkje/app.bsky.feed.post/3migatxe6k62r","socpaperbot.bsky.social","Sociology papers (journals + SocArXiv)","How Initial Accommodation Shapes Refugee Integration: Quasi-Experimental Evidence from the Ukrainian Displacement Crisis in Denmark Sudden displacement crises require rapid expansion of refugee accommodation, yet little is known about how different types of initial housing affect
 #sociology link",0,0,939,1,-24.3097660660663,"negative",2026-04-01 08:16:36.25
"at://did:plc:mp5v4vmsegoufvlgeiwa4ydk/app.bsky.feed.post/3miml6tcuzk25","foxbarlad.bsky.social","Cogito, ergo sum   🏴󠁧󠁢󠁳󠁣󠁴󠁿 🇵🇸 🇪🇺 🇺🇦","LOL, laughable. Groceries are up, inflation is up, new jobs are down, Gas prices are up, homelessness is up, Trumps approval ratings are below the water line. 
😂😂😂😂😂😂",0,0,1140,1,-11.5815737901514,"negative",2026-04-03 20:37:37.752
"at://did:plc:vhtdipk22mle3gfhsklhpdej/app.bsky.feed.post/3mimrwfef4r25","cubanx.bsky.social","CubanX","#Trump #TrumpWars #TrumpEconomy #TrumpEpsteinFiles #TrumpEpsteinCoverup #IranWar #ThisIsWhatYouVotedFor #MAGA #Fascism #NoKings #LetsGoTACO #Unemployment #gasprices #CostOfLiving
#democracy #usa #gop #fascists

👉 Vote 'em Out!
",0,0,581,1,-9.55870259995995,"negative",2026-04-03 22:38:10.363
"at://did:plc:jzjhu672veifvnae33gunnf3/app.bsky.feed.post/3migsxse2ds27","fagankara.bsky.social","Kara Fagan 🇨🇦 Liberal","Mexicans welcome here. Immigrants are welcome- or will once again be welcomed when we correct the housing and infrastructure crisis. Americans, no. You guys have the special relationship- invite them.",0,2,16334,1,-13.5558834137284,"negative",2026-04-01 13:40:52.856
"at://did:plc:wbs2xhl4sccclarl7nuguuyb/app.bsky.feed.post/3mieopub6us2d","roxxiemoth.bsky.social","Roxxie Moth, Yiff Lord 🐾","If I think about this supreme court thing for too long I'n going to have another trauma-induced mental breakdown, which is the last thing I need when I'm potentially hours away from a major housing crisis.",0,0,2415,1,-11.9508998516437,"negative",2026-03-31 17:19:31.859
"at://did:plc:whkrrahr3qb45zsui7giyjxh/app.bsky.feed.post/3milrr3i7xk23","prestonmui.bsky.social","Preston Mui","Even then, the peak youth unemployment rate this cycle was similar to mid-2010s (and is now more like 2017-18ish).",0,0,5658,1,-5.82103298167659,"negative",2026-04-03 13:02:33.061
"at://did:plc:l662ydelsvxioq3cbuyiakr4/app.bsky.feed.post/3mimtjffnmk26","kenmurrayx4.bsky.social","",".. 18 U.S.C. § 201 (federal bribery law) — prohibits giving anything of value to influence an official act.

This applies to:

Individuals
Corporations
Nonprofits
Political organizations""",0,0,1715,1,-9.11501627903159,"negative",2026-04-03 23:06:41.981
"at://did:plc:vhfnzqmjggqogynlwv6rbec5/app.bsky.feed.post/3mimnjna47k2j","barbh-ab.bsky.social","Barb Hymanyk","“ … they are not asking the billionaires to sacrifice their capital gains; they are asking the working class to sacrifice their public services, their wages, and their time.“
Here’s a better way forward. 
#canpoli #abpoli #democracy",1,2,302,1,-11.8047173414656,"negative",2026-04-03 21:19:28.556
"at://did:plc:kkergqgbhb56ptpwj2wenkje/app.bsky.feed.post/3milplefw4d2q","socpaperbot.bsky.social","Sociology papers (journals + SocArXiv)","How Initial Accommodation Shapes Refugee Integration: Quasi-Experimental Evidence from the Ukrainian Displacement Crisis in Denmark Sudden displacement crises require rapid expansion of refugee accommodation, yet little is known about how different types of initial housing affect
 #sociology link",0,0,939,1,-24.3097660660663,"negative",2026-04-03 12:23:32.752
"at://did:plc:ncgbf3r75fomh3lenvzyb42w/app.bsky.feed.post/3mimndfyerk2x","skippyoz.bsky.social","skippyoz","ICE using slimy, lowlife tactics....

Half of those arrested by federal agents in Minnesota this winter have already been deported www.mprnews.org/story/2026/0...",2,5,14830,1,-7.3457296656556,"negative",2026-04-03 21:16:05.157
"at://did:plc:nng7hkzber4pmfctfqprbx7o/app.bsky.feed.post/3mimrpzdjrs2a","americanwayinit.bsky.social","The American Way Initiative","18) Personhood is a constitutional right. It does not depend on sex, gender, sexuality, race, ethnicity, religion, disability, age, immigration status, or any other inherent or personal characteristic.",0,0,5963,1,-6.6012891907081,"negative",2026-04-03 22:34:37.256
"at://did:plc:ssnkcgauksgmq55wzmfenwco/app.bsky.feed.post/3mimlticnhs2j","brownsvillain.bsky.social","Brownsvillain","“Our immigration system is far from perfect & has been regarded by many as broken since before Trump took office. However, the American people have consistently shown in polls that they think the Dreamers should be allowed to stay here & either legalize their status or get on a path to citizenship.”",0,0,532,1,-18.6052585361406,"negative",2026-04-03 20:49:14.207
